2026-06-04 00:00:01 [INF] HTTP GET /api/notifications responded 200 in 10.9578 ms
2026-06-04 00:00:05 [INF] HTTP GET /api/notifications responded 200 in 7.6049 ms
2026-06-04 00:00:12 [INF] HTTP GET /api/notifications responded 200 in 10.4641 ms
2026-06-04 00:00:22 [INF] HTTP GET /api/notifications responded 200 in 10.1393 ms
2026-06-04 00:00:31 [INF] HTTP GET /api/notifications responded 200 in 15.6016 ms
2026-06-04 00:00:36 [INF] HTTP GET /api/notifications responded 200 in 9.7582 ms
2026-06-04 00:00:43 [INF] HTTP GET /api/notifications responded 200 in 9.8096 ms
2026-06-04 00:00:52 [INF] HTTP GET /api/notifications responded 200 in 10.1291 ms
2026-06-04 00:01:01 [INF] HTTP GET /api/notifications responded 200 in 9.6046 ms
2026-06-04 00:01:07 [INF] HTTP GET /api/notifications responded 200 in 4.4772 ms
2026-06-04 00:01:14 [INF] HTTP GET /api/notifications responded 200 in 4.4885 ms
2026-06-04 00:01:22 [INF] HTTP GET /api/notifications responded 200 in 8.1045 ms
2026-06-04 00:01:31 [INF] HTTP GET /api/notifications responded 200 in 9.2979 ms
2026-06-04 00:01:38 [INF] HTTP GET /api/notifications responded 200 in 6.2579 ms
2026-06-04 00:01:45 [INF] HTTP GET /api/notifications responded 200 in 4.0243 ms
2026-06-04 00:01:52 [INF] HTTP GET /api/notifications responded 200 in 9.2009 ms
2026-06-04 00:02:01 [INF] HTTP GET /api/notifications responded 200 in 3.5899 ms
2026-06-04 00:02:09 [INF] HTTP GET /api/notifications responded 200 in 4.9267 ms
2026-06-04 00:02:16 [INF] HTTP GET /api/notifications responded 200 in 13.5270 ms
2026-06-04 00:02:22 [INF] HTTP GET /api/notifications responded 200 in 10.5614 ms
2026-06-04 00:02:31 [INF] HTTP GET /api/notifications responded 200 in 9.0655 ms
2026-06-04 00:02:40 [INF] HTTP GET /api/notifications responded 200 in 5.9418 ms
2026-06-04 00:02:47 [INF] HTTP GET /api/notifications responded 200 in 10.3244 ms
2026-06-04 00:02:52 [INF] HTTP GET /api/notifications responded 200 in 4.0833 ms
2026-06-04 00:03:01 [INF] HTTP GET /api/notifications responded 200 in 5.9794 ms
2026-06-04 00:03:11 [INF] HTTP GET /api/notifications responded 200 in 3.8648 ms
2026-06-04 00:03:18 [INF] HTTP GET /api/notifications responded 200 in 7.1745 ms
2026-06-04 00:03:22 [INF] HTTP GET /api/notifications responded 200 in 7.5291 ms
2026-06-04 00:03:31 [INF] HTTP GET /api/notifications responded 200 in 9.5805 ms
2026-06-04 00:03:42 [INF] HTTP GET /api/notifications responded 200 in 9.7236 ms
2026-06-04 00:03:49 [INF] HTTP GET /api/notifications responded 200 in 4.4970 ms
2026-06-04 00:03:52 [INF] HTTP GET /api/notifications responded 200 in 10.1039 ms
2026-06-04 00:04:01 [INF] HTTP GET /api/notifications responded 200 in 11.5330 ms
2026-06-04 00:04:12 [INF] HTTP GET /api/notifications responded 200 in 11.3317 ms
2026-06-04 00:04:19 [INF] HTTP GET /api/notifications responded 200 in 4.9891 ms
2026-06-04 00:04:22 [INF] HTTP GET /api/notifications responded 200 in 10.3550 ms
2026-06-04 00:04:31 [INF] HTTP GET /api/notifications responded 200 in 9.7825 ms
2026-06-04 00:04:42 [INF] HTTP GET /api/notifications responded 200 in 17.6688 ms
2026-06-04 00:04:49 [INF] HTTP GET /api/notifications responded 200 in 8.5931 ms
2026-06-04 00:04:52 [INF] HTTP GET /api/notifications responded 200 in 9.3111 ms
2026-06-04 00:05:01 [INF] HTTP GET /api/notifications responded 200 in 7.0675 ms
2026-06-04 00:05:13 [INF] HTTP GET /api/notifications responded 200 in 9.8397 ms
2026-06-04 00:05:20 [INF] HTTP GET /api/notifications responded 200 in 4.6260 ms
2026-06-04 00:05:22 [INF] HTTP GET /api/notifications responded 200 in 5.0023 ms
2026-06-04 00:05:31 [INF] HTTP GET /api/notifications responded 200 in 9.9852 ms
2026-06-04 00:05:44 [INF] HTTP GET /api/notifications responded 200 in 10.0140 ms
2026-06-04 00:05:51 [INF] HTTP GET /api/notifications responded 200 in 7.6567 ms
2026-06-04 00:05:52 [INF] HTTP GET /api/notifications responded 200 in 8.4532 ms
2026-06-04 00:06:01 [INF] HTTP GET /api/notifications responded 200 in 10.4751 ms
2026-06-04 00:06:15 [INF] HTTP GET /api/notifications responded 200 in 6.1276 ms
2026-06-04 00:06:22 [INF] HTTP GET /api/notifications responded 200 in 10.2457 ms
2026-06-04 00:06:22 [INF] HTTP GET /api/notifications responded 200 in 8.3845 ms
2026-06-04 00:06:31 [INF] HTTP GET /api/notifications responded 200 in 5.5363 ms
2026-06-04 00:06:46 [INF] HTTP GET /api/notifications responded 200 in 4.9420 ms
2026-06-04 00:06:52 [INF] HTTP GET /api/notifications responded 200 in 9.9875 ms
2026-06-04 00:06:53 [INF] HTTP GET /api/notifications responded 200 in 8.5064 ms
2026-06-04 00:07:01 [INF] HTTP GET /api/notifications responded 200 in 10.4335 ms
2026-06-04 00:07:17 [INF] HTTP GET /api/notifications responded 200 in 10.2667 ms
2026-06-04 00:07:22 [INF] HTTP GET /api/notifications responded 200 in 4.1246 ms
2026-06-04 00:07:24 [INF] HTTP GET /api/notifications responded 200 in 7.3633 ms
2026-06-04 00:07:31 [INF] HTTP GET /api/notifications responded 200 in 4.0170 ms
2026-06-04 00:07:48 [INF] HTTP GET /api/notifications responded 200 in 10.2428 ms
2026-06-04 00:07:52 [INF] HTTP GET /api/notifications responded 200 in 10.5648 ms
2026-06-04 00:07:55 [INF] HTTP GET /api/notifications responded 200 in 10.4929 ms
2026-06-04 00:08:01 [INF] HTTP GET /api/notifications responded 200 in 9.6534 ms
2026-06-04 00:08:19 [INF] HTTP GET /api/notifications responded 200 in 12.3783 ms
2026-06-04 00:08:22 [INF] HTTP GET /api/notifications responded 200 in 5.0649 ms
2026-06-04 00:08:26 [INF] HTTP GET /api/notifications responded 200 in 4.1513 ms
2026-06-04 00:08:31 [INF] HTTP GET /api/notifications responded 200 in 8.0096 ms
2026-06-04 00:08:50 [INF] HTTP GET /api/notifications responded 200 in 10.3749 ms
2026-06-04 00:08:52 [INF] HTTP GET /api/notifications responded 200 in 11.3798 ms
2026-06-04 00:08:57 [INF] HTTP GET /api/notifications responded 200 in 9.7399 ms
2026-06-04 00:09:01 [INF] HTTP GET /api/notifications responded 200 in 9.7760 ms
2026-06-04 00:09:21 [INF] HTTP GET /api/notifications responded 200 in 37.6510 ms
2026-06-04 00:09:22 [INF] HTTP GET /api/notifications responded 200 in 11.1128 ms
2026-06-04 00:09:28 [INF] HTTP GET /api/notifications responded 200 in 7.5248 ms
2026-06-04 00:09:31 [INF] HTTP GET /api/notifications responded 200 in 5.5066 ms
2026-06-04 00:09:52 [INF] HTTP GET /api/notifications responded 200 in 36.9815 ms
2026-06-04 00:09:52 [INF] HTTP GET /api/notifications responded 200 in 9.5054 ms
2026-06-04 00:09:59 [INF] HTTP GET /api/notifications responded 200 in 6.7458 ms
2026-06-04 00:10:01 [INF] HTTP GET /api/notifications responded 200 in 9.4228 ms
2026-06-04 00:10:22 [INF] HTTP GET /api/notifications responded 200 in 3.5682 ms
2026-06-04 00:10:23 [INF] HTTP GET /api/notifications responded 200 in 4.2645 ms
2026-06-04 00:10:30 [INF] HTTP GET /api/notifications responded 200 in 9.6453 ms
2026-06-04 00:10:31 [INF] HTTP GET /api/notifications responded 200 in 5.6184 ms
2026-06-04 00:10:52 [INF] HTTP GET /api/notifications responded 200 in 3.7808 ms
2026-06-04 00:10:54 [INF] HTTP GET /api/notifications responded 200 in 10.1676 ms
2026-06-04 00:11:01 [INF] HTTP GET /api/notifications responded 200 in 4.0313 ms
2026-06-04 00:11:01 [INF] HTTP GET /api/notifications responded 200 in 4.2143 ms
2026-06-04 00:11:22 [INF] HTTP GET /api/notifications responded 200 in 4.0342 ms
2026-06-04 00:11:25 [INF] HTTP GET /api/notifications responded 200 in 5.5498 ms
2026-06-04 00:11:31 [INF] HTTP GET /api/notifications responded 200 in 2.8848 ms
2026-06-04 00:11:32 [INF] HTTP GET /api/notifications responded 200 in 4.5408 ms
2026-06-04 00:11:52 [INF] HTTP GET /api/notifications responded 200 in 7.1615 ms
2026-06-04 00:11:56 [INF] HTTP GET /api/notifications responded 200 in 5.0968 ms
2026-06-04 00:12:01 [INF] HTTP GET /api/notifications responded 200 in 4.6585 ms
2026-06-04 00:12:03 [INF] HTTP GET /api/notifications responded 200 in 3.5731 ms
2026-06-04 00:12:22 [INF] HTTP GET /api/notifications responded 200 in 9.4313 ms
2026-06-04 00:12:27 [INF] HTTP GET /api/notifications responded 200 in 5.9341 ms
2026-06-04 00:12:31 [INF] HTTP GET /api/notifications responded 200 in 5.7500 ms
2026-06-04 00:12:34 [INF] HTTP GET /api/notifications responded 200 in 9.6187 ms
2026-06-04 00:12:52 [INF] HTTP GET /api/notifications responded 200 in 10.2336 ms
2026-06-04 00:12:58 [INF] HTTP GET /api/notifications responded 200 in 10.4367 ms
2026-06-04 00:13:01 [INF] HTTP GET /api/notifications responded 200 in 9.7871 ms
2026-06-04 00:13:05 [INF] HTTP GET /api/notifications responded 200 in 9.3588 ms
2026-06-04 00:13:22 [INF] HTTP GET /api/notifications responded 200 in 15.9826 ms
2026-06-04 00:13:29 [INF] HTTP GET /api/notifications responded 200 in 10.4287 ms
2026-06-04 00:13:31 [INF] HTTP GET /api/notifications responded 200 in 8.1635 ms
2026-06-04 00:13:36 [INF] HTTP GET /api/notifications responded 200 in 9.6803 ms
2026-06-04 00:13:52 [INF] HTTP GET /api/notifications responded 200 in 9.6822 ms
2026-06-04 00:14:00 [INF] HTTP GET /api/notifications responded 200 in 40.4296 ms
2026-06-04 00:14:01 [INF] HTTP GET /api/notifications responded 200 in 8.9146 ms
2026-06-04 00:14:07 [INF] HTTP GET /api/notifications responded 200 in 9.9519 ms
2026-06-04 00:14:22 [INF] HTTP GET /api/notifications responded 200 in 4.0129 ms
2026-06-04 00:14:31 [INF] HTTP GET /api/notifications responded 200 in 3.7693 ms
2026-06-04 00:14:31 [INF] HTTP GET /api/notifications responded 200 in 4.5495 ms
2026-06-04 00:14:38 [INF] HTTP GET /api/notifications responded 200 in 4.8981 ms
2026-06-04 00:14:52 [INF] HTTP GET /api/notifications responded 200 in 10.2967 ms
2026-06-04 00:15:01 [INF] HTTP GET /api/notifications responded 200 in 5.6994 ms
2026-06-04 00:15:02 [INF] HTTP GET /api/notifications responded 200 in 9.7023 ms
2026-06-04 00:15:09 [INF] HTTP GET /api/notifications responded 200 in 10.3005 ms
2026-06-04 00:15:22 [INF] HTTP GET /api/notifications responded 200 in 3.5943 ms
2026-06-04 00:15:31 [INF] HTTP GET /api/notifications responded 200 in 4.1434 ms
2026-06-04 00:15:33 [INF] HTTP GET /api/notifications responded 200 in 4.2610 ms
2026-06-04 00:15:40 [INF] HTTP GET /api/notifications responded 200 in 9.7943 ms
2026-06-04 00:15:52 [INF] HTTP GET /api/notifications responded 200 in 9.7782 ms
2026-06-04 00:16:01 [INF] HTTP GET /api/notifications responded 200 in 7.9921 ms
2026-06-04 00:16:04 [INF] HTTP GET /api/notifications responded 200 in 10.1504 ms
2026-06-04 00:16:11 [INF] HTTP GET /api/notifications responded 200 in 8.5361 ms
2026-06-04 00:16:22 [INF] HTTP GET /api/notifications responded 200 in 11.6815 ms
2026-06-04 00:16:31 [INF] HTTP GET /api/notifications responded 200 in 10.0804 ms
2026-06-04 00:16:35 [INF] HTTP GET /api/notifications responded 401 in 20.4228 ms
2026-06-04 00:16:52 [INF] HTTP GET /api/notifications responded 200 in 7.3104 ms
2026-06-04 00:17:01 [INF] HTTP GET /api/notifications responded 200 in 9.1993 ms
2026-06-04 00:17:22 [INF] HTTP GET /api/notifications responded 200 in 9.9657 ms
2026-06-04 00:17:31 [INF] HTTP GET /api/notifications responded 200 in 9.3486 ms
2026-06-04 00:17:52 [INF] HTTP GET /api/notifications responded 200 in 9.5311 ms
2026-06-04 00:18:01 [INF] HTTP GET /api/notifications responded 200 in 6.2247 ms
2026-06-04 00:18:22 [INF] HTTP GET /api/notifications responded 200 in 10.9628 ms
2026-06-04 00:18:31 [INF] HTTP GET /api/notifications responded 200 in 12.9370 ms
2026-06-04 00:18:52 [INF] HTTP GET /api/notifications responded 200 in 33.1043 ms
2026-06-04 00:19:01 [INF] HTTP GET /api/notifications responded 200 in 9.7751 ms
2026-06-04 00:19:22 [INF] HTTP GET /api/notifications responded 200 in 3.5267 ms
2026-06-04 00:19:31 [INF] HTTP GET /api/notifications responded 200 in 9.2010 ms
2026-06-04 00:19:52 [INF] HTTP GET /api/notifications responded 200 in 12.3516 ms
2026-06-04 00:20:01 [INF] HTTP GET /api/notifications responded 200 in 9.1512 ms
2026-06-04 00:20:22 [INF] HTTP GET /api/notifications responded 200 in 10.0175 ms
2026-06-04 00:20:31 [INF] HTTP GET /api/notifications responded 200 in 9.1972 ms
2026-06-04 00:20:52 [INF] HTTP GET /api/notifications responded 200 in 9.5872 ms
2026-06-04 00:21:01 [INF] HTTP GET /api/notifications responded 200 in 9.2318 ms
2026-06-04 00:21:22 [INF] HTTP GET /api/notifications responded 200 in 5.8825 ms
2026-06-04 00:21:31 [INF] HTTP GET /api/notifications responded 200 in 9.7543 ms
2026-06-04 00:21:52 [INF] HTTP GET /api/notifications responded 200 in 10.4008 ms
2026-06-04 00:22:01 [INF] HTTP GET /api/notifications responded 200 in 9.6122 ms
2026-06-04 00:22:22 [INF] HTTP GET /api/notifications responded 200 in 37.9711 ms
2026-06-04 00:22:31 [INF] HTTP GET /api/notifications responded 200 in 8.4560 ms
2026-06-04 00:22:52 [INF] HTTP GET /api/notifications responded 200 in 8.9546 ms
2026-06-04 00:23:01 [INF] HTTP GET /api/notifications responded 200 in 9.4712 ms
2026-06-04 00:23:22 [INF] HTTP GET /api/notifications responded 200 in 10.1188 ms
2026-06-04 00:23:31 [INF] HTTP GET /api/notifications responded 200 in 4.1108 ms
2026-06-04 00:23:52 [INF] HTTP GET /api/notifications responded 200 in 14.0398 ms
2026-06-04 00:24:01 [INF] HTTP GET /api/notifications responded 200 in 9.7680 ms
2026-06-04 00:24:27 [INF] Now listening on: http://0.0.0.0:5111
2026-06-04 00:24:27 [INF] Application started. Press Ctrl+C to shut down.
2026-06-04 00:24:27 [INF] Hosting environment: Development
2026-06-04 00:24:27 [INF] Content root path: /Users/brian/RiderProjects/BookingSystem/BookingSystem
2026-06-04 00:24:32 [INF] HTTP GET /api/notifications responded 200 in 1380.6254 ms
2026-06-04 00:24:52 [INF] HTTP GET /api/notifications responded 200 in 54.3300 ms
2026-06-04 00:25:01 [INF] HTTP GET /api/notifications responded 200 in 31.2660 ms
2026-06-04 00:25:22 [INF] HTTP GET /api/notifications responded 200 in 11.1409 ms
2026-06-04 00:25:31 [INF] HTTP GET /api/notifications responded 200 in 10.4955 ms
2026-06-04 00:25:52 [INF] HTTP GET /api/notifications responded 200 in 16.0298 ms
2026-06-04 00:26:01 [INF] HTTP GET /api/notifications responded 200 in 10.1630 ms
2026-06-04 00:26:22 [INF] HTTP GET /api/notifications responded 200 in 34.9086 ms
2026-06-04 00:26:31 [INF] HTTP GET /api/notifications responded 200 in 10.8239 ms
2026-06-04 00:26:52 [INF] HTTP GET /api/notifications responded 200 in 6.4058 ms
2026-06-04 00:27:01 [INF] HTTP GET /api/notifications responded 200 in 10.3903 ms
2026-06-04 00:27:22 [INF] HTTP GET /api/notifications responded 200 in 13.8492 ms
2026-06-04 00:27:31 [INF] HTTP GET /api/notifications responded 200 in 10.5059 ms
2026-06-04 00:27:52 [INF] HTTP GET /api/notifications responded 200 in 8.3948 ms
2026-06-04 00:28:01 [INF] HTTP GET /api/notifications responded 200 in 9.3099 ms
2026-06-04 00:28:22 [INF] HTTP GET /api/notifications responded 200 in 7.7570 ms
2026-06-04 00:28:31 [INF] HTTP GET /api/notifications responded 200 in 10.1268 ms
2026-06-04 00:28:52 [INF] HTTP GET /api/notifications responded 200 in 34.7853 ms
2026-06-04 00:29:01 [INF] HTTP GET /api/notifications responded 200 in 8.8893 ms
2026-06-04 00:29:22 [INF] HTTP GET /api/notifications responded 200 in 34.2494 ms
2026-06-04 00:29:31 [INF] HTTP GET /api/notifications responded 200 in 16.1803 ms
2026-06-04 00:29:52 [INF] HTTP GET /api/notifications responded 200 in 11.2381 ms
2026-06-04 00:30:01 [INF] HTTP GET /api/notifications responded 200 in 9.9931 ms
2026-06-04 00:30:21 [INF] HTTP GET /api/notifications responded 200 in 57.0427 ms
2026-06-04 00:30:21 [INF] HTTP GET /api/notifications responded 200 in 126.2104 ms
2026-06-04 00:30:21 [INF] HTTP GET /api/patient/specializations responded 200 in 194.8433 ms
2026-06-04 00:30:21 [INF] HTTP GET /api/receptionist/patients responded 200 in 214.6986 ms
2026-06-04 00:30:21 [INF] HTTP GET /api/patient/doctors responded 200 in 257.8455 ms
2026-06-04 00:30:51 [INF] HTTP GET /api/notifications responded 200 in 249.5200 ms
2026-06-04 00:30:51 [INF] HTTP GET /api/receptionist/patients responded 200 in 324.3583 ms
2026-06-04 00:30:51 [INF] HTTP GET /api/notifications responded 200 in 355.0723 ms
2026-06-04 00:30:51 [INF] HTTP GET /api/patient/specializations responded 200 in 291.0746 ms
2026-06-04 00:30:51 [INF] HTTP GET /api/patient/doctors responded 200 in 248.9360 ms
2026-06-04 00:31:02 [INF] HTTP GET /api/notifications responded 200 in 11.4365 ms
2026-06-04 00:31:02 [INF] HTTP GET /api/receptionist/patients responded 200 in 25.9365 ms
2026-06-04 00:31:02 [INF] HTTP GET /api/notifications responded 200 in 62.2227 ms
2026-06-04 00:31:02 [INF] HTTP GET /api/patient/specializations responded 200 in 62.2897 ms
2026-06-04 00:31:02 [INF] HTTP GET /api/patient/doctors responded 200 in 66.7435 ms
2026-06-04 00:31:32 [INF] HTTP GET /api/notifications responded 200 in 39.5460 ms
2026-06-04 00:31:32 [INF] HTTP GET /api/notifications responded 200 in 8.5402 ms
2026-06-04 00:32:02 [INF] HTTP GET /api/notifications responded 200 in 24.5332 ms
2026-06-04 00:32:02 [INF] HTTP GET /api/notifications responded 200 in 24.5326 ms
2026-06-04 00:32:07 [INF] HTTP GET /api/notifications responded 200 in 59.1147 ms
2026-06-04 00:32:07 [INF] HTTP GET /api/notifications responded 200 in 130.2135 ms
2026-06-04 00:32:07 [INF] HTTP GET /api/patient/specializations responded 200 in 130.6021 ms
2026-06-04 00:32:07 [INF] HTTP GET /api/receptionist/patients responded 200 in 147.4675 ms
2026-06-04 00:32:07 [INF] HTTP GET /api/patient/doctors responded 200 in 196.9287 ms
2026-06-04 00:32:37 [INF] HTTP GET /api/notifications responded 200 in 15.6889 ms
2026-06-04 00:32:37 [INF] HTTP GET /api/notifications responded 200 in 17.0995 ms
2026-06-04 00:33:02 [INF] HTTP GET /api/patient/specializations responded 200 in 58.7222 ms
2026-06-04 00:33:02 [INF] HTTP GET /api/notifications responded 200 in 59.5979 ms
2026-06-04 00:33:02 [INF] HTTP GET /api/notifications responded 200 in 60.5670 ms
2026-06-04 00:33:02 [INF] HTTP GET /api/receptionist/patients responded 200 in 65.8882 ms
2026-06-04 00:33:02 [INF] HTTP GET /api/patient/doctors responded 200 in 151.8870 ms
2026-06-04 00:33:12 [INF] HTTP GET /api/notifications responded 200 in 69.0279 ms
2026-06-04 00:33:12 [INF] HTTP GET /api/patient/specializations responded 200 in 70.4541 ms
2026-06-04 00:33:12 [INF] HTTP GET /api/notifications responded 200 in 70.5724 ms
2026-06-04 00:33:12 [INF] HTTP GET /api/patient/doctors responded 200 in 72.2179 ms
2026-06-04 00:33:12 [INF] HTTP GET /api/receptionist/patients responded 200 in 74.1155 ms
2026-06-04 00:33:23 [INF] HTTP GET /api/notifications responded 200 in 14.7302 ms
2026-06-04 00:33:23 [INF] HTTP GET /api/notifications responded 200 in 16.7550 ms
2026-06-04 00:33:23 [INF] HTTP GET /api/receptionist/patients responded 200 in 26.1618 ms
2026-06-04 00:33:23 [INF] HTTP GET /api/patient/doctors responded 200 in 24.7377 ms
2026-06-04 00:33:23 [INF] HTTP GET /api/patient/specializations responded 200 in 24.8200 ms
2026-06-04 00:33:40 [INF] HTTP GET /api/patient/specializations responded 200 in 108.4157 ms
2026-06-04 00:33:40 [INF] HTTP GET /api/notifications responded 200 in 159.7870 ms
2026-06-04 00:33:40 [INF] HTTP GET /api/notifications responded 200 in 192.8917 ms
2026-06-04 00:33:40 [INF] HTTP GET /api/receptionist/patients responded 200 in 193.7341 ms
2026-06-04 00:33:40 [INF] HTTP GET /api/patient/doctors responded 200 in 197.6137 ms
2026-06-04 00:34:10 [INF] HTTP GET /api/notifications responded 200 in 77.7954 ms
2026-06-04 00:34:10 [INF] HTTP GET /api/notifications responded 200 in 77.7883 ms
2026-06-04 00:34:40 [INF] HTTP GET /api/notifications responded 200 in 11.8161 ms
2026-06-04 00:34:40 [INF] HTTP GET /api/notifications responded 200 in 61.8149 ms
2026-06-04 00:34:40 [INF] HTTP GET /api/notifications responded 200 in 9.0028 ms
2026-06-04 00:34:40 [INF] HTTP GET /api/patient/specializations responded 200 in 8.8649 ms
2026-06-04 00:34:40 [INF] HTTP GET /api/receptionist/patients responded 200 in 43.1125 ms
2026-06-04 00:34:40 [INF] HTTP GET /api/patient/doctors responded 200 in 12.7077 ms
2026-06-04 00:34:57 [INF] HTTP GET /api/notifications responded 200 in 18.8854 ms
2026-06-04 00:34:57 [INF] HTTP GET /api/notifications responded 200 in 13.6718 ms
2026-06-04 00:34:57 [INF] HTTP GET /api/patient/specializations responded 200 in 18.3699 ms
2026-06-04 00:34:57 [INF] HTTP GET /api/receptionist/patients responded 200 in 28.4428 ms
2026-06-04 00:34:57 [INF] HTTP GET /api/patient/doctors responded 200 in 24.7105 ms
2026-06-04 00:35:02 [INF] HTTP GET /api/admin/doctors responded 401 in 35.4123 ms
2026-06-04 00:35:02 [INF] HTTP GET /api/admin/appointments responded 401 in 31.8620 ms
2026-06-04 00:35:02 [INF] HTTP GET /api/doctor/appointments responded 401 in 32.4363 ms
2026-06-04 00:35:02 [INF] HTTP GET /api/doctor/appointments responded 401 in 1.3867 ms
2026-06-04 00:35:02 [INF] HTTP GET /api/admin/appointments responded 401 in 0.7948 ms
2026-06-04 00:35:02 [INF] HTTP GET /api/admin/doctors responded 401 in 2.5883 ms
2026-06-04 00:35:02 [INF] HTTP GET /api/admin/appointments responded 401 in 0.4572 ms
2026-06-04 00:35:02 [INF] HTTP GET /api/admin/doctors responded 401 in 0.1599 ms
2026-06-04 00:35:02 [INF] HTTP GET /api/doctor/appointments responded 401 in 0.7101 ms
2026-06-04 00:35:02 [INF] HTTP GET /api/doctor/appointments responded 401 in 0.4719 ms
2026-06-04 00:35:02 [INF] HTTP GET /api/admin/appointments responded 401 in 0.1172 ms
2026-06-04 00:35:02 [INF] HTTP GET /api/admin/doctors responded 401 in 0.1343 ms
2026-06-04 00:35:02 [INF] HTTP GET /api/admin/appointments responded 401 in 0.2093 ms
2026-06-04 00:35:02 [INF] HTTP GET /api/doctor/appointments responded 401 in 0.3013 ms
2026-06-04 00:35:02 [INF] HTTP GET /api/admin/doctors responded 401 in 0.7773 ms
2026-06-04 00:35:28 [INF] HTTP GET /api/notifications responded 200 in 37.1113 ms
2026-06-04 00:35:58 [INF] HTTP GET /api/notifications responded 200 in 27.3291 ms
2026-06-04 00:36:28 [INF] HTTP GET /api/notifications responded 200 in 38.1280 ms
2026-06-04 00:36:41 [INF] HTTP GET /api/notifications responded 200 in 14.0523 ms
2026-06-04 00:36:41 [INF] HTTP GET /api/receptionist/patients responded 200 in 15.9176 ms
2026-06-04 00:36:42 [INF] HTTP GET /api/notifications responded 200 in 52.9471 ms
2026-06-04 00:36:42 [INF] HTTP GET /api/patient/specializations responded 200 in 53.7052 ms
2026-06-04 00:36:42 [INF] HTTP GET /api/patient/doctors responded 200 in 57.5084 ms
2026-06-04 00:36:51 [INF] HTTP GET /api/notifications responded 200 in 7.3682 ms
2026-06-04 00:36:51 [INF] HTTP GET /api/receptionist/patients responded 200 in 14.9570 ms
2026-06-04 00:36:51 [INF] HTTP GET /api/notifications responded 200 in 30.1930 ms
2026-06-04 00:36:51 [INF] HTTP GET /api/patient/specializations responded 200 in 30.3373 ms
2026-06-04 00:36:51 [INF] HTTP GET /api/patient/doctors responded 200 in 34.1883 ms
2026-06-04 00:37:01 [INF] HTTP GET /api/notifications responded 200 in 34.4280 ms
2026-06-04 00:37:01 [INF] HTTP GET /api/patient/specializations responded 200 in 59.1384 ms
2026-06-04 00:37:01 [INF] HTTP GET /api/notifications responded 200 in 57.5170 ms
2026-06-04 00:37:01 [INF] HTTP GET /api/patient/doctors responded 200 in 63.0091 ms
2026-06-04 00:37:01 [INF] HTTP GET /api/receptionist/patients responded 200 in 63.9123 ms
2026-06-04 00:37:18 [INF] HTTP GET /api/notifications responded 200 in 20.3274 ms
2026-06-04 00:37:18 [INF] HTTP GET /api/receptionist/patients responded 200 in 25.6064 ms
2026-06-04 00:37:18 [INF] HTTP GET /api/notifications responded 200 in 40.5340 ms
2026-06-04 00:37:18 [INF] HTTP GET /api/patient/specializations responded 200 in 44.8446 ms
2026-06-04 00:37:18 [INF] HTTP GET /api/patient/doctors responded 200 in 49.3197 ms
2026-06-04 00:37:41 [INF] HTTP GET /api/notifications responded 200 in 70.9443 ms
2026-06-04 00:37:41 [INF] HTTP GET /api/notifications responded 200 in 145.3225 ms
2026-06-04 00:37:41 [INF] HTTP GET /api/patient/specializations responded 200 in 68.2378 ms
2026-06-04 00:37:41 [INF] HTTP GET /api/patient/doctors responded 200 in 127.1168 ms
2026-06-04 00:37:41 [INF] HTTP GET /api/receptionist/patients responded 200 in 201.7290 ms
2026-06-04 00:37:52 [INF] HTTP GET /api/notifications responded 200 in 18.9718 ms
2026-06-04 00:37:52 [INF] HTTP GET /api/receptionist/patients responded 200 in 27.1646 ms
2026-06-04 00:37:52 [INF] HTTP GET /api/notifications responded 200 in 7.0067 ms
2026-06-04 00:37:52 [INF] HTTP GET /api/patient/specializations responded 200 in 6.7919 ms
2026-06-04 00:37:52 [INF] HTTP GET /api/patient/doctors responded 200 in 11.7896 ms
2026-06-04 00:38:22 [INF] HTTP GET /api/notifications responded 200 in 16.6038 ms
2026-06-04 00:38:32 [INF] Now listening on: http://0.0.0.0:5111
2026-06-04 00:38:32 [INF] Application started. Press Ctrl+C to shut down.
2026-06-04 00:38:32 [INF] Hosting environment: Development
2026-06-04 00:38:32 [INF] Content root path: /Users/brian/RiderProjects/BookingSystem/BookingSystem
2026-06-04 00:38:48 [INF] HTTP GET /api/notifications responded 200 in 1309.7542 ms
2026-06-04 00:38:48 [INF] HTTP GET /api/notifications responded 200 in 1309.7637 ms
2026-06-04 00:38:48 [INF] HTTP GET /api/patient/doctors responded 200 in 1309.7614 ms
2026-06-04 00:38:48 [INF] HTTP GET /api/patient/specializations responded 200 in 1309.7606 ms
2026-06-04 00:38:48 [INF] HTTP GET /api/receptionist/patients responded 200 in 1309.7573 ms
2026-06-04 00:39:16 [INF] HTTP GET /api/notifications responded 401 in 23.4966 ms
2026-06-04 00:39:51 [INF] Now listening on: http://0.0.0.0:5111
2026-06-04 00:39:51 [INF] Application started. Press Ctrl+C to shut down.
2026-06-04 00:39:51 [INF] Hosting environment: Development
2026-06-04 00:39:51 [INF] Content root path: /Users/brian/RiderProjects/BookingSystem/BookingSystem
2026-06-04 00:42:05 [INF] Now listening on: http://0.0.0.0:5111
2026-06-04 00:42:05 [INF] Application started. Press Ctrl+C to shut down.
2026-06-04 00:42:05 [INF] Hosting environment: Development
2026-06-04 00:42:05 [INF] Content root path: /Users/brian/RiderProjects/BookingSystem/BookingSystem
2026-06-04 00:42:52 [INF] HTTP GET /api/patient/doctors responded 401 in 101.0575 ms
2026-06-04 00:42:52 [INF] HTTP GET /api/patient/specializations responded 401 in 101.0563 ms
2026-06-04 00:42:52 [INF] HTTP GET /api/notifications responded 401 in 101.0574 ms
2026-06-04 00:49:22 [ERR] HTTP POST /api/auth/patient/login responded 500 in 1225.5205 ms
System.UnauthorizedAccessException: Patient not found.
   at BookingSystem.Services.Implementations.AuthService.PatientLoginAsync(DefaultLoginRequest request, CancellationToken ct) in /Users/brian/RiderProjects/BookingSystem/BookingSystem/Services/Implementations/AuthService.cs:line 26
   at BookingSystem.Controllers.AuthController.PatientLogin(DefaultLoginRequest request, CancellationToken ct) in /Users/brian/RiderProjects/BookingSystem/BookingSystem/Controllers/AuthController.cs:line 20
   at Microsoft.AspNetCore.Mvc.Infrastructure.ActionMethodExecutor.TaskOfIActionResultExecutor.Execute(ActionContext actionContext, IActionResultTypeMapper mapper, ObjectMethodExecutor executor, Object controller, Object[] arguments)
   at Microsoft.AspNetCore.Mvc.Infrastructure.ControllerActionInvoker.<InvokeActionMethodAsync>g__Logged|12_1(ControllerActionInvoker invoker)
   at Microsoft.AspNetCore.Mvc.Infrastructure.ControllerActionInvoker.<InvokeNextActionFilterAsync>g__Awaited|10_0(ControllerActionInvoker invoker, Task lastTask, State next, Scope scope, Object state, Boolean isCompleted)
   at Microsoft.AspNetCore.Mvc.Infrastructure.ControllerActionInvoker.Rethrow(ActionExecutedContextSealed context)
   at Microsoft.AspNetCore.Mvc.Infrastructure.ControllerActionInvoker.Next(State& next, Scope& scope, Object& state, Boolean& isCompleted)
   at Microsoft.AspNetCore.Mvc.Infrastructure.ControllerActionInvoker.<InvokeInnerFilterAsync>g__Awaited|13_0(ControllerActionInvoker invoker, Task lastTask, State next, Scope scope, Object state, Boolean isCompleted)
   at Microsoft.AspNetCore.Mvc.Infrastructure.ResourceInvoker.<InvokeFilterPipelineAsync>g__Awaited|20_0(ResourceInvoker invoker, Task lastTask, State next, Scope scope, Object state, Boolean isCompleted)
   at Microsoft.AspNetCore.Mvc.Infrastructure.ResourceInvoker.<InvokeAsync>g__Logged|17_1(ResourceInvoker invoker)
   at Microsoft.AspNetCore.Mvc.Infrastructure.ResourceInvoker.<InvokeAsync>g__Logged|17_1(ResourceInvoker invoker)
   at Microsoft.AspNetCore.Authorization.AuthorizationMiddleware.Invoke(HttpContext context)
   at Microsoft.AspNetCore.Authentication.AuthenticationMiddleware.Invoke(HttpContext context)
   at Swashbuckle.AspNetCore.SwaggerUI.SwaggerUIMiddleware.Invoke(HttpContext httpContext)
   at Swashbuckle.AspNetCore.Swagger.SwaggerMiddleware.Invoke(HttpContext httpContext, ISwaggerProvider swaggerProvider)
   at Microsoft.AspNetCore.RateLimiting.RateLimitingMiddleware.InvokeInternal(HttpContext context, EnableRateLimitingAttribute enableRateLimitingAttribute)
   at Serilog.AspNetCore.RequestLoggingMiddleware.Invoke(HttpContext httpContext)
2026-06-04 00:49:22 [ERR] Unhandled exception: Patient not found.
System.UnauthorizedAccessException: Patient not found.
   at BookingSystem.Services.Implementations.AuthService.PatientLoginAsync(DefaultLoginRequest request, CancellationToken ct) in /Users/brian/RiderProjects/BookingSystem/BookingSystem/Services/Implementations/AuthService.cs:line 26
   at BookingSystem.Controllers.AuthController.PatientLogin(DefaultLoginRequest request, CancellationToken ct) in /Users/brian/RiderProjects/BookingSystem/BookingSystem/Controllers/AuthController.cs:line 20
   at Microsoft.AspNetCore.Mvc.Infrastructure.ActionMethodExecutor.TaskOfIActionResultExecutor.Execute(ActionContext actionContext, IActionResultTypeMapper mapper, ObjectMethodExecutor executor, Object controller, Object[] arguments)
   at Microsoft.AspNetCore.Mvc.Infrastructure.ControllerActionInvoker.<InvokeActionMethodAsync>g__Logged|12_1(ControllerActionInvoker invoker)
   at Microsoft.AspNetCore.Mvc.Infrastructure.ControllerActionInvoker.<InvokeNextActionFilterAsync>g__Awaited|10_0(ControllerActionInvoker invoker, Task lastTask, State next, Scope scope, Object state, Boolean isCompleted)
   at Microsoft.AspNetCore.Mvc.Infrastructure.ControllerActionInvoker.Rethrow(ActionExecutedContextSealed context)
   at Microsoft.AspNetCore.Mvc.Infrastructure.ControllerActionInvoker.Next(State& next, Scope& scope, Object& state, Boolean& isCompleted)
   at Microsoft.AspNetCore.Mvc.Infrastructure.ControllerActionInvoker.<InvokeInnerFilterAsync>g__Awaited|13_0(ControllerActionInvoker invoker, Task lastTask, State next, Scope scope, Object state, Boolean isCompleted)
   at Microsoft.AspNetCore.Mvc.Infrastructure.ResourceInvoker.<InvokeFilterPipelineAsync>g__Awaited|20_0(ResourceInvoker invoker, Task lastTask, State next, Scope scope, Object state, Boolean isCompleted)
   at Microsoft.AspNetCore.Mvc.Infrastructure.ResourceInvoker.<InvokeAsync>g__Logged|17_1(ResourceInvoker invoker)
   at Microsoft.AspNetCore.Mvc.Infrastructure.ResourceInvoker.<InvokeAsync>g__Logged|17_1(ResourceInvoker invoker)
   at Microsoft.AspNetCore.Authorization.AuthorizationMiddleware.Invoke(HttpContext context)
   at Microsoft.AspNetCore.Authentication.AuthenticationMiddleware.Invoke(HttpContext context)
   at Swashbuckle.AspNetCore.SwaggerUI.SwaggerUIMiddleware.Invoke(HttpContext httpContext)
   at Swashbuckle.AspNetCore.Swagger.SwaggerMiddleware.Invoke(HttpContext httpContext, ISwaggerProvider swaggerProvider)
   at Microsoft.AspNetCore.RateLimiting.RateLimitingMiddleware.InvokeInternal(HttpContext context, EnableRateLimitingAttribute enableRateLimitingAttribute)
   at Serilog.AspNetCore.RequestLoggingMiddleware.Invoke(HttpContext httpContext)
   at BookingSystem.Middleware.ErrorHandlerMiddleware.InvokeAsync(HttpContext context) in /Users/brian/RiderProjects/BookingSystem/BookingSystem/Middleware/ErrorHandlerMiddleware.cs:line 20
2026-06-04 00:50:03 [INF] HTTP GET /api/notifications responded 401 in 4.2900 ms
2026-06-04 00:50:03 [INF] HTTP GET /api/patient/appointments responded 401 in 4.2922 ms
2026-06-04 00:50:03 [INF] HTTP GET /api/patient/profile responded 401 in 4.2907 ms
2026-06-04 00:50:03 [ERR] HTTP POST /api/auth/refresh responded 500 in 137.7549 ms
System.UnauthorizedAccessException: Invalid refresh token.
   at BookingSystem.Services.Implementations.AuthService.RefreshAsync(String refreshToken, CancellationToken ct) in /Users/brian/RiderProjects/BookingSystem/BookingSystem/Services/Implementations/AuthService.cs:line 81
   at BookingSystem.Controllers.AuthController.Refresh(RefreshTokenRequest request, CancellationToken ct) in /Users/brian/RiderProjects/BookingSystem/BookingSystem/Controllers/AuthController.cs:line 84
   at Microsoft.AspNetCore.Mvc.Infrastructure.ActionMethodExecutor.TaskOfIActionResultExecutor.Execute(ActionContext actionContext, IActionResultTypeMapper mapper, ObjectMethodExecutor executor, Object controller, Object[] arguments)
   at Microsoft.AspNetCore.Mvc.Infrastructure.ControllerActionInvoker.<InvokeActionMethodAsync>g__Logged|12_1(ControllerActionInvoker invoker)
   at Microsoft.AspNetCore.Mvc.Infrastructure.ControllerActionInvoker.<InvokeNextActionFilterAsync>g__Awaited|10_0(ControllerActionInvoker invoker, Task lastTask, State next, Scope scope, Object state, Boolean isCompleted)
   at Microsoft.AspNetCore.Mvc.Infrastructure.ControllerActionInvoker.Rethrow(ActionExecutedContextSealed context)
   at Microsoft.AspNetCore.Mvc.Infrastructure.ControllerActionInvoker.Next(State& next, Scope& scope, Object& state, Boolean& isCompleted)
   at Microsoft.AspNetCore.Mvc.Infrastructure.ControllerActionInvoker.<InvokeInnerFilterAsync>g__Awaited|13_0(ControllerActionInvoker invoker, Task lastTask, State next, Scope scope, Object state, Boolean isCompleted)
   at Microsoft.AspNetCore.Mvc.Infrastructure.ResourceInvoker.<InvokeFilterPipelineAsync>g__Awaited|20_0(ResourceInvoker invoker, Task lastTask, State next, Scope scope, Object state, Boolean isCompleted)
   at Microsoft.AspNetCore.Mvc.Infrastructure.ResourceInvoker.<InvokeAsync>g__Logged|17_1(ResourceInvoker invoker)
   at Microsoft.AspNetCore.Mvc.Infrastructure.ResourceInvoker.<InvokeAsync>g__Logged|17_1(ResourceInvoker invoker)
   at Microsoft.AspNetCore.Authorization.AuthorizationMiddleware.Invoke(HttpContext context)
   at Microsoft.AspNetCore.Authentication.AuthenticationMiddleware.Invoke(HttpContext context)
   at Swashbuckle.AspNetCore.SwaggerUI.SwaggerUIMiddleware.Invoke(HttpContext httpContext)
   at Swashbuckle.AspNetCore.Swagger.SwaggerMiddleware.Invoke(HttpContext httpContext, ISwaggerProvider swaggerProvider)
   at Microsoft.AspNetCore.RateLimiting.RateLimitingMiddleware.InvokeInternal(HttpContext context, EnableRateLimitingAttribute enableRateLimitingAttribute)
   at Serilog.AspNetCore.RequestLoggingMiddleware.Invoke(HttpContext httpContext)
2026-06-04 00:50:03 [ERR] Unhandled exception: Invalid refresh token.
System.UnauthorizedAccessException: Invalid refresh token.
   at BookingSystem.Services.Implementations.AuthService.RefreshAsync(String refreshToken, CancellationToken ct) in /Users/brian/RiderProjects/BookingSystem/BookingSystem/Services/Implementations/AuthService.cs:line 81
   at BookingSystem.Controllers.AuthController.Refresh(RefreshTokenRequest request, CancellationToken ct) in /Users/brian/RiderProjects/BookingSystem/BookingSystem/Controllers/AuthController.cs:line 84
   at Microsoft.AspNetCore.Mvc.Infrastructure.ActionMethodExecutor.TaskOfIActionResultExecutor.Execute(ActionContext actionContext, IActionResultTypeMapper mapper, ObjectMethodExecutor executor, Object controller, Object[] arguments)
   at Microsoft.AspNetCore.Mvc.Infrastructure.ControllerActionInvoker.<InvokeActionMethodAsync>g__Logged|12_1(ControllerActionInvoker invoker)
   at Microsoft.AspNetCore.Mvc.Infrastructure.ControllerActionInvoker.<InvokeNextActionFilterAsync>g__Awaited|10_0(ControllerActionInvoker invoker, Task lastTask, State next, Scope scope, Object state, Boolean isCompleted)
   at Microsoft.AspNetCore.Mvc.Infrastructure.ControllerActionInvoker.Rethrow(ActionExecutedContextSealed context)
   at Microsoft.AspNetCore.Mvc.Infrastructure.ControllerActionInvoker.Next(State& next, Scope& scope, Object& state, Boolean& isCompleted)
   at Microsoft.AspNetCore.Mvc.Infrastructure.ControllerActionInvoker.<InvokeInnerFilterAsync>g__Awaited|13_0(ControllerActionInvoker invoker, Task lastTask, State next, Scope scope, Object state, Boolean isCompleted)
   at Microsoft.AspNetCore.Mvc.Infrastructure.ResourceInvoker.<InvokeFilterPipelineAsync>g__Awaited|20_0(ResourceInvoker invoker, Task lastTask, State next, Scope scope, Object state, Boolean isCompleted)
   at Microsoft.AspNetCore.Mvc.Infrastructure.ResourceInvoker.<InvokeAsync>g__Logged|17_1(ResourceInvoker invoker)
   at Microsoft.AspNetCore.Mvc.Infrastructure.ResourceInvoker.<InvokeAsync>g__Logged|17_1(ResourceInvoker invoker)
   at Microsoft.AspNetCore.Authorization.AuthorizationMiddleware.Invoke(HttpContext context)
   at Microsoft.AspNetCore.Authentication.AuthenticationMiddleware.Invoke(HttpContext context)
   at Swashbuckle.AspNetCore.SwaggerUI.SwaggerUIMiddleware.Invoke(HttpContext httpContext)
   at Swashbuckle.AspNetCore.Swagger.SwaggerMiddleware.Invoke(HttpContext httpContext, ISwaggerProvider swaggerProvider)
   at Microsoft.AspNetCore.RateLimiting.RateLimitingMiddleware.InvokeInternal(HttpContext context, EnableRateLimitingAttribute enableRateLimitingAttribute)
   at Serilog.AspNetCore.RequestLoggingMiddleware.Invoke(HttpContext httpContext)
   at BookingSystem.Middleware.ErrorHandlerMiddleware.InvokeAsync(HttpContext context) in /Users/brian/RiderProjects/BookingSystem/BookingSystem/Middleware/ErrorHandlerMiddleware.cs:line 20
2026-06-04 00:50:03 [ERR] HTTP POST /api/auth/refresh responded 500 in 270.2070 ms
System.UnauthorizedAccessException: Invalid refresh token.
   at BookingSystem.Services.Implementations.AuthService.RefreshAsync(String refreshToken, CancellationToken ct) in /Users/brian/RiderProjects/BookingSystem/BookingSystem/Services/Implementations/AuthService.cs:line 81
   at BookingSystem.Controllers.AuthController.Refresh(RefreshTokenRequest request, CancellationToken ct) in /Users/brian/RiderProjects/BookingSystem/BookingSystem/Controllers/AuthController.cs:line 84
   at Microsoft.AspNetCore.Mvc.Infrastructure.ActionMethodExecutor.TaskOfIActionResultExecutor.Execute(ActionContext actionContext, IActionResultTypeMapper mapper, ObjectMethodExecutor executor, Object controller, Object[] arguments)
   at Microsoft.AspNetCore.Mvc.Infrastructure.ControllerActionInvoker.<InvokeActionMethodAsync>g__Logged|12_1(ControllerActionInvoker invoker)
   at Microsoft.AspNetCore.Mvc.Infrastructure.ControllerActionInvoker.<InvokeNextActionFilterAsync>g__Awaited|10_0(ControllerActionInvoker invoker, Task lastTask, State next, Scope scope, Object state, Boolean isCompleted)
   at Microsoft.AspNetCore.Mvc.Infrastructure.ControllerActionInvoker.Rethrow(ActionExecutedContextSealed context)
   at Microsoft.AspNetCore.Mvc.Infrastructure.ControllerActionInvoker.Next(State& next, Scope& scope, Object& state, Boolean& isCompleted)
   at Microsoft.AspNetCore.Mvc.Infrastructure.ControllerActionInvoker.<InvokeInnerFilterAsync>g__Awaited|13_0(ControllerActionInvoker invoker, Task lastTask, State next, Scope scope, Object state, Boolean isCompleted)
   at Microsoft.AspNetCore.Mvc.Infrastructure.ResourceInvoker.<InvokeFilterPipelineAsync>g__Awaited|20_0(ResourceInvoker invoker, Task lastTask, State next, Scope scope, Object state, Boolean isCompleted)
   at Microsoft.AspNetCore.Mvc.Infrastructure.ResourceInvoker.<InvokeAsync>g__Logged|17_1(ResourceInvoker invoker)
   at Microsoft.AspNetCore.Mvc.Infrastructure.ResourceInvoker.<InvokeAsync>g__Logged|17_1(ResourceInvoker invoker)
   at Microsoft.AspNetCore.Authorization.AuthorizationMiddleware.Invoke(HttpContext context)
   at Microsoft.AspNetCore.Authentication.AuthenticationMiddleware.Invoke(HttpContext context)
   at Swashbuckle.AspNetCore.SwaggerUI.SwaggerUIMiddleware.Invoke(HttpContext httpContext)
   at Swashbuckle.AspNetCore.Swagger.SwaggerMiddleware.Invoke(HttpContext httpContext, ISwaggerProvider swaggerProvider)
   at Microsoft.AspNetCore.RateLimiting.RateLimitingMiddleware.InvokeInternal(HttpContext context, EnableRateLimitingAttribute enableRateLimitingAttribute)
   at Serilog.AspNetCore.RequestLoggingMiddleware.Invoke(HttpContext httpContext)
2026-06-04 00:50:03 [ERR] HTTP POST /api/auth/refresh responded 500 in 270.3947 ms
System.UnauthorizedAccessException: Invalid refresh token.
   at BookingSystem.Services.Implementations.AuthService.RefreshAsync(String refreshToken, CancellationToken ct) in /Users/brian/RiderProjects/BookingSystem/BookingSystem/Services/Implementations/AuthService.cs:line 81
   at BookingSystem.Controllers.AuthController.Refresh(RefreshTokenRequest request, CancellationToken ct) in /Users/brian/RiderProjects/BookingSystem/BookingSystem/Controllers/AuthController.cs:line 84
   at Microsoft.AspNetCore.Mvc.Infrastructure.ActionMethodExecutor.TaskOfIActionResultExecutor.Execute(ActionContext actionContext, IActionResultTypeMapper mapper, ObjectMethodExecutor executor, Object controller, Object[] arguments)
   at Microsoft.AspNetCore.Mvc.Infrastructure.ControllerActionInvoker.<InvokeActionMethodAsync>g__Logged|12_1(ControllerActionInvoker invoker)
   at Microsoft.AspNetCore.Mvc.Infrastructure.ControllerActionInvoker.<InvokeNextActionFilterAsync>g__Awaited|10_0(ControllerActionInvoker invoker, Task lastTask, State next, Scope scope, Object state, Boolean isCompleted)
   at Microsoft.AspNetCore.Mvc.Infrastructure.ControllerActionInvoker.Rethrow(ActionExecutedContextSealed context)
   at Microsoft.AspNetCore.Mvc.Infrastructure.ControllerActionInvoker.Next(State& next, Scope& scope, Object& state, Boolean& isCompleted)
   at Microsoft.AspNetCore.Mvc.Infrastructure.ControllerActionInvoker.<InvokeInnerFilterAsync>g__Awaited|13_0(ControllerActionInvoker invoker, Task lastTask, State next, Scope scope, Object state, Boolean isCompleted)
   at Microsoft.AspNetCore.Mvc.Infrastructure.ResourceInvoker.<InvokeFilterPipelineAsync>g__Awaited|20_0(ResourceInvoker invoker, Task lastTask, State next, Scope scope, Object state, Boolean isCompleted)
   at Microsoft.AspNetCore.Mvc.Infrastructure.ResourceInvoker.<InvokeAsync>g__Logged|17_1(ResourceInvoker invoker)
   at Microsoft.AspNetCore.Mvc.Infrastructure.ResourceInvoker.<InvokeAsync>g__Logged|17_1(ResourceInvoker invoker)
   at Microsoft.AspNetCore.Authorization.AuthorizationMiddleware.Invoke(HttpContext context)
   at Microsoft.AspNetCore.Authentication.AuthenticationMiddleware.Invoke(HttpContext context)
   at Swashbuckle.AspNetCore.SwaggerUI.SwaggerUIMiddleware.Invoke(HttpContext httpContext)
   at Swashbuckle.AspNetCore.Swagger.SwaggerMiddleware.Invoke(HttpContext httpContext, ISwaggerProvider swaggerProvider)
   at Microsoft.AspNetCore.RateLimiting.RateLimitingMiddleware.InvokeInternal(HttpContext context, EnableRateLimitingAttribute enableRateLimitingAttribute)
   at Serilog.AspNetCore.RequestLoggingMiddleware.Invoke(HttpContext httpContext)
2026-06-04 00:50:03 [ERR] Unhandled exception: Invalid refresh token.
System.UnauthorizedAccessException: Invalid refresh token.
   at BookingSystem.Services.Implementations.AuthService.RefreshAsync(String refreshToken, CancellationToken ct) in /Users/brian/RiderProjects/BookingSystem/BookingSystem/Services/Implementations/AuthService.cs:line 81
   at BookingSystem.Controllers.AuthController.Refresh(RefreshTokenRequest request, CancellationToken ct) in /Users/brian/RiderProjects/BookingSystem/BookingSystem/Controllers/AuthController.cs:line 84
   at Microsoft.AspNetCore.Mvc.Infrastructure.ActionMethodExecutor.TaskOfIActionResultExecutor.Execute(ActionContext actionContext, IActionResultTypeMapper mapper, ObjectMethodExecutor executor, Object controller, Object[] arguments)
   at Microsoft.AspNetCore.Mvc.Infrastructure.ControllerActionInvoker.<InvokeActionMethodAsync>g__Logged|12_1(ControllerActionInvoker invoker)
   at Microsoft.AspNetCore.Mvc.Infrastructure.ControllerActionInvoker.<InvokeNextActionFilterAsync>g__Awaited|10_0(ControllerActionInvoker invoker, Task lastTask, State next, Scope scope, Object state, Boolean isCompleted)
   at Microsoft.AspNetCore.Mvc.Infrastructure.ControllerActionInvoker.Rethrow(ActionExecutedContextSealed context)
   at Microsoft.AspNetCore.Mvc.Infrastructure.ControllerActionInvoker.Next(State& next, Scope& scope, Object& state, Boolean& isCompleted)
   at Microsoft.AspNetCore.Mvc.Infrastructure.ControllerActionInvoker.<InvokeInnerFilterAsync>g__Awaited|13_0(ControllerActionInvoker invoker, Task lastTask, State next, Scope scope, Object state, Boolean isCompleted)
   at Microsoft.AspNetCore.Mvc.Infrastructure.ResourceInvoker.<InvokeFilterPipelineAsync>g__Awaited|20_0(ResourceInvoker invoker, Task lastTask, State next, Scope scope, Object state, Boolean isCompleted)
   at Microsoft.AspNetCore.Mvc.Infrastructure.ResourceInvoker.<InvokeAsync>g__Logged|17_1(ResourceInvoker invoker)
   at Microsoft.AspNetCore.Mvc.Infrastructure.ResourceInvoker.<InvokeAsync>g__Logged|17_1(ResourceInvoker invoker)
   at Microsoft.AspNetCore.Authorization.AuthorizationMiddleware.Invoke(HttpContext context)
   at Microsoft.AspNetCore.Authentication.AuthenticationMiddleware.Invoke(HttpContext context)
   at Swashbuckle.AspNetCore.SwaggerUI.SwaggerUIMiddleware.Invoke(HttpContext httpContext)
   at Swashbuckle.AspNetCore.Swagger.SwaggerMiddleware.Invoke(HttpContext httpContext, ISwaggerProvider swaggerProvider)
   at Microsoft.AspNetCore.RateLimiting.RateLimitingMiddleware.InvokeInternal(HttpContext context, EnableRateLimitingAttribute enableRateLimitingAttribute)
   at Serilog.AspNetCore.RequestLoggingMiddleware.Invoke(HttpContext httpContext)
   at BookingSystem.Middleware.ErrorHandlerMiddleware.InvokeAsync(HttpContext context) in /Users/brian/RiderProjects/BookingSystem/BookingSystem/Middleware/ErrorHandlerMiddleware.cs:line 20
2026-06-04 00:50:03 [ERR] Unhandled exception: Invalid refresh token.
System.UnauthorizedAccessException: Invalid refresh token.
   at BookingSystem.Services.Implementations.AuthService.RefreshAsync(String refreshToken, CancellationToken ct) in /Users/brian/RiderProjects/BookingSystem/BookingSystem/Services/Implementations/AuthService.cs:line 81
   at BookingSystem.Controllers.AuthController.Refresh(RefreshTokenRequest request, CancellationToken ct) in /Users/brian/RiderProjects/BookingSystem/BookingSystem/Controllers/AuthController.cs:line 84
   at Microsoft.AspNetCore.Mvc.Infrastructure.ActionMethodExecutor.TaskOfIActionResultExecutor.Execute(ActionContext actionContext, IActionResultTypeMapper mapper, ObjectMethodExecutor executor, Object controller, Object[] arguments)
   at Microsoft.AspNetCore.Mvc.Infrastructure.ControllerActionInvoker.<InvokeActionMethodAsync>g__Logged|12_1(ControllerActionInvoker invoker)
   at Microsoft.AspNetCore.Mvc.Infrastructure.ControllerActionInvoker.<InvokeNextActionFilterAsync>g__Awaited|10_0(ControllerActionInvoker invoker, Task lastTask, State next, Scope scope, Object state, Boolean isCompleted)
   at Microsoft.AspNetCore.Mvc.Infrastructure.ControllerActionInvoker.Rethrow(ActionExecutedContextSealed context)
   at Microsoft.AspNetCore.Mvc.Infrastructure.ControllerActionInvoker.Next(State& next, Scope& scope, Object& state, Boolean& isCompleted)
   at Microsoft.AspNetCore.Mvc.Infrastructure.ControllerActionInvoker.<InvokeInnerFilterAsync>g__Awaited|13_0(ControllerActionInvoker invoker, Task lastTask, State next, Scope scope, Object state, Boolean isCompleted)
   at Microsoft.AspNetCore.Mvc.Infrastructure.ResourceInvoker.<InvokeFilterPipelineAsync>g__Awaited|20_0(ResourceInvoker invoker, Task lastTask, State next, Scope scope, Object state, Boolean isCompleted)
   at Microsoft.AspNetCore.Mvc.Infrastructure.ResourceInvoker.<InvokeAsync>g__Logged|17_1(ResourceInvoker invoker)
   at Microsoft.AspNetCore.Mvc.Infrastructure.ResourceInvoker.<InvokeAsync>g__Logged|17_1(ResourceInvoker invoker)
   at Microsoft.AspNetCore.Authorization.AuthorizationMiddleware.Invoke(HttpContext context)
   at Microsoft.AspNetCore.Authentication.AuthenticationMiddleware.Invoke(HttpContext context)
   at Swashbuckle.AspNetCore.SwaggerUI.SwaggerUIMiddleware.Invoke(HttpContext httpContext)
   at Swashbuckle.AspNetCore.Swagger.SwaggerMiddleware.Invoke(HttpContext httpContext, ISwaggerProvider swaggerProvider)
   at Microsoft.AspNetCore.RateLimiting.RateLimitingMiddleware.InvokeInternal(HttpContext context, EnableRateLimitingAttribute enableRateLimitingAttribute)
   at Serilog.AspNetCore.RequestLoggingMiddleware.Invoke(HttpContext httpContext)
   at BookingSystem.Middleware.ErrorHandlerMiddleware.InvokeAsync(HttpContext context) in /Users/brian/RiderProjects/BookingSystem/BookingSystem/Middleware/ErrorHandlerMiddleware.cs:line 20
2026-06-04 00:50:54 [INF] HTTP POST /api/auth/patient/login responded 200 in 405.2828 ms
2026-06-04 00:50:54 [INF] HTTP GET /api/patient/profile responded 200 in 54.7821 ms
2026-06-04 00:50:54 [INF] HTTP GET /api/notifications responded 200 in 103.1475 ms
2026-06-04 00:50:54 [INF] HTTP GET /api/patient/appointments responded 200 in 162.4713 ms
2026-06-04 00:51:24 [INF] HTTP GET /api/notifications responded 200 in 10.6883 ms
2026-06-04 00:51:54 [INF] HTTP GET /api/notifications responded 200 in 8.3842 ms
2026-06-04 00:52:24 [INF] HTTP GET /api/notifications responded 200 in 11.7570 ms
2026-06-04 00:52:30 [INF] HTTP GET /api/notifications responded 200 in 31.5336 ms
2026-06-04 00:52:30 [INF] HTTP GET /api/patient/appointments responded 200 in 45.1567 ms
2026-06-04 00:53:00 [INF] HTTP GET /api/notifications responded 200 in 34.8182 ms
2026-06-04 00:53:18 [INF] HTTP GET /api/patient/appointments responded 401 in 26.0467 ms
2026-06-04 00:53:18 [INF] HTTP GET /api/notifications responded 401 in 26.0467 ms
2026-06-04 00:53:18 [INF] HTTP POST /api/auth/refresh responded 200 in 65.0436 ms
2026-06-04 00:53:18 [INF] HTTP POST /api/auth/refresh responded 200 in 65.0568 ms
2026-06-04 00:53:48 [INF] HTTP GET /api/notifications responded 401 in 54.4095 ms
2026-06-04 00:54:18 [INF] HTTP GET /api/notifications responded 401 in 0.4033 ms
2026-06-04 00:54:22 [INF] HTTP GET /api/notifications responded 401 in 0.3079 ms
2026-06-04 00:54:22 [INF] HTTP GET /api/patient/appointments responded 401 in 0.3585 ms
2026-06-04 00:54:28 [INF] HTTP GET /api/patient/appointments responded 401 in 26.6466 ms
2026-06-04 00:54:28 [INF] HTTP GET /api/patient/profile responded 401 in 26.6088 ms
2026-06-04 00:54:28 [INF] HTTP GET /api/notifications responded 401 in 26.6466 ms
2026-06-04 00:54:28 [ERR] HTTP POST /api/auth/refresh responded 500 in 73.5648 ms
System.UnauthorizedAccessException: Invalid refresh token.
   at BookingSystem.Services.Implementations.AuthService.RefreshAsync(String refreshToken, CancellationToken ct) in /Users/brian/RiderProjects/BookingSystem/BookingSystem/Services/Implementations/AuthService.cs:line 81
   at BookingSystem.Controllers.AuthController.Refresh(RefreshTokenRequest request, CancellationToken ct) in /Users/brian/RiderProjects/BookingSystem/BookingSystem/Controllers/AuthController.cs:line 84
   at Microsoft.AspNetCore.Mvc.Infrastructure.ActionMethodExecutor.TaskOfIActionResultExecutor.Execute(ActionContext actionContext, IActionResultTypeMapper mapper, ObjectMethodExecutor executor, Object controller, Object[] arguments)
   at Microsoft.AspNetCore.Mvc.Infrastructure.ControllerActionInvoker.<InvokeActionMethodAsync>g__Logged|12_1(ControllerActionInvoker invoker)
   at Microsoft.AspNetCore.Mvc.Infrastructure.ControllerActionInvoker.<InvokeNextActionFilterAsync>g__Awaited|10_0(ControllerActionInvoker invoker, Task lastTask, State next, Scope scope, Object state, Boolean isCompleted)
   at Microsoft.AspNetCore.Mvc.Infrastructure.ControllerActionInvoker.Rethrow(ActionExecutedContextSealed context)
   at Microsoft.AspNetCore.Mvc.Infrastructure.ControllerActionInvoker.Next(State& next, Scope& scope, Object& state, Boolean& isCompleted)
   at Microsoft.AspNetCore.Mvc.Infrastructure.ControllerActionInvoker.<InvokeInnerFilterAsync>g__Awaited|13_0(ControllerActionInvoker invoker, Task lastTask, State next, Scope scope, Object state, Boolean isCompleted)
   at Microsoft.AspNetCore.Mvc.Infrastructure.ResourceInvoker.<InvokeFilterPipelineAsync>g__Awaited|20_0(ResourceInvoker invoker, Task lastTask, State next, Scope scope, Object state, Boolean isCompleted)
   at Microsoft.AspNetCore.Mvc.Infrastructure.ResourceInvoker.<InvokeAsync>g__Logged|17_1(ResourceInvoker invoker)
   at Microsoft.AspNetCore.Mvc.Infrastructure.ResourceInvoker.<InvokeAsync>g__Logged|17_1(ResourceInvoker invoker)
   at Microsoft.AspNetCore.Authorization.AuthorizationMiddleware.Invoke(HttpContext context)
   at Microsoft.AspNetCore.Authentication.AuthenticationMiddleware.Invoke(HttpContext context)
   at Swashbuckle.AspNetCore.SwaggerUI.SwaggerUIMiddleware.Invoke(HttpContext httpContext)
   at Swashbuckle.AspNetCore.Swagger.SwaggerMiddleware.Invoke(HttpContext httpContext, ISwaggerProvider swaggerProvider)
   at Microsoft.AspNetCore.RateLimiting.RateLimitingMiddleware.InvokeInternal(HttpContext context, EnableRateLimitingAttribute enableRateLimitingAttribute)
   at Serilog.AspNetCore.RequestLoggingMiddleware.Invoke(HttpContext httpContext)
2026-06-04 00:54:28 [ERR] Unhandled exception: Invalid refresh token.
System.UnauthorizedAccessException: Invalid refresh token.
   at BookingSystem.Services.Implementations.AuthService.RefreshAsync(String refreshToken, CancellationToken ct) in /Users/brian/RiderProjects/BookingSystem/BookingSystem/Services/Implementations/AuthService.cs:line 81
   at BookingSystem.Controllers.AuthController.Refresh(RefreshTokenRequest request, CancellationToken ct) in /Users/brian/RiderProjects/BookingSystem/BookingSystem/Controllers/AuthController.cs:line 84
   at Microsoft.AspNetCore.Mvc.Infrastructure.ActionMethodExecutor.TaskOfIActionResultExecutor.Execute(ActionContext actionContext, IActionResultTypeMapper mapper, ObjectMethodExecutor executor, Object controller, Object[] arguments)
   at Microsoft.AspNetCore.Mvc.Infrastructure.ControllerActionInvoker.<InvokeActionMethodAsync>g__Logged|12_1(ControllerActionInvoker invoker)
   at Microsoft.AspNetCore.Mvc.Infrastructure.ControllerActionInvoker.<InvokeNextActionFilterAsync>g__Awaited|10_0(ControllerActionInvoker invoker, Task lastTask, State next, Scope scope, Object state, Boolean isCompleted)
   at Microsoft.AspNetCore.Mvc.Infrastructure.ControllerActionInvoker.Rethrow(ActionExecutedContextSealed context)
   at Microsoft.AspNetCore.Mvc.Infrastructure.ControllerActionInvoker.Next(State& next, Scope& scope, Object& state, Boolean& isCompleted)
   at Microsoft.AspNetCore.Mvc.Infrastructure.ControllerActionInvoker.<InvokeInnerFilterAsync>g__Awaited|13_0(ControllerActionInvoker invoker, Task lastTask, State next, Scope scope, Object state, Boolean isCompleted)
   at Microsoft.AspNetCore.Mvc.Infrastructure.ResourceInvoker.<InvokeFilterPipelineAsync>g__Awaited|20_0(ResourceInvoker invoker, Task lastTask, State next, Scope scope, Object state, Boolean isCompleted)
   at Microsoft.AspNetCore.Mvc.Infrastructure.ResourceInvoker.<InvokeAsync>g__Logged|17_1(ResourceInvoker invoker)
   at Microsoft.AspNetCore.Mvc.Infrastructure.ResourceInvoker.<InvokeAsync>g__Logged|17_1(ResourceInvoker invoker)
   at Microsoft.AspNetCore.Authorization.AuthorizationMiddleware.Invoke(HttpContext context)
   at Microsoft.AspNetCore.Authentication.AuthenticationMiddleware.Invoke(HttpContext context)
   at Swashbuckle.AspNetCore.SwaggerUI.SwaggerUIMiddleware.Invoke(HttpContext httpContext)
   at Swashbuckle.AspNetCore.Swagger.SwaggerMiddleware.Invoke(HttpContext httpContext, ISwaggerProvider swaggerProvider)
   at Microsoft.AspNetCore.RateLimiting.RateLimitingMiddleware.InvokeInternal(HttpContext context, EnableRateLimitingAttribute enableRateLimitingAttribute)
   at Serilog.AspNetCore.RequestLoggingMiddleware.Invoke(HttpContext httpContext)
   at BookingSystem.Middleware.ErrorHandlerMiddleware.InvokeAsync(HttpContext context) in /Users/brian/RiderProjects/BookingSystem/BookingSystem/Middleware/ErrorHandlerMiddleware.cs:line 20
2026-06-04 00:54:50 [INF] HTTP POST /api/auth/patient/login responded 200 in 242.1197 ms
2026-06-04 00:54:50 [INF] HTTP GET /api/notifications responded 200 in 131.7855 ms
2026-06-04 00:54:50 [INF] HTTP GET /api/patient/profile responded 200 in 132.2980 ms
2026-06-04 00:54:50 [INF] HTTP GET /api/patient/appointments responded 200 in 191.0366 ms
2026-06-04 00:55:07 [INF] HTTP GET /api/notifications responded 401 in 1.0635 ms
2026-06-04 00:55:07 [INF] HTTP GET /api/patient/appointments responded 401 in 1.0849 ms
2026-06-04 00:55:07 [INF] HTTP POST /api/auth/refresh responded 200 in 29.8662 ms
2026-06-04 00:55:37 [INF] HTTP GET /api/notifications responded 200 in 9.7913 ms
2026-06-04 00:56:07 [INF] HTTP GET /api/notifications responded 200 in 9.7235 ms
2026-06-04 00:57:42 [INF] HTTP GET /api/notifications responded 200 in 101.0080 ms
2026-06-04 00:57:42 [INF] HTTP GET /api/patient/appointments responded 200 in 139.7191 ms
2026-06-04 00:58:26 [INF] HTTP GET /api/patient/profile responded 200 in 87.2615 ms
2026-06-04 00:58:26 [INF] HTTP GET /api/notifications responded 200 in 113.2535 ms
2026-06-04 00:58:26 [INF] HTTP GET /api/patient/appointments responded 200 in 119.3371 ms
2026-06-04 01:03:15 [INF] HTTP POST /api/auth/patient/login responded 200 in 274.9188 ms
2026-06-04 01:03:35 [INF] HTTP GET /api/notifications responded 401 in 0.8178 ms
2026-06-04 01:03:35 [INF] HTTP GET /api/patient/appointments responded 401 in 0.4093 ms
2026-06-04 01:03:35 [INF] HTTP POST /api/auth/refresh responded 200 in 48.6826 ms
2026-06-04 01:03:35 [INF] HTTP GET /api/patient/appointments responded 200 in 12.8696 ms
2026-06-04 01:03:35 [INF] HTTP GET /api/notifications responded 200 in 23.9648 ms
2026-06-04 01:17:00 [INF] HTTP GET /api/notifications responded 401 in 157.6823 ms
2026-06-04 01:17:00 [INF] HTTP GET /api/patient/doctors responded 401 in 1.7145 ms
2026-06-04 01:17:00 [INF] HTTP GET /api/patient/specializations responded 401 in 2.0889 ms
2026-06-04 01:17:00 [INF] HTTP GET /api/patient/doctors/bfab433e-f36b-1410-8cf3-005878cb5c2f/schedules responded 401 in 1.1697 ms
2026-06-04 01:17:00 [INF] HTTP GET /api/notifications responded 401 in 0.9327 ms
2026-06-04 01:18:41 [INF] HTTP GET /api/patient/appointments responded 401 in 22.9871 ms
2026-06-04 01:18:41 [INF] HTTP GET /api/notifications responded 401 in 46.2025 ms
2026-06-04 01:18:41 [INF] HTTP POST /api/auth/refresh responded 200 in 165.2992 ms
2026-06-04 01:18:41 [INF] HTTP GET /api/notifications responded 200 in 10.5093 ms
2026-06-04 01:18:41 [INF] HTTP GET /api/patient/appointments responded 200 in 56.4053 ms
2026-06-04 01:20:17 [INF] HTTP GET /api/patient/profile responded 200 in 95.1693 ms
2026-06-04 01:20:17 [INF] HTTP GET /api/notifications responded 200 in 120.9989 ms
2026-06-04 01:20:17 [INF] HTTP GET /api/patient/appointments responded 200 in 180.1669 ms
2026-06-04 01:22:27 [ERR] HTTP POST /api/admin/register responded 500 in 94.9666 ms
System.InvalidOperationException: Username 'admin' is already taken.
   at BookingSystem.Services.Implementations.AdminService.RegisterAsync(AdminRegistrationRequest request, CancellationToken ct) in /Users/brian/RiderProjects/BookingSystem/BookingSystem/Services/Implementations/AdminService.cs:line 13
   at BookingSystem.Controllers.AdminController.RegisterAdmin(AdminRegistrationRequest request, CancellationToken ct) in /Users/brian/RiderProjects/BookingSystem/BookingSystem/Controllers/AdminController.cs:line 38
   at Microsoft.AspNetCore.Mvc.Infrastructure.ActionMethodExecutor.TaskOfIActionResultExecutor.Execute(ActionContext actionContext, IActionResultTypeMapper mapper, ObjectMethodExecutor executor, Object controller, Object[] arguments)
   at Microsoft.AspNetCore.Mvc.Infrastructure.ControllerActionInvoker.<InvokeActionMethodAsync>g__Logged|12_1(ControllerActionInvoker invoker)
   at Microsoft.AspNetCore.Mvc.Infrastructure.ControllerActionInvoker.<InvokeNextActionFilterAsync>g__Awaited|10_0(ControllerActionInvoker invoker, Task lastTask, State next, Scope scope, Object state, Boolean isCompleted)
   at Microsoft.AspNetCore.Mvc.Infrastructure.ControllerActionInvoker.Rethrow(ActionExecutedContextSealed context)
   at Microsoft.AspNetCore.Mvc.Infrastructure.ControllerActionInvoker.Next(State& next, Scope& scope, Object& state, Boolean& isCompleted)
   at Microsoft.AspNetCore.Mvc.Infrastructure.ControllerActionInvoker.<InvokeInnerFilterAsync>g__Awaited|13_0(ControllerActionInvoker invoker, Task lastTask, State next, Scope scope, Object state, Boolean isCompleted)
   at Microsoft.AspNetCore.Mvc.Infrastructure.ResourceInvoker.<InvokeFilterPipelineAsync>g__Awaited|20_0(ResourceInvoker invoker, Task lastTask, State next, Scope scope, Object state, Boolean isCompleted)
   at Microsoft.AspNetCore.Mvc.Infrastructure.ResourceInvoker.<InvokeAsync>g__Logged|17_1(ResourceInvoker invoker)
   at Microsoft.AspNetCore.Mvc.Infrastructure.ResourceInvoker.<InvokeAsync>g__Logged|17_1(ResourceInvoker invoker)
   at Microsoft.AspNetCore.Authorization.AuthorizationMiddleware.Invoke(HttpContext context)
   at Microsoft.AspNetCore.Authentication.AuthenticationMiddleware.Invoke(HttpContext context)
   at Swashbuckle.AspNetCore.SwaggerUI.SwaggerUIMiddleware.Invoke(HttpContext httpContext)
   at Swashbuckle.AspNetCore.Swagger.SwaggerMiddleware.Invoke(HttpContext httpContext, ISwaggerProvider swaggerProvider)
   at Microsoft.AspNetCore.RateLimiting.RateLimitingMiddleware.InvokeInternal(HttpContext context, EnableRateLimitingAttribute enableRateLimitingAttribute)
   at Serilog.AspNetCore.RequestLoggingMiddleware.Invoke(HttpContext httpContext)
2026-06-04 01:22:27 [ERR] Unhandled exception: Username 'admin' is already taken.
System.InvalidOperationException: Username 'admin' is already taken.
   at BookingSystem.Services.Implementations.AdminService.RegisterAsync(AdminRegistrationRequest request, CancellationToken ct) in /Users/brian/RiderProjects/BookingSystem/BookingSystem/Services/Implementations/AdminService.cs:line 13
   at BookingSystem.Controllers.AdminController.RegisterAdmin(AdminRegistrationRequest request, CancellationToken ct) in /Users/brian/RiderProjects/BookingSystem/BookingSystem/Controllers/AdminController.cs:line 38
   at Microsoft.AspNetCore.Mvc.Infrastructure.ActionMethodExecutor.TaskOfIActionResultExecutor.Execute(ActionContext actionContext, IActionResultTypeMapper mapper, ObjectMethodExecutor executor, Object controller, Object[] arguments)
   at Microsoft.AspNetCore.Mvc.Infrastructure.ControllerActionInvoker.<InvokeActionMethodAsync>g__Logged|12_1(ControllerActionInvoker invoker)
   at Microsoft.AspNetCore.Mvc.Infrastructure.ControllerActionInvoker.<InvokeNextActionFilterAsync>g__Awaited|10_0(ControllerActionInvoker invoker, Task lastTask, State next, Scope scope, Object state, Boolean isCompleted)
   at Microsoft.AspNetCore.Mvc.Infrastructure.ControllerActionInvoker.Rethrow(ActionExecutedContextSealed context)
   at Microsoft.AspNetCore.Mvc.Infrastructure.ControllerActionInvoker.Next(State& next, Scope& scope, Object& state, Boolean& isCompleted)
   at Microsoft.AspNetCore.Mvc.Infrastructure.ControllerActionInvoker.<InvokeInnerFilterAsync>g__Awaited|13_0(ControllerActionInvoker invoker, Task lastTask, State next, Scope scope, Object state, Boolean isCompleted)
   at Microsoft.AspNetCore.Mvc.Infrastructure.ResourceInvoker.<InvokeFilterPipelineAsync>g__Awaited|20_0(ResourceInvoker invoker, Task lastTask, State next, Scope scope, Object state, Boolean isCompleted)
   at Microsoft.AspNetCore.Mvc.Infrastructure.ResourceInvoker.<InvokeAsync>g__Logged|17_1(ResourceInvoker invoker)
   at Microsoft.AspNetCore.Mvc.Infrastructure.ResourceInvoker.<InvokeAsync>g__Logged|17_1(ResourceInvoker invoker)
   at Microsoft.AspNetCore.Authorization.AuthorizationMiddleware.Invoke(HttpContext context)
   at Microsoft.AspNetCore.Authentication.AuthenticationMiddleware.Invoke(HttpContext context)
   at Swashbuckle.AspNetCore.SwaggerUI.SwaggerUIMiddleware.Invoke(HttpContext httpContext)
   at Swashbuckle.AspNetCore.Swagger.SwaggerMiddleware.Invoke(HttpContext httpContext, ISwaggerProvider swaggerProvider)
   at Microsoft.AspNetCore.RateLimiting.RateLimitingMiddleware.InvokeInternal(HttpContext context, EnableRateLimitingAttribute enableRateLimitingAttribute)
   at Serilog.AspNetCore.RequestLoggingMiddleware.Invoke(HttpContext httpContext)
   at BookingSystem.Middleware.ErrorHandlerMiddleware.InvokeAsync(HttpContext context) in /Users/brian/RiderProjects/BookingSystem/BookingSystem/Middleware/ErrorHandlerMiddleware.cs:line 20
2026-06-04 01:22:38 [INF] HTTP POST /api/admin/register responded 200 in 227.0815 ms
2026-06-04 01:22:45 [INF] HTTP POST /api/auth/admin/login responded 200 in 219.5146 ms
2026-06-04 01:22:46 [INF] HTTP GET /api/doctor/appointments responded 403 in 53.7367 ms
2026-06-04 01:22:46 [INF] HTTP GET /api/admin/doctors responded 200 in 76.1304 ms
2026-06-04 01:22:46 [INF] HTTP GET /api/admin/appointments responded 200 in 98.3115 ms
2026-06-04 01:22:48 [INF] HTTP GET /api/admin/patients responded 200 in 32.0220 ms
2026-06-04 01:22:49 [INF] HTTP GET /api/admin/doctors responded 200 in 12.6928 ms
2026-06-04 01:22:49 [INF] HTTP GET /api/admin/specializations responded 200 in 22.9371 ms
2026-06-04 01:22:50 [INF] HTTP GET /api/admin/receptionists responded 200 in 39.0620 ms
2026-06-04 01:22:51 [INF] HTTP PUT /api/admin/receptionists/abab433e-f36b-1410-8cf3-005878cb5c2f/deactivate responded 200 in 57.4599 ms
2026-06-04 01:22:51 [INF] HTTP GET /api/admin/receptionists responded 200 in 6.1626 ms
2026-06-04 01:22:53 [INF] HTTP PUT /api/admin/receptionists/abab433e-f36b-1410-8cf3-005878cb5c2f/reactivate responded 200 in 17.1126 ms
2026-06-04 01:22:53 [INF] HTTP GET /api/admin/receptionists responded 200 in 5.3916 ms
2026-06-04 01:23:05 [INF] HTTP GET /api/admin/patients responded 200 in 9.6951 ms
2026-06-04 01:23:09 [INF] HTTP GET /api/admin/specializations responded 200 in 83.2966 ms
2026-06-04 01:23:09 [INF] HTTP GET /api/admin/doctors responded 200 in 90.3657 ms
2026-06-04 01:23:19 [INF] HTTP POST /api/auth/doctor/login responded 200 in 238.2249 ms
2026-06-04 01:23:19 [INF] HTTP GET /api/admin/appointments responded 403 in 0.4268 ms
2026-06-04 01:23:19 [INF] HTTP GET /api/notifications responded 200 in 10.5030 ms
2026-06-04 01:23:19 [INF] HTTP GET /api/doctor/profile responded 200 in 18.1693 ms
2026-06-04 01:23:19 [INF] HTTP GET /api/doctor/appointments responded 200 in 26.1328 ms
2026-06-04 01:23:23 [INF] HTTP GET /api/doctor/appointments responded 200 in 9.6836 ms
2026-06-04 01:23:34 [INF] HTTP GET /api/admin/receptionists responded 200 in 13.4051 ms
2026-06-04 01:23:46 [INF] HTTP POST /api/auth/receptionist/login responded 200 in 211.8863 ms
2026-06-04 01:23:47 [INF] HTTP GET /api/notifications responded 200 in 10.0118 ms
2026-06-04 01:23:47 [INF] HTTP GET /api/receptionist/appointments responded 200 in 47.9025 ms
2026-06-04 01:23:47 [INF] HTTP GET /api/receptionist/profile responded 200 in 53.3357 ms
2026-06-04 01:23:49 [INF] HTTP GET /api/notifications responded 200 in 12.6472 ms
2026-06-04 01:23:51 [INF] HTTP GET /api/receptionist/specializations responded 200 in 13.5868 ms
2026-06-04 01:23:51 [INF] HTTP GET /api/receptionist/doctors responded 200 in 43.1644 ms
2026-06-04 01:23:53 [INF] HTTP GET /api/receptionist/appointments responded 200 in 15.8478 ms
2026-06-04 01:23:57 [INF] HTTP GET /api/receptionist/specializations responded 200 in 4.8807 ms
2026-06-04 01:23:57 [INF] HTTP GET /api/receptionist/doctors responded 200 in 10.6372 ms
2026-06-04 01:24:02 [INF] HTTP GET /api/receptionist/doctors/bfab433e-f36b-1410-8cf3-005878cb5c2f/schedules responded 200 in 28.9088 ms
2026-06-04 01:24:07 [INF] HTTP GET /api/receptionist/appointments responded 200 in 15.1473 ms
2026-06-04 01:24:12 [INF] HTTP PUT /api/receptionist/appointments/4bac433e-f36b-1410-8cf3-005878cb5c2f responded 405 in 2.0921 ms
2026-06-04 01:24:19 [INF] HTTP GET /api/notifications responded 200 in 10.8135 ms
2026-06-04 01:24:19 [INF] HTTP GET /api/notifications responded 200 in 9.8782 ms
2026-06-04 01:24:23 [INF] HTTP PUT /api/receptionist/appointments/4bac433e-f36b-1410-8cf3-005878cb5c2f responded 405 in 0.7590 ms
2026-06-04 01:24:47 [INF] HTTP GET /api/notifications responded 200 in 12.7571 ms
2026-06-04 01:24:49 [INF] HTTP GET /api/notifications responded 200 in 8.7411 ms
2026-06-04 01:25:17 [INF] HTTP GET /api/notifications responded 200 in 8.6273 ms
2026-06-04 01:25:19 [INF] HTTP GET /api/notifications responded 200 in 9.4786 ms
2026-06-04 01:25:47 [INF] HTTP GET /api/notifications responded 200 in 9.9018 ms
2026-06-04 01:25:49 [INF] HTTP GET /api/notifications responded 200 in 9.5777 ms
2026-06-04 01:26:04 [ERR] HTTP POST /api/auth/receptionist/login responded 500 in 193.1146 ms
System.UnauthorizedAccessException: Invalid password.
   at BookingSystem.Services.Implementations.AuthService.ReceptionistLoginAsync(DefaultLoginRequest request, CancellationToken ct) in /Users/brian/RiderProjects/BookingSystem/BookingSystem/Services/Implementations/AuthService.cs:line 72
   at BookingSystem.Controllers.AuthController.ReceptionistLogin(DefaultLoginRequest request, CancellationToken ct) in /Users/brian/RiderProjects/BookingSystem/BookingSystem/Controllers/AuthController.cs:line 68
   at Microsoft.AspNetCore.Mvc.Infrastructure.ActionMethodExecutor.TaskOfIActionResultExecutor.Execute(ActionContext actionContext, IActionResultTypeMapper mapper, ObjectMethodExecutor executor, Object controller, Object[] arguments)
   at Microsoft.AspNetCore.Mvc.Infrastructure.ControllerActionInvoker.<InvokeActionMethodAsync>g__Logged|12_1(ControllerActionInvoker invoker)
   at Microsoft.AspNetCore.Mvc.Infrastructure.ControllerActionInvoker.<InvokeNextActionFilterAsync>g__Awaited|10_0(ControllerActionInvoker invoker, Task lastTask, State next, Scope scope, Object state, Boolean isCompleted)
   at Microsoft.AspNetCore.Mvc.Infrastructure.ControllerActionInvoker.Rethrow(ActionExecutedContextSealed context)
   at Microsoft.AspNetCore.Mvc.Infrastructure.ControllerActionInvoker.Next(State& next, Scope& scope, Object& state, Boolean& isCompleted)
   at Microsoft.AspNetCore.Mvc.Infrastructure.ControllerActionInvoker.<InvokeInnerFilterAsync>g__Awaited|13_0(ControllerActionInvoker invoker, Task lastTask, State next, Scope scope, Object state, Boolean isCompleted)
   at Microsoft.AspNetCore.Mvc.Infrastructure.ResourceInvoker.<InvokeFilterPipelineAsync>g__Awaited|20_0(ResourceInvoker invoker, Task lastTask, State next, Scope scope, Object state, Boolean isCompleted)
   at Microsoft.AspNetCore.Mvc.Infrastructure.ResourceInvoker.<InvokeAsync>g__Logged|17_1(ResourceInvoker invoker)
   at Microsoft.AspNetCore.Mvc.Infrastructure.ResourceInvoker.<InvokeAsync>g__Logged|17_1(ResourceInvoker invoker)
   at Microsoft.AspNetCore.Authorization.AuthorizationMiddleware.Invoke(HttpContext context)
   at Microsoft.AspNetCore.Authentication.AuthenticationMiddleware.Invoke(HttpContext context)
   at Swashbuckle.AspNetCore.SwaggerUI.SwaggerUIMiddleware.Invoke(HttpContext httpContext)
   at Swashbuckle.AspNetCore.Swagger.SwaggerMiddleware.Invoke(HttpContext httpContext, ISwaggerProvider swaggerProvider)
   at Microsoft.AspNetCore.RateLimiting.RateLimitingMiddleware.InvokeInternal(HttpContext context, EnableRateLimitingAttribute enableRateLimitingAttribute)
   at Serilog.AspNetCore.RequestLoggingMiddleware.Invoke(HttpContext httpContext)
2026-06-04 01:26:04 [ERR] Unhandled exception: Invalid password.
System.UnauthorizedAccessException: Invalid password.
   at BookingSystem.Services.Implementations.AuthService.ReceptionistLoginAsync(DefaultLoginRequest request, CancellationToken ct) in /Users/brian/RiderProjects/BookingSystem/BookingSystem/Services/Implementations/AuthService.cs:line 72
   at BookingSystem.Controllers.AuthController.ReceptionistLogin(DefaultLoginRequest request, CancellationToken ct) in /Users/brian/RiderProjects/BookingSystem/BookingSystem/Controllers/AuthController.cs:line 68
   at Microsoft.AspNetCore.Mvc.Infrastructure.ActionMethodExecutor.TaskOfIActionResultExecutor.Execute(ActionContext actionContext, IActionResultTypeMapper mapper, ObjectMethodExecutor executor, Object controller, Object[] arguments)
   at Microsoft.AspNetCore.Mvc.Infrastructure.ControllerActionInvoker.<InvokeActionMethodAsync>g__Logged|12_1(ControllerActionInvoker invoker)
   at Microsoft.AspNetCore.Mvc.Infrastructure.ControllerActionInvoker.<InvokeNextActionFilterAsync>g__Awaited|10_0(ControllerActionInvoker invoker, Task lastTask, State next, Scope scope, Object state, Boolean isCompleted)
   at Microsoft.AspNetCore.Mvc.Infrastructure.ControllerActionInvoker.Rethrow(ActionExecutedContextSealed context)
   at Microsoft.AspNetCore.Mvc.Infrastructure.ControllerActionInvoker.Next(State& next, Scope& scope, Object& state, Boolean& isCompleted)
   at Microsoft.AspNetCore.Mvc.Infrastructure.ControllerActionInvoker.<InvokeInnerFilterAsync>g__Awaited|13_0(ControllerActionInvoker invoker, Task lastTask, State next, Scope scope, Object state, Boolean isCompleted)
   at Microsoft.AspNetCore.Mvc.Infrastructure.ResourceInvoker.<InvokeFilterPipelineAsync>g__Awaited|20_0(ResourceInvoker invoker, Task lastTask, State next, Scope scope, Object state, Boolean isCompleted)
   at Microsoft.AspNetCore.Mvc.Infrastructure.ResourceInvoker.<InvokeAsync>g__Logged|17_1(ResourceInvoker invoker)
   at Microsoft.AspNetCore.Mvc.Infrastructure.ResourceInvoker.<InvokeAsync>g__Logged|17_1(ResourceInvoker invoker)
   at Microsoft.AspNetCore.Authorization.AuthorizationMiddleware.Invoke(HttpContext context)
   at Microsoft.AspNetCore.Authentication.AuthenticationMiddleware.Invoke(HttpContext context)
   at Swashbuckle.AspNetCore.SwaggerUI.SwaggerUIMiddleware.Invoke(HttpContext httpContext)
   at Swashbuckle.AspNetCore.Swagger.SwaggerMiddleware.Invoke(HttpContext httpContext, ISwaggerProvider swaggerProvider)
   at Microsoft.AspNetCore.RateLimiting.RateLimitingMiddleware.InvokeInternal(HttpContext context, EnableRateLimitingAttribute enableRateLimitingAttribute)
   at Serilog.AspNetCore.RequestLoggingMiddleware.Invoke(HttpContext httpContext)
   at BookingSystem.Middleware.ErrorHandlerMiddleware.InvokeAsync(HttpContext context) in /Users/brian/RiderProjects/BookingSystem/BookingSystem/Middleware/ErrorHandlerMiddleware.cs:line 20
2026-06-04 01:26:07 [ERR] HTTP POST /api/auth/receptionist/login responded 500 in 219.0853 ms
System.UnauthorizedAccessException: Invalid password.
   at BookingSystem.Services.Implementations.AuthService.ReceptionistLoginAsync(DefaultLoginRequest request, CancellationToken ct) in /Users/brian/RiderProjects/BookingSystem/BookingSystem/Services/Implementations/AuthService.cs:line 72
   at BookingSystem.Controllers.AuthController.ReceptionistLogin(DefaultLoginRequest request, CancellationToken ct) in /Users/brian/RiderProjects/BookingSystem/BookingSystem/Controllers/AuthController.cs:line 68
   at Microsoft.AspNetCore.Mvc.Infrastructure.ActionMethodExecutor.TaskOfIActionResultExecutor.Execute(ActionContext actionContext, IActionResultTypeMapper mapper, ObjectMethodExecutor executor, Object controller, Object[] arguments)
   at Microsoft.AspNetCore.Mvc.Infrastructure.ControllerActionInvoker.<InvokeActionMethodAsync>g__Logged|12_1(ControllerActionInvoker invoker)
   at Microsoft.AspNetCore.Mvc.Infrastructure.ControllerActionInvoker.<InvokeNextActionFilterAsync>g__Awaited|10_0(ControllerActionInvoker invoker, Task lastTask, State next, Scope scope, Object state, Boolean isCompleted)
   at Microsoft.AspNetCore.Mvc.Infrastructure.ControllerActionInvoker.Rethrow(ActionExecutedContextSealed context)
   at Microsoft.AspNetCore.Mvc.Infrastructure.ControllerActionInvoker.Next(State& next, Scope& scope, Object& state, Boolean& isCompleted)
   at Microsoft.AspNetCore.Mvc.Infrastructure.ControllerActionInvoker.<InvokeInnerFilterAsync>g__Awaited|13_0(ControllerActionInvoker invoker, Task lastTask, State next, Scope scope, Object state, Boolean isCompleted)
   at Microsoft.AspNetCore.Mvc.Infrastructure.ResourceInvoker.<InvokeFilterPipelineAsync>g__Awaited|20_0(ResourceInvoker invoker, Task lastTask, State next, Scope scope, Object state, Boolean isCompleted)
   at Microsoft.AspNetCore.Mvc.Infrastructure.ResourceInvoker.<InvokeAsync>g__Logged|17_1(ResourceInvoker invoker)
   at Microsoft.AspNetCore.Mvc.Infrastructure.ResourceInvoker.<InvokeAsync>g__Logged|17_1(ResourceInvoker invoker)
   at Microsoft.AspNetCore.Authorization.AuthorizationMiddleware.Invoke(HttpContext context)
   at Microsoft.AspNetCore.Authentication.AuthenticationMiddleware.Invoke(HttpContext context)
   at Swashbuckle.AspNetCore.SwaggerUI.SwaggerUIMiddleware.Invoke(HttpContext httpContext)
   at Swashbuckle.AspNetCore.Swagger.SwaggerMiddleware.Invoke(HttpContext httpContext, ISwaggerProvider swaggerProvider)
   at Microsoft.AspNetCore.RateLimiting.RateLimitingMiddleware.InvokeInternal(HttpContext context, EnableRateLimitingAttribute enableRateLimitingAttribute)
   at Serilog.AspNetCore.RequestLoggingMiddleware.Invoke(HttpContext httpContext)
2026-06-04 01:26:07 [ERR] Unhandled exception: Invalid password.
System.UnauthorizedAccessException: Invalid password.
   at BookingSystem.Services.Implementations.AuthService.ReceptionistLoginAsync(DefaultLoginRequest request, CancellationToken ct) in /Users/brian/RiderProjects/BookingSystem/BookingSystem/Services/Implementations/AuthService.cs:line 72
   at BookingSystem.Controllers.AuthController.ReceptionistLogin(DefaultLoginRequest request, CancellationToken ct) in /Users/brian/RiderProjects/BookingSystem/BookingSystem/Controllers/AuthController.cs:line 68
   at Microsoft.AspNetCore.Mvc.Infrastructure.ActionMethodExecutor.TaskOfIActionResultExecutor.Execute(ActionContext actionContext, IActionResultTypeMapper mapper, ObjectMethodExecutor executor, Object controller, Object[] arguments)
   at Microsoft.AspNetCore.Mvc.Infrastructure.ControllerActionInvoker.<InvokeActionMethodAsync>g__Logged|12_1(ControllerActionInvoker invoker)
   at Microsoft.AspNetCore.Mvc.Infrastructure.ControllerActionInvoker.<InvokeNextActionFilterAsync>g__Awaited|10_0(ControllerActionInvoker invoker, Task lastTask, State next, Scope scope, Object state, Boolean isCompleted)
   at Microsoft.AspNetCore.Mvc.Infrastructure.ControllerActionInvoker.Rethrow(ActionExecutedContextSealed context)
   at Microsoft.AspNetCore.Mvc.Infrastructure.ControllerActionInvoker.Next(State& next, Scope& scope, Object& state, Boolean& isCompleted)
   at Microsoft.AspNetCore.Mvc.Infrastructure.ControllerActionInvoker.<InvokeInnerFilterAsync>g__Awaited|13_0(ControllerActionInvoker invoker, Task lastTask, State next, Scope scope, Object state, Boolean isCompleted)
   at Microsoft.AspNetCore.Mvc.Infrastructure.ResourceInvoker.<InvokeFilterPipelineAsync>g__Awaited|20_0(ResourceInvoker invoker, Task lastTask, State next, Scope scope, Object state, Boolean isCompleted)
   at Microsoft.AspNetCore.Mvc.Infrastructure.ResourceInvoker.<InvokeAsync>g__Logged|17_1(ResourceInvoker invoker)
   at Microsoft.AspNetCore.Mvc.Infrastructure.ResourceInvoker.<InvokeAsync>g__Logged|17_1(ResourceInvoker invoker)
   at Microsoft.AspNetCore.Authorization.AuthorizationMiddleware.Invoke(HttpContext context)
   at Microsoft.AspNetCore.Authentication.AuthenticationMiddleware.Invoke(HttpContext context)
   at Swashbuckle.AspNetCore.SwaggerUI.SwaggerUIMiddleware.Invoke(HttpContext httpContext)
   at Swashbuckle.AspNetCore.Swagger.SwaggerMiddleware.Invoke(HttpContext httpContext, ISwaggerProvider swaggerProvider)
   at Microsoft.AspNetCore.RateLimiting.RateLimitingMiddleware.InvokeInternal(HttpContext context, EnableRateLimitingAttribute enableRateLimitingAttribute)
   at Serilog.AspNetCore.RequestLoggingMiddleware.Invoke(HttpContext httpContext)
   at BookingSystem.Middleware.ErrorHandlerMiddleware.InvokeAsync(HttpContext context) in /Users/brian/RiderProjects/BookingSystem/BookingSystem/Middleware/ErrorHandlerMiddleware.cs:line 20
2026-06-04 01:26:11 [ERR] HTTP POST /api/auth/receptionist/login responded 500 in 225.0076 ms
System.UnauthorizedAccessException: Invalid password.
   at BookingSystem.Services.Implementations.AuthService.ReceptionistLoginAsync(DefaultLoginRequest request, CancellationToken ct) in /Users/brian/RiderProjects/BookingSystem/BookingSystem/Services/Implementations/AuthService.cs:line 72
   at BookingSystem.Controllers.AuthController.ReceptionistLogin(DefaultLoginRequest request, CancellationToken ct) in /Users/brian/RiderProjects/BookingSystem/BookingSystem/Controllers/AuthController.cs:line 68
   at Microsoft.AspNetCore.Mvc.Infrastructure.ActionMethodExecutor.TaskOfIActionResultExecutor.Execute(ActionContext actionContext, IActionResultTypeMapper mapper, ObjectMethodExecutor executor, Object controller, Object[] arguments)
   at Microsoft.AspNetCore.Mvc.Infrastructure.ControllerActionInvoker.<InvokeActionMethodAsync>g__Logged|12_1(ControllerActionInvoker invoker)
   at Microsoft.AspNetCore.Mvc.Infrastructure.ControllerActionInvoker.<InvokeNextActionFilterAsync>g__Awaited|10_0(ControllerActionInvoker invoker, Task lastTask, State next, Scope scope, Object state, Boolean isCompleted)
   at Microsoft.AspNetCore.Mvc.Infrastructure.ControllerActionInvoker.Rethrow(ActionExecutedContextSealed context)
   at Microsoft.AspNetCore.Mvc.Infrastructure.ControllerActionInvoker.Next(State& next, Scope& scope, Object& state, Boolean& isCompleted)
   at Microsoft.AspNetCore.Mvc.Infrastructure.ControllerActionInvoker.<InvokeInnerFilterAsync>g__Awaited|13_0(ControllerActionInvoker invoker, Task lastTask, State next, Scope scope, Object state, Boolean isCompleted)
   at Microsoft.AspNetCore.Mvc.Infrastructure.ResourceInvoker.<InvokeFilterPipelineAsync>g__Awaited|20_0(ResourceInvoker invoker, Task lastTask, State next, Scope scope, Object state, Boolean isCompleted)
   at Microsoft.AspNetCore.Mvc.Infrastructure.ResourceInvoker.<InvokeAsync>g__Logged|17_1(ResourceInvoker invoker)
   at Microsoft.AspNetCore.Mvc.Infrastructure.ResourceInvoker.<InvokeAsync>g__Logged|17_1(ResourceInvoker invoker)
   at Microsoft.AspNetCore.Authorization.AuthorizationMiddleware.Invoke(HttpContext context)
   at Microsoft.AspNetCore.Authentication.AuthenticationMiddleware.Invoke(HttpContext context)
   at Swashbuckle.AspNetCore.SwaggerUI.SwaggerUIMiddleware.Invoke(HttpContext httpContext)
   at Swashbuckle.AspNetCore.Swagger.SwaggerMiddleware.Invoke(HttpContext httpContext, ISwaggerProvider swaggerProvider)
   at Microsoft.AspNetCore.RateLimiting.RateLimitingMiddleware.InvokeInternal(HttpContext context, EnableRateLimitingAttribute enableRateLimitingAttribute)
   at Serilog.AspNetCore.RequestLoggingMiddleware.Invoke(HttpContext httpContext)
2026-06-04 01:26:11 [ERR] Unhandled exception: Invalid password.
System.UnauthorizedAccessException: Invalid password.
   at BookingSystem.Services.Implementations.AuthService.ReceptionistLoginAsync(DefaultLoginRequest request, CancellationToken ct) in /Users/brian/RiderProjects/BookingSystem/BookingSystem/Services/Implementations/AuthService.cs:line 72
   at BookingSystem.Controllers.AuthController.ReceptionistLogin(DefaultLoginRequest request, CancellationToken ct) in /Users/brian/RiderProjects/BookingSystem/BookingSystem/Controllers/AuthController.cs:line 68
   at Microsoft.AspNetCore.Mvc.Infrastructure.ActionMethodExecutor.TaskOfIActionResultExecutor.Execute(ActionContext actionContext, IActionResultTypeMapper mapper, ObjectMethodExecutor executor, Object controller, Object[] arguments)
   at Microsoft.AspNetCore.Mvc.Infrastructure.ControllerActionInvoker.<InvokeActionMethodAsync>g__Logged|12_1(ControllerActionInvoker invoker)
   at Microsoft.AspNetCore.Mvc.Infrastructure.ControllerActionInvoker.<InvokeNextActionFilterAsync>g__Awaited|10_0(ControllerActionInvoker invoker, Task lastTask, State next, Scope scope, Object state, Boolean isCompleted)
   at Microsoft.AspNetCore.Mvc.Infrastructure.ControllerActionInvoker.Rethrow(ActionExecutedContextSealed context)
   at Microsoft.AspNetCore.Mvc.Infrastructure.ControllerActionInvoker.Next(State& next, Scope& scope, Object& state, Boolean& isCompleted)
   at Microsoft.AspNetCore.Mvc.Infrastructure.ControllerActionInvoker.<InvokeInnerFilterAsync>g__Awaited|13_0(ControllerActionInvoker invoker, Task lastTask, State next, Scope scope, Object state, Boolean isCompleted)
   at Microsoft.AspNetCore.Mvc.Infrastructure.ResourceInvoker.<InvokeFilterPipelineAsync>g__Awaited|20_0(ResourceInvoker invoker, Task lastTask, State next, Scope scope, Object state, Boolean isCompleted)
   at Microsoft.AspNetCore.Mvc.Infrastructure.ResourceInvoker.<InvokeAsync>g__Logged|17_1(ResourceInvoker invoker)
   at Microsoft.AspNetCore.Mvc.Infrastructure.ResourceInvoker.<InvokeAsync>g__Logged|17_1(ResourceInvoker invoker)
   at Microsoft.AspNetCore.Authorization.AuthorizationMiddleware.Invoke(HttpContext context)
   at Microsoft.AspNetCore.Authentication.AuthenticationMiddleware.Invoke(HttpContext context)
   at Swashbuckle.AspNetCore.SwaggerUI.SwaggerUIMiddleware.Invoke(HttpContext httpContext)
   at Swashbuckle.AspNetCore.Swagger.SwaggerMiddleware.Invoke(HttpContext httpContext, ISwaggerProvider swaggerProvider)
   at Microsoft.AspNetCore.RateLimiting.RateLimitingMiddleware.InvokeInternal(HttpContext context, EnableRateLimitingAttribute enableRateLimitingAttribute)
   at Serilog.AspNetCore.RequestLoggingMiddleware.Invoke(HttpContext httpContext)
   at BookingSystem.Middleware.ErrorHandlerMiddleware.InvokeAsync(HttpContext context) in /Users/brian/RiderProjects/BookingSystem/BookingSystem/Middleware/ErrorHandlerMiddleware.cs:line 20
2026-06-04 01:26:16 [INF] HTTP POST /api/auth/receptionist/login responded 200 in 214.6786 ms
2026-06-04 01:26:16 [INF] HTTP GET /api/receptionist/profile responded 200 in 73.7858 ms
2026-06-04 01:26:16 [INF] HTTP GET /api/notifications responded 200 in 73.9748 ms
2026-06-04 01:26:16 [INF] HTTP GET /api/receptionist/appointments responded 200 in 105.4541 ms
2026-06-04 01:26:17 [INF] HTTP GET /api/notifications responded 200 in 9.9590 ms
2026-06-04 01:26:18 [INF] HTTP GET /api/receptionist/patients responded 200 in 22.5974 ms
2026-06-04 01:26:18 [INF] HTTP GET /api/receptionist/specializations responded 200 in 9.8947 ms
2026-06-04 01:26:18 [INF] HTTP GET /api/receptionist/doctors responded 200 in 24.0270 ms
2026-06-04 01:26:18 [INF] HTTP GET /api/receptionist/appointments responded 200 in 18.6588 ms
2026-06-04 01:26:19 [INF] HTTP GET /api/notifications responded 200 in 10.1211 ms
2026-06-04 01:26:46 [INF] HTTP GET /api/notifications responded 200 in 40.6913 ms
2026-06-04 01:26:49 [INF] HTTP GET /api/notifications responded 200 in 11.0428 ms
2026-06-04 01:26:49 [INF] HTTP GET /api/notifications responded 200 in 10.4843 ms
2026-06-04 01:27:16 [INF] HTTP GET /api/notifications responded 200 in 10.6741 ms
2026-06-04 01:27:17 [INF] HTTP GET /api/notifications responded 200 in 6.4623 ms
2026-06-04 01:27:19 [INF] HTTP GET /api/notifications responded 200 in 9.2403 ms
2026-06-04 01:27:46 [INF] HTTP GET /api/notifications responded 200 in 9.1652 ms
2026-06-04 01:27:48 [INF] HTTP GET /api/notifications responded 200 in 10.1562 ms
2026-06-04 01:27:49 [INF] HTTP GET /api/notifications responded 200 in 11.3838 ms
2026-06-04 01:28:11 [INF] HTTP PUT /api/receptionist/appointments/4bac433e-f36b-1410-8cf3-005878cb5c2f responded 405 in 0.5757 ms
2026-06-04 01:28:16 [INF] HTTP GET /api/notifications responded 200 in 9.8509 ms
2026-06-04 01:28:17 [INF] HTTP GET /api/notifications responded 200 in 8.8572 ms
2026-06-04 01:28:19 [INF] HTTP GET /api/notifications responded 200 in 11.6699 ms
2026-06-04 01:28:26 [INF] HTTP PUT /api/receptionist/appointments/4bac433e-f36b-1410-8cf3-005878cb5c2f responded 405 in 0.6000 ms
2026-06-04 01:28:39 [INF] Now listening on: http://0.0.0.0:5111
2026-06-04 01:28:39 [INF] Application started. Press Ctrl+C to shut down.
2026-06-04 01:28:39 [INF] Hosting environment: Development
2026-06-04 01:28:39 [INF] Content root path: /Users/brian/RiderProjects/BookingSystem/BookingSystem
2026-06-04 01:28:46 [INF] HTTP PUT /api/receptionist/appointments/4bac433e-f36b-1410-8cf3-005878cb5c2f responded 405 in 49.8555 ms
2026-06-04 01:28:47 [INF] HTTP GET /api/notifications responded 200 in 841.6288 ms
2026-06-04 01:28:48 [INF] HTTP GET /api/notifications responded 200 in 45.1878 ms
2026-06-04 01:28:49 [INF] HTTP GET /api/notifications responded 200 in 21.5780 ms
2026-06-04 01:29:16 [INF] HTTP GET /api/notifications responded 200 in 12.7911 ms
2026-06-04 01:29:17 [INF] HTTP GET /api/notifications responded 200 in 9.8191 ms
2026-06-04 01:29:19 [INF] HTTP GET /api/notifications responded 401 in 14.4284 ms
2026-06-04 01:29:19 [INF] HTTP POST /api/auth/refresh responded 200 in 264.5784 ms
2026-06-04 01:29:46 [INF] HTTP GET /api/notifications responded 200 in 32.3859 ms
2026-06-04 01:29:49 [INF] HTTP GET /api/notifications responded 401 in 0.7404 ms
2026-06-04 01:29:49 [INF] HTTP POST /api/auth/refresh responded 200 in 39.8153 ms
2026-06-04 01:30:16 [INF] HTTP GET /api/notifications responded 200 in 11.5347 ms
2026-06-04 01:30:46 [INF] HTTP GET /api/notifications responded 200 in 13.6753 ms
2026-06-04 01:31:07 [INF] HTTP PUT /api/receptionist/appointments/4bac433e-f36b-1410-8cf3-005878cb5c2f responded 405 in 0.3474 ms
2026-06-04 01:31:15 [INF] Application is shutting down...
2026-06-04 01:31:16 [INF] Now listening on: http://0.0.0.0:5111
2026-06-04 01:31:16 [INF] Application started. Press Ctrl+C to shut down.
2026-06-04 01:31:16 [INF] Hosting environment: Development
2026-06-04 01:31:16 [INF] Content root path: /Users/brian/RiderProjects/BookingSystem/BookingSystem
2026-06-04 01:31:17 [INF] HTTP GET /api/notifications responded 200 in 914.1870 ms
2026-06-04 01:31:23 [INF] HTTP PUT /api/receptionist/appointments/4bac433e-f36b-1410-8cf3-005878cb5c2f responded 405 in 3.8984 ms
2026-06-04 01:31:24 [INF] HTTP PUT /api/receptionist/appointments/4bac433e-f36b-1410-8cf3-005878cb5c2f responded 405 in 4.6570 ms
2026-06-04 01:31:46 [INF] HTTP GET /api/notifications responded 200 in 58.2794 ms
2026-06-04 01:32:16 [INF] HTTP GET /api/notifications responded 401 in 18.4895 ms
2026-06-04 01:32:16 [INF] HTTP POST /api/auth/refresh responded 200 in 226.3815 ms
2026-06-04 01:32:41 [INF] Application is shutting down...
2026-06-04 01:32:43 [INF] Now listening on: http://0.0.0.0:5111
2026-06-04 01:32:43 [INF] Application started. Press Ctrl+C to shut down.
2026-06-04 01:32:43 [INF] Hosting environment: Development
2026-06-04 01:32:43 [INF] Content root path: /Users/brian/RiderProjects/BookingSystem/BookingSystem
2026-06-04 01:32:46 [INF] HTTP GET /api/notifications responded 200 in 946.4534 ms
2026-06-04 01:32:46 [INF] HTTP GET /api/receptionist/appointments responded 200 in 969.6344 ms
2026-06-04 01:32:52 [INF] HTTP PUT /api/receptionist/appointments/4bac433e-f36b-1410-8cf3-005878cb5c2f responded 405 in 4.4429 ms
2026-06-04 01:33:15 [INF] HTTP GET /api/notifications responded 200 in 63.9963 ms
2026-06-04 01:33:15 [INF] HTTP GET /api/receptionist/appointments responded 200 in 68.4935 ms
2026-06-04 01:33:30 [INF] HTTP GET /api/notifications responded 200 in 12.3826 ms
2026-06-04 01:33:30 [INF] HTTP GET /api/receptionist/appointments responded 200 in 20.9827 ms
2026-06-04 01:33:34 [INF] HTTP GET /api/notifications responded 200 in 8.8533 ms
2026-06-04 01:33:34 [INF] HTTP GET /api/receptionist/appointments responded 200 in 14.5370 ms
2026-06-04 01:34:04 [INF] HTTP GET /api/notifications responded 200 in 6.9687 ms
2026-06-04 01:34:34 [INF] HTTP GET /api/notifications responded 200 in 10.9708 ms
2026-06-04 01:35:04 [INF] HTTP GET /api/notifications responded 200 in 11.4966 ms
2026-06-04 01:35:34 [INF] HTTP GET /api/notifications responded 200 in 15.0300 ms
2026-06-04 01:36:04 [INF] HTTP GET /api/notifications responded 200 in 11.1130 ms
2026-06-04 01:36:31 [INF] HTTP GET /api/notifications responded 200 in 6.7415 ms
2026-06-04 01:36:31 [INF] HTTP GET /api/receptionist/profile responded 200 in 74.0512 ms
2026-06-04 01:36:33 [INF] HTTP GET /api/receptionist/patients responded 200 in 34.1332 ms
2026-06-04 01:36:34 [INF] HTTP GET /api/receptionist/doctors responded 200 in 40.5462 ms
2026-06-04 01:36:34 [INF] HTTP GET /api/receptionist/appointments responded 200 in 9.2562 ms
2026-06-04 01:36:37 [INF] HTTP PUT /api/receptionist/appointments/4bac433e-f36b-1410-8cf3-005878cb5c2f/accept responded 200 in 253.4284 ms
2026-06-04 01:36:37 [INF] HTTP GET /api/receptionist/appointments responded 200 in 3.5820 ms
2026-06-04 01:36:37 [INF] HTTP GET /api/receptionist/appointments responded 200 in 6.0720 ms
2026-06-04 01:36:51 [ERR] HTTP POST /api/auth/patient/login responded 500 in 52.9594 ms
System.UnauthorizedAccessException: Patient not found.
   at BookingSystem.Services.Implementations.AuthService.PatientLoginAsync(DefaultLoginRequest request, CancellationToken ct) in /Users/brian/RiderProjects/BookingSystem/BookingSystem/Services/Implementations/AuthService.cs:line 26
   at BookingSystem.Controllers.AuthController.PatientLogin(DefaultLoginRequest request, CancellationToken ct) in /Users/brian/RiderProjects/BookingSystem/BookingSystem/Controllers/AuthController.cs:line 20
   at Microsoft.AspNetCore.Mvc.Infrastructure.ActionMethodExecutor.TaskOfIActionResultExecutor.Execute(ActionContext actionContext, IActionResultTypeMapper mapper, ObjectMethodExecutor executor, Object controller, Object[] arguments)
   at Microsoft.AspNetCore.Mvc.Infrastructure.ControllerActionInvoker.<InvokeActionMethodAsync>g__Logged|12_1(ControllerActionInvoker invoker)
   at Microsoft.AspNetCore.Mvc.Infrastructure.ControllerActionInvoker.<InvokeNextActionFilterAsync>g__Awaited|10_0(ControllerActionInvoker invoker, Task lastTask, State next, Scope scope, Object state, Boolean isCompleted)
   at Microsoft.AspNetCore.Mvc.Infrastructure.ControllerActionInvoker.Rethrow(ActionExecutedContextSealed context)
   at Microsoft.AspNetCore.Mvc.Infrastructure.ControllerActionInvoker.Next(State& next, Scope& scope, Object& state, Boolean& isCompleted)
   at Microsoft.AspNetCore.Mvc.Infrastructure.ControllerActionInvoker.<InvokeInnerFilterAsync>g__Awaited|13_0(ControllerActionInvoker invoker, Task lastTask, State next, Scope scope, Object state, Boolean isCompleted)
   at Microsoft.AspNetCore.Mvc.Infrastructure.ResourceInvoker.<InvokeFilterPipelineAsync>g__Awaited|20_0(ResourceInvoker invoker, Task lastTask, State next, Scope scope, Object state, Boolean isCompleted)
   at Microsoft.AspNetCore.Mvc.Infrastructure.ResourceInvoker.<InvokeAsync>g__Logged|17_1(ResourceInvoker invoker)
   at Microsoft.AspNetCore.Mvc.Infrastructure.ResourceInvoker.<InvokeAsync>g__Logged|17_1(ResourceInvoker invoker)
   at Microsoft.AspNetCore.Authorization.AuthorizationMiddleware.Invoke(HttpContext context)
   at Microsoft.AspNetCore.Authentication.AuthenticationMiddleware.Invoke(HttpContext context)
   at Swashbuckle.AspNetCore.SwaggerUI.SwaggerUIMiddleware.Invoke(HttpContext httpContext)
   at Swashbuckle.AspNetCore.Swagger.SwaggerMiddleware.Invoke(HttpContext httpContext, ISwaggerProvider swaggerProvider)
   at Microsoft.AspNetCore.RateLimiting.RateLimitingMiddleware.InvokeInternal(HttpContext context, EnableRateLimitingAttribute enableRateLimitingAttribute)
   at Serilog.AspNetCore.RequestLoggingMiddleware.Invoke(HttpContext httpContext)
2026-06-04 01:36:51 [ERR] Unhandled exception: Patient not found.
System.UnauthorizedAccessException: Patient not found.
   at BookingSystem.Services.Implementations.AuthService.PatientLoginAsync(DefaultLoginRequest request, CancellationToken ct) in /Users/brian/RiderProjects/BookingSystem/BookingSystem/Services/Implementations/AuthService.cs:line 26
   at BookingSystem.Controllers.AuthController.PatientLogin(DefaultLoginRequest request, CancellationToken ct) in /Users/brian/RiderProjects/BookingSystem/BookingSystem/Controllers/AuthController.cs:line 20
   at Microsoft.AspNetCore.Mvc.Infrastructure.ActionMethodExecutor.TaskOfIActionResultExecutor.Execute(ActionContext actionContext, IActionResultTypeMapper mapper, ObjectMethodExecutor executor, Object controller, Object[] arguments)
   at Microsoft.AspNetCore.Mvc.Infrastructure.ControllerActionInvoker.<InvokeActionMethodAsync>g__Logged|12_1(ControllerActionInvoker invoker)
   at Microsoft.AspNetCore.Mvc.Infrastructure.ControllerActionInvoker.<InvokeNextActionFilterAsync>g__Awaited|10_0(ControllerActionInvoker invoker, Task lastTask, State next, Scope scope, Object state, Boolean isCompleted)
   at Microsoft.AspNetCore.Mvc.Infrastructure.ControllerActionInvoker.Rethrow(ActionExecutedContextSealed context)
   at Microsoft.AspNetCore.Mvc.Infrastructure.ControllerActionInvoker.Next(State& next, Scope& scope, Object& state, Boolean& isCompleted)
   at Microsoft.AspNetCore.Mvc.Infrastructure.ControllerActionInvoker.<InvokeInnerFilterAsync>g__Awaited|13_0(ControllerActionInvoker invoker, Task lastTask, State next, Scope scope, Object state, Boolean isCompleted)
   at Microsoft.AspNetCore.Mvc.Infrastructure.ResourceInvoker.<InvokeFilterPipelineAsync>g__Awaited|20_0(ResourceInvoker invoker, Task lastTask, State next, Scope scope, Object state, Boolean isCompleted)
   at Microsoft.AspNetCore.Mvc.Infrastructure.ResourceInvoker.<InvokeAsync>g__Logged|17_1(ResourceInvoker invoker)
   at Microsoft.AspNetCore.Mvc.Infrastructure.ResourceInvoker.<InvokeAsync>g__Logged|17_1(ResourceInvoker invoker)
   at Microsoft.AspNetCore.Authorization.AuthorizationMiddleware.Invoke(HttpContext context)
   at Microsoft.AspNetCore.Authentication.AuthenticationMiddleware.Invoke(HttpContext context)
   at Swashbuckle.AspNetCore.SwaggerUI.SwaggerUIMiddleware.Invoke(HttpContext httpContext)
   at Swashbuckle.AspNetCore.Swagger.SwaggerMiddleware.Invoke(HttpContext httpContext, ISwaggerProvider swaggerProvider)
   at Microsoft.AspNetCore.RateLimiting.RateLimitingMiddleware.InvokeInternal(HttpContext context, EnableRateLimitingAttribute enableRateLimitingAttribute)
   at Serilog.AspNetCore.RequestLoggingMiddleware.Invoke(HttpContext httpContext)
   at BookingSystem.Middleware.ErrorHandlerMiddleware.InvokeAsync(HttpContext context) in /Users/brian/RiderProjects/BookingSystem/BookingSystem/Middleware/ErrorHandlerMiddleware.cs:line 20
2026-06-04 01:37:01 [INF] HTTP GET /api/notifications responded 200 in 5.3704 ms
2026-06-04 01:37:08 [ERR] HTTP POST /api/auth/patient/login responded 500 in 206.6449 ms
System.UnauthorizedAccessException: Invalid password.
   at BookingSystem.Services.Implementations.AuthService.PatientLoginAsync(DefaultLoginRequest request, CancellationToken ct) in /Users/brian/RiderProjects/BookingSystem/BookingSystem/Services/Implementations/AuthService.cs:line 33
   at BookingSystem.Controllers.AuthController.PatientLogin(DefaultLoginRequest request, CancellationToken ct) in /Users/brian/RiderProjects/BookingSystem/BookingSystem/Controllers/AuthController.cs:line 20
   at Microsoft.AspNetCore.Mvc.Infrastructure.ActionMethodExecutor.TaskOfIActionResultExecutor.Execute(ActionContext actionContext, IActionResultTypeMapper mapper, ObjectMethodExecutor executor, Object controller, Object[] arguments)
   at Microsoft.AspNetCore.Mvc.Infrastructure.ControllerActionInvoker.<InvokeActionMethodAsync>g__Logged|12_1(ControllerActionInvoker invoker)
   at Microsoft.AspNetCore.Mvc.Infrastructure.ControllerActionInvoker.<InvokeNextActionFilterAsync>g__Awaited|10_0(ControllerActionInvoker invoker, Task lastTask, State next, Scope scope, Object state, Boolean isCompleted)
   at Microsoft.AspNetCore.Mvc.Infrastructure.ControllerActionInvoker.Rethrow(ActionExecutedContextSealed context)
   at Microsoft.AspNetCore.Mvc.Infrastructure.ControllerActionInvoker.Next(State& next, Scope& scope, Object& state, Boolean& isCompleted)
   at Microsoft.AspNetCore.Mvc.Infrastructure.ControllerActionInvoker.<InvokeInnerFilterAsync>g__Awaited|13_0(ControllerActionInvoker invoker, Task lastTask, State next, Scope scope, Object state, Boolean isCompleted)
   at Microsoft.AspNetCore.Mvc.Infrastructure.ResourceInvoker.<InvokeFilterPipelineAsync>g__Awaited|20_0(ResourceInvoker invoker, Task lastTask, State next, Scope scope, Object state, Boolean isCompleted)
   at Microsoft.AspNetCore.Mvc.Infrastructure.ResourceInvoker.<InvokeAsync>g__Logged|17_1(ResourceInvoker invoker)
   at Microsoft.AspNetCore.Mvc.Infrastructure.ResourceInvoker.<InvokeAsync>g__Logged|17_1(ResourceInvoker invoker)
   at Microsoft.AspNetCore.Authorization.AuthorizationMiddleware.Invoke(HttpContext context)
   at Microsoft.AspNetCore.Authentication.AuthenticationMiddleware.Invoke(HttpContext context)
   at Swashbuckle.AspNetCore.SwaggerUI.SwaggerUIMiddleware.Invoke(HttpContext httpContext)
   at Swashbuckle.AspNetCore.Swagger.SwaggerMiddleware.Invoke(HttpContext httpContext, ISwaggerProvider swaggerProvider)
   at Microsoft.AspNetCore.RateLimiting.RateLimitingMiddleware.InvokeInternal(HttpContext context, EnableRateLimitingAttribute enableRateLimitingAttribute)
   at Serilog.AspNetCore.RequestLoggingMiddleware.Invoke(HttpContext httpContext)
2026-06-04 01:37:08 [ERR] Unhandled exception: Invalid password.
System.UnauthorizedAccessException: Invalid password.
   at BookingSystem.Services.Implementations.AuthService.PatientLoginAsync(DefaultLoginRequest request, CancellationToken ct) in /Users/brian/RiderProjects/BookingSystem/BookingSystem/Services/Implementations/AuthService.cs:line 33
   at BookingSystem.Controllers.AuthController.PatientLogin(DefaultLoginRequest request, CancellationToken ct) in /Users/brian/RiderProjects/BookingSystem/BookingSystem/Controllers/AuthController.cs:line 20
   at Microsoft.AspNetCore.Mvc.Infrastructure.ActionMethodExecutor.TaskOfIActionResultExecutor.Execute(ActionContext actionContext, IActionResultTypeMapper mapper, ObjectMethodExecutor executor, Object controller, Object[] arguments)
   at Microsoft.AspNetCore.Mvc.Infrastructure.ControllerActionInvoker.<InvokeActionMethodAsync>g__Logged|12_1(ControllerActionInvoker invoker)
   at Microsoft.AspNetCore.Mvc.Infrastructure.ControllerActionInvoker.<InvokeNextActionFilterAsync>g__Awaited|10_0(ControllerActionInvoker invoker, Task lastTask, State next, Scope scope, Object state, Boolean isCompleted)
   at Microsoft.AspNetCore.Mvc.Infrastructure.ControllerActionInvoker.Rethrow(ActionExecutedContextSealed context)
   at Microsoft.AspNetCore.Mvc.Infrastructure.ControllerActionInvoker.Next(State& next, Scope& scope, Object& state, Boolean& isCompleted)
   at Microsoft.AspNetCore.Mvc.Infrastructure.ControllerActionInvoker.<InvokeInnerFilterAsync>g__Awaited|13_0(ControllerActionInvoker invoker, Task lastTask, State next, Scope scope, Object state, Boolean isCompleted)
   at Microsoft.AspNetCore.Mvc.Infrastructure.ResourceInvoker.<InvokeFilterPipelineAsync>g__Awaited|20_0(ResourceInvoker invoker, Task lastTask, State next, Scope scope, Object state, Boolean isCompleted)
   at Microsoft.AspNetCore.Mvc.Infrastructure.ResourceInvoker.<InvokeAsync>g__Logged|17_1(ResourceInvoker invoker)
   at Microsoft.AspNetCore.Mvc.Infrastructure.ResourceInvoker.<InvokeAsync>g__Logged|17_1(ResourceInvoker invoker)
   at Microsoft.AspNetCore.Authorization.AuthorizationMiddleware.Invoke(HttpContext context)
   at Microsoft.AspNetCore.Authentication.AuthenticationMiddleware.Invoke(HttpContext context)
   at Swashbuckle.AspNetCore.SwaggerUI.SwaggerUIMiddleware.Invoke(HttpContext httpContext)
   at Swashbuckle.AspNetCore.Swagger.SwaggerMiddleware.Invoke(HttpContext httpContext, ISwaggerProvider swaggerProvider)
   at Microsoft.AspNetCore.RateLimiting.RateLimitingMiddleware.InvokeInternal(HttpContext context, EnableRateLimitingAttribute enableRateLimitingAttribute)
   at Serilog.AspNetCore.RequestLoggingMiddleware.Invoke(HttpContext httpContext)
   at BookingSystem.Middleware.ErrorHandlerMiddleware.InvokeAsync(HttpContext context) in /Users/brian/RiderProjects/BookingSystem/BookingSystem/Middleware/ErrorHandlerMiddleware.cs:line 20
2026-06-04 01:37:20 [ERR] HTTP POST /api/auth/patient/login responded 500 in 138.6418 ms
System.UnauthorizedAccessException: Invalid password.
   at BookingSystem.Services.Implementations.AuthService.PatientLoginAsync(DefaultLoginRequest request, CancellationToken ct) in /Users/brian/RiderProjects/BookingSystem/BookingSystem/Services/Implementations/AuthService.cs:line 33
   at BookingSystem.Controllers.AuthController.PatientLogin(DefaultLoginRequest request, CancellationToken ct) in /Users/brian/RiderProjects/BookingSystem/BookingSystem/Controllers/AuthController.cs:line 20
   at Microsoft.AspNetCore.Mvc.Infrastructure.ActionMethodExecutor.TaskOfIActionResultExecutor.Execute(ActionContext actionContext, IActionResultTypeMapper mapper, ObjectMethodExecutor executor, Object controller, Object[] arguments)
   at Microsoft.AspNetCore.Mvc.Infrastructure.ControllerActionInvoker.<InvokeActionMethodAsync>g__Logged|12_1(ControllerActionInvoker invoker)
   at Microsoft.AspNetCore.Mvc.Infrastructure.ControllerActionInvoker.<InvokeNextActionFilterAsync>g__Awaited|10_0(ControllerActionInvoker invoker, Task lastTask, State next, Scope scope, Object state, Boolean isCompleted)
   at Microsoft.AspNetCore.Mvc.Infrastructure.ControllerActionInvoker.Rethrow(ActionExecutedContextSealed context)
   at Microsoft.AspNetCore.Mvc.Infrastructure.ControllerActionInvoker.Next(State& next, Scope& scope, Object& state, Boolean& isCompleted)
   at Microsoft.AspNetCore.Mvc.Infrastructure.ControllerActionInvoker.<InvokeInnerFilterAsync>g__Awaited|13_0(ControllerActionInvoker invoker, Task lastTask, State next, Scope scope, Object state, Boolean isCompleted)
   at Microsoft.AspNetCore.Mvc.Infrastructure.ResourceInvoker.<InvokeFilterPipelineAsync>g__Awaited|20_0(ResourceInvoker invoker, Task lastTask, State next, Scope scope, Object state, Boolean isCompleted)
   at Microsoft.AspNetCore.Mvc.Infrastructure.ResourceInvoker.<InvokeAsync>g__Logged|17_1(ResourceInvoker invoker)
   at Microsoft.AspNetCore.Mvc.Infrastructure.ResourceInvoker.<InvokeAsync>g__Logged|17_1(ResourceInvoker invoker)
   at Microsoft.AspNetCore.Authorization.AuthorizationMiddleware.Invoke(HttpContext context)
   at Microsoft.AspNetCore.Authentication.AuthenticationMiddleware.Invoke(HttpContext context)
   at Swashbuckle.AspNetCore.SwaggerUI.SwaggerUIMiddleware.Invoke(HttpContext httpContext)
   at Swashbuckle.AspNetCore.Swagger.SwaggerMiddleware.Invoke(HttpContext httpContext, ISwaggerProvider swaggerProvider)
   at Microsoft.AspNetCore.RateLimiting.RateLimitingMiddleware.InvokeInternal(HttpContext context, EnableRateLimitingAttribute enableRateLimitingAttribute)
   at Serilog.AspNetCore.RequestLoggingMiddleware.Invoke(HttpContext httpContext)
2026-06-04 01:37:20 [ERR] Unhandled exception: Invalid password.
System.UnauthorizedAccessException: Invalid password.
   at BookingSystem.Services.Implementations.AuthService.PatientLoginAsync(DefaultLoginRequest request, CancellationToken ct) in /Users/brian/RiderProjects/BookingSystem/BookingSystem/Services/Implementations/AuthService.cs:line 33
   at BookingSystem.Controllers.AuthController.PatientLogin(DefaultLoginRequest request, CancellationToken ct) in /Users/brian/RiderProjects/BookingSystem/BookingSystem/Controllers/AuthController.cs:line 20
   at Microsoft.AspNetCore.Mvc.Infrastructure.ActionMethodExecutor.TaskOfIActionResultExecutor.Execute(ActionContext actionContext, IActionResultTypeMapper mapper, ObjectMethodExecutor executor, Object controller, Object[] arguments)
   at Microsoft.AspNetCore.Mvc.Infrastructure.ControllerActionInvoker.<InvokeActionMethodAsync>g__Logged|12_1(ControllerActionInvoker invoker)
   at Microsoft.AspNetCore.Mvc.Infrastructure.ControllerActionInvoker.<InvokeNextActionFilterAsync>g__Awaited|10_0(ControllerActionInvoker invoker, Task lastTask, State next, Scope scope, Object state, Boolean isCompleted)
   at Microsoft.AspNetCore.Mvc.Infrastructure.ControllerActionInvoker.Rethrow(ActionExecutedContextSealed context)
   at Microsoft.AspNetCore.Mvc.Infrastructure.ControllerActionInvoker.Next(State& next, Scope& scope, Object& state, Boolean& isCompleted)
   at Microsoft.AspNetCore.Mvc.Infrastructure.ControllerActionInvoker.<InvokeInnerFilterAsync>g__Awaited|13_0(ControllerActionInvoker invoker, Task lastTask, State next, Scope scope, Object state, Boolean isCompleted)
   at Microsoft.AspNetCore.Mvc.Infrastructure.ResourceInvoker.<InvokeFilterPipelineAsync>g__Awaited|20_0(ResourceInvoker invoker, Task lastTask, State next, Scope scope, Object state, Boolean isCompleted)
   at Microsoft.AspNetCore.Mvc.Infrastructure.ResourceInvoker.<InvokeAsync>g__Logged|17_1(ResourceInvoker invoker)
   at Microsoft.AspNetCore.Mvc.Infrastructure.ResourceInvoker.<InvokeAsync>g__Logged|17_1(ResourceInvoker invoker)
   at Microsoft.AspNetCore.Authorization.AuthorizationMiddleware.Invoke(HttpContext context)
   at Microsoft.AspNetCore.Authentication.AuthenticationMiddleware.Invoke(HttpContext context)
   at Swashbuckle.AspNetCore.SwaggerUI.SwaggerUIMiddleware.Invoke(HttpContext httpContext)
   at Swashbuckle.AspNetCore.Swagger.SwaggerMiddleware.Invoke(HttpContext httpContext, ISwaggerProvider swaggerProvider)
   at Microsoft.AspNetCore.RateLimiting.RateLimitingMiddleware.InvokeInternal(HttpContext context, EnableRateLimitingAttribute enableRateLimitingAttribute)
   at Serilog.AspNetCore.RequestLoggingMiddleware.Invoke(HttpContext httpContext)
   at BookingSystem.Middleware.ErrorHandlerMiddleware.InvokeAsync(HttpContext context) in /Users/brian/RiderProjects/BookingSystem/BookingSystem/Middleware/ErrorHandlerMiddleware.cs:line 20
2026-06-04 01:37:24 [ERR] HTTP POST /api/auth/patient/login responded 500 in 136.0095 ms
System.UnauthorizedAccessException: Invalid password.
   at BookingSystem.Services.Implementations.AuthService.PatientLoginAsync(DefaultLoginRequest request, CancellationToken ct) in /Users/brian/RiderProjects/BookingSystem/BookingSystem/Services/Implementations/AuthService.cs:line 33
   at BookingSystem.Controllers.AuthController.PatientLogin(DefaultLoginRequest request, CancellationToken ct) in /Users/brian/RiderProjects/BookingSystem/BookingSystem/Controllers/AuthController.cs:line 20
   at Microsoft.AspNetCore.Mvc.Infrastructure.ActionMethodExecutor.TaskOfIActionResultExecutor.Execute(ActionContext actionContext, IActionResultTypeMapper mapper, ObjectMethodExecutor executor, Object controller, Object[] arguments)
   at Microsoft.AspNetCore.Mvc.Infrastructure.ControllerActionInvoker.<InvokeActionMethodAsync>g__Logged|12_1(ControllerActionInvoker invoker)
   at Microsoft.AspNetCore.Mvc.Infrastructure.ControllerActionInvoker.<InvokeNextActionFilterAsync>g__Awaited|10_0(ControllerActionInvoker invoker, Task lastTask, State next, Scope scope, Object state, Boolean isCompleted)
   at Microsoft.AspNetCore.Mvc.Infrastructure.ControllerActionInvoker.Rethrow(ActionExecutedContextSealed context)
   at Microsoft.AspNetCore.Mvc.Infrastructure.ControllerActionInvoker.Next(State& next, Scope& scope, Object& state, Boolean& isCompleted)
   at Microsoft.AspNetCore.Mvc.Infrastructure.ControllerActionInvoker.<InvokeInnerFilterAsync>g__Awaited|13_0(ControllerActionInvoker invoker, Task lastTask, State next, Scope scope, Object state, Boolean isCompleted)
   at Microsoft.AspNetCore.Mvc.Infrastructure.ResourceInvoker.<InvokeFilterPipelineAsync>g__Awaited|20_0(ResourceInvoker invoker, Task lastTask, State next, Scope scope, Object state, Boolean isCompleted)
   at Microsoft.AspNetCore.Mvc.Infrastructure.ResourceInvoker.<InvokeAsync>g__Logged|17_1(ResourceInvoker invoker)
   at Microsoft.AspNetCore.Mvc.Infrastructure.ResourceInvoker.<InvokeAsync>g__Logged|17_1(ResourceInvoker invoker)
   at Microsoft.AspNetCore.Authorization.AuthorizationMiddleware.Invoke(HttpContext context)
   at Microsoft.AspNetCore.Authentication.AuthenticationMiddleware.Invoke(HttpContext context)
   at Swashbuckle.AspNetCore.SwaggerUI.SwaggerUIMiddleware.Invoke(HttpContext httpContext)
   at Swashbuckle.AspNetCore.Swagger.SwaggerMiddleware.Invoke(HttpContext httpContext, ISwaggerProvider swaggerProvider)
   at Microsoft.AspNetCore.RateLimiting.RateLimitingMiddleware.InvokeInternal(HttpContext context, EnableRateLimitingAttribute enableRateLimitingAttribute)
   at Serilog.AspNetCore.RequestLoggingMiddleware.Invoke(HttpContext httpContext)
2026-06-04 01:37:24 [ERR] Unhandled exception: Invalid password.
System.UnauthorizedAccessException: Invalid password.
   at BookingSystem.Services.Implementations.AuthService.PatientLoginAsync(DefaultLoginRequest request, CancellationToken ct) in /Users/brian/RiderProjects/BookingSystem/BookingSystem/Services/Implementations/AuthService.cs:line 33
   at BookingSystem.Controllers.AuthController.PatientLogin(DefaultLoginRequest request, CancellationToken ct) in /Users/brian/RiderProjects/BookingSystem/BookingSystem/Controllers/AuthController.cs:line 20
   at Microsoft.AspNetCore.Mvc.Infrastructure.ActionMethodExecutor.TaskOfIActionResultExecutor.Execute(ActionContext actionContext, IActionResultTypeMapper mapper, ObjectMethodExecutor executor, Object controller, Object[] arguments)
   at Microsoft.AspNetCore.Mvc.Infrastructure.ControllerActionInvoker.<InvokeActionMethodAsync>g__Logged|12_1(ControllerActionInvoker invoker)
   at Microsoft.AspNetCore.Mvc.Infrastructure.ControllerActionInvoker.<InvokeNextActionFilterAsync>g__Awaited|10_0(ControllerActionInvoker invoker, Task lastTask, State next, Scope scope, Object state, Boolean isCompleted)
   at Microsoft.AspNetCore.Mvc.Infrastructure.ControllerActionInvoker.Rethrow(ActionExecutedContextSealed context)
   at Microsoft.AspNetCore.Mvc.Infrastructure.ControllerActionInvoker.Next(State& next, Scope& scope, Object& state, Boolean& isCompleted)
   at Microsoft.AspNetCore.Mvc.Infrastructure.ControllerActionInvoker.<InvokeInnerFilterAsync>g__Awaited|13_0(ControllerActionInvoker invoker, Task lastTask, State next, Scope scope, Object state, Boolean isCompleted)
   at Microsoft.AspNetCore.Mvc.Infrastructure.ResourceInvoker.<InvokeFilterPipelineAsync>g__Awaited|20_0(ResourceInvoker invoker, Task lastTask, State next, Scope scope, Object state, Boolean isCompleted)
   at Microsoft.AspNetCore.Mvc.Infrastructure.ResourceInvoker.<InvokeAsync>g__Logged|17_1(ResourceInvoker invoker)
   at Microsoft.AspNetCore.Mvc.Infrastructure.ResourceInvoker.<InvokeAsync>g__Logged|17_1(ResourceInvoker invoker)
   at Microsoft.AspNetCore.Authorization.AuthorizationMiddleware.Invoke(HttpContext context)
   at Microsoft.AspNetCore.Authentication.AuthenticationMiddleware.Invoke(HttpContext context)
   at Swashbuckle.AspNetCore.SwaggerUI.SwaggerUIMiddleware.Invoke(HttpContext httpContext)
   at Swashbuckle.AspNetCore.Swagger.SwaggerMiddleware.Invoke(HttpContext httpContext, ISwaggerProvider swaggerProvider)
   at Microsoft.AspNetCore.RateLimiting.RateLimitingMiddleware.InvokeInternal(HttpContext context, EnableRateLimitingAttribute enableRateLimitingAttribute)
   at Serilog.AspNetCore.RequestLoggingMiddleware.Invoke(HttpContext httpContext)
   at BookingSystem.Middleware.ErrorHandlerMiddleware.InvokeAsync(HttpContext context) in /Users/brian/RiderProjects/BookingSystem/BookingSystem/Middleware/ErrorHandlerMiddleware.cs:line 20
2026-06-04 01:37:30 [INF] HTTP POST /api/auth/patient/login responded 200 in 162.9062 ms
2026-06-04 01:37:31 [INF] HTTP GET /api/notifications responded 200 in 10.6110 ms
2026-06-04 01:37:31 [INF] HTTP GET /api/patient/profile responded 200 in 13.4619 ms
2026-06-04 01:37:31 [INF] HTTP GET /api/patient/appointments responded 200 in 26.1913 ms
2026-06-04 01:37:31 [INF] HTTP GET /api/notifications responded 200 in 5.1048 ms
2026-06-04 01:37:36 [INF] HTTP GET /api/patient/doctors responded 200 in 19.9458 ms
2026-06-04 01:37:36 [INF] HTTP GET /api/patient/specializations responded 200 in 18.1863 ms
2026-06-04 01:37:37 [INF] HTTP GET /api/notifications responded 200 in 6.3618 ms
2026-06-04 01:37:56 [INF] HTTP POST /api/auth/logout responded 200 in 34.5848 ms
2026-06-04 01:38:01 [INF] HTTP GET /api/notifications responded 200 in 8.0504 ms
2026-06-04 01:38:07 [INF] HTTP POST /api/auth/patient/login responded 200 in 129.8022 ms
2026-06-04 01:38:07 [INF] HTTP GET /api/notifications responded 200 in 5.9286 ms
2026-06-04 01:38:07 [INF] HTTP GET /api/patient/profile responded 200 in 2.9851 ms
2026-06-04 01:38:07 [INF] HTTP GET /api/patient/appointments responded 200 in 5.1571 ms
2026-06-04 01:38:17 [INF] HTTP PUT /api/receptionist/appointments/4bac433e-f36b-1410-8cf3-005878cb5c2f/arrived responded 401 in 15.1509 ms
2026-06-04 01:38:17 [INF] HTTP POST /api/auth/refresh responded 200 in 33.5595 ms
2026-06-04 01:38:17 [INF] HTTP GET /api/notifications responded 200 in 4.0939 ms
2026-06-04 01:38:17 [INF] HTTP GET /api/receptionist/appointments responded 200 in 7.4782 ms
2026-06-04 01:38:22 [INF] HTTP PUT /api/receptionist/appointments/4bac433e-f36b-1410-8cf3-005878cb5c2f/arrived responded 200 in 48.2561 ms
2026-06-04 01:38:22 [INF] HTTP GET /api/receptionist/appointments responded 200 in 7.6470 ms
2026-06-04 01:38:22 [INF] HTTP GET /api/receptionist/appointments responded 200 in 7.3794 ms
2026-06-04 01:38:29 [INF] HTTP GET /api/patient/specializations responded 200 in 4.7914 ms
2026-06-04 01:38:29 [INF] HTTP GET /api/patient/doctors responded 200 in 10.9077 ms
2026-06-04 01:38:29 [INF] HTTP GET /api/notifications responded 200 in 8.1852 ms
2026-06-04 01:38:32 [INF] HTTP GET /api/notifications responded 200 in 8.0006 ms
2026-06-04 01:38:32 [INF] HTTP GET /api/patient/appointments responded 200 in 11.0678 ms
2026-06-04 01:38:47 [INF] HTTP GET /api/notifications responded 200 in 7.5245 ms
2026-06-04 01:39:03 [INF] HTTP GET /api/notifications responded 200 in 7.9922 ms
2026-06-04 01:39:17 [INF] HTTP GET /api/notifications responded 200 in 8.4039 ms
2026-06-04 01:39:32 [INF] HTTP GET /api/notifications responded 200 in 8.1543 ms
2026-06-04 01:39:47 [INF] HTTP GET /api/notifications responded 200 in 9.2461 ms
2026-06-04 01:40:03 [INF] HTTP GET /api/notifications responded 200 in 8.6500 ms
2026-06-04 01:40:17 [INF] HTTP GET /api/notifications responded 200 in 8.3842 ms
2026-06-04 01:40:33 [INF] HTTP GET /api/notifications responded 200 in 7.7309 ms
2026-06-04 01:40:47 [INF] HTTP GET /api/notifications responded 200 in 8.0070 ms
2026-06-04 01:41:02 [INF] HTTP GET /api/notifications responded 200 in 6.6770 ms
2026-06-04 01:41:17 [INF] HTTP GET /api/notifications responded 200 in 6.1647 ms
2026-06-04 01:41:32 [INF] HTTP GET /api/notifications responded 200 in 8.4754 ms
2026-06-04 01:41:47 [INF] HTTP GET /api/notifications responded 200 in 7.2395 ms
2026-06-04 01:42:02 [INF] HTTP GET /api/notifications responded 200 in 6.1210 ms
2026-06-04 01:42:17 [INF] HTTP GET /api/notifications responded 200 in 5.4997 ms
2026-06-04 01:42:29 [INF] HTTP GET /api/notifications responded 200 in 4.4483 ms
2026-06-04 01:42:29 [INF] HTTP GET /api/receptionist/appointments responded 200 in 38.4866 ms
2026-06-04 01:42:33 [INF] HTTP GET /api/notifications responded 200 in 7.3793 ms
2026-06-04 01:42:59 [INF] HTTP GET /api/notifications responded 200 in 3.8867 ms
2026-06-04 01:43:02 [INF] HTTP GET /api/notifications responded 200 in 7.9416 ms
2026-06-04 01:43:29 [INF] HTTP GET /api/notifications responded 200 in 8.7951 ms
2026-06-04 01:43:32 [INF] HTTP GET /api/notifications responded 200 in 5.4461 ms
2026-06-04 01:43:54 [INF] HTTP GET /api/receptionist/appointments responded 200 in 15.2660 ms
2026-06-04 01:43:59 [INF] HTTP GET /api/notifications responded 200 in 9.5799 ms
2026-06-04 01:44:01 [INF] HTTP GET /api/receptionist/appointments responded 200 in 18.2802 ms
2026-06-04 01:44:05 [INF] HTTP GET /api/notifications responded 200 in 9.2932 ms
2026-06-04 01:44:07 [INF] HTTP GET /api/receptionist/appointments responded 200 in 13.2710 ms
2026-06-04 01:44:15 [INF] HTTP GET /api/receptionist/appointments responded 200 in 15.8290 ms
2026-06-04 01:44:29 [INF] HTTP GET /api/notifications responded 401 in 1.2940 ms
2026-06-04 01:44:29 [INF] HTTP POST /api/auth/refresh responded 200 in 69.4845 ms
2026-06-04 01:44:29 [INF] HTTP GET /api/notifications responded 200 in 6.7538 ms
2026-06-04 01:44:29 [INF] HTTP GET /api/receptionist/appointments responded 200 in 17.2806 ms
2026-06-04 01:44:32 [INF] HTTP GET /api/notifications responded 401 in 0.7430 ms
2026-06-04 01:44:33 [INF] HTTP POST /api/auth/refresh responded 200 in 27.4567 ms
2026-06-04 01:44:39 [INF] HTTP GET /api/notifications responded 200 in 7.7278 ms
2026-06-04 01:44:39 [INF] HTTP GET /api/patient/appointments responded 200 in 10.7721 ms
2026-06-04 01:44:51 [INF] HTTP PUT /api/receptionist/appointments/82c7423e-f36b-1410-8cef-005878cb5c2f/complete responded 404 in 0.6128 ms
2026-06-04 01:44:59 [INF] HTTP GET /api/notifications responded 200 in 5.3345 ms
2026-06-04 01:45:11 [INF] HTTP GET /api/notifications responded 200 in 6.6911 ms
2026-06-04 01:45:29 [INF] HTTP GET /api/notifications responded 200 in 8.1032 ms
2026-06-04 01:45:32 [INF] HTTP GET /api/notifications responded 401 in 1.3020 ms
2026-06-04 01:45:32 [INF] HTTP GET /api/doctor/appointments responded 401 in 0.5938 ms
2026-06-04 01:45:32 [INF] HTTP POST /api/auth/refresh responded 200 in 52.4399 ms
2026-06-04 01:45:32 [INF] HTTP GET /api/notifications responded 200 in 5.1356 ms
2026-06-04 01:45:32 [INF] HTTP GET /api/doctor/appointments responded 200 in 29.4702 ms
2026-06-04 01:45:34 [INF] HTTP GET /api/admin/receptionists responded 401 in 0.4812 ms
2026-06-04 01:45:34 [ERR] HTTP POST /api/auth/refresh responded 500 in 41.3372 ms
Microsoft.Data.SqlClient.SqlException (0x80131904): A severe error occurred on the current command.  The results, if any, should be discarded.
Operation cancelled by user.
   at System.Threading.Tasks.ContinuationResultTaskFromResultTask`2.InnerInvoke()
   at System.Threading.ExecutionContext.RunInternal(ExecutionContext executionContext, ContextCallback callback, Object state)
--- End of stack trace from previous location ---
   at System.Threading.ExecutionContext.RunInternal(ExecutionContext executionContext, ContextCallback callback, Object state)
   at System.Threading.Tasks.Task.ExecuteWithThreadLocal(Task& currentTaskSlot, Thread threadPoolThread)
--- End of stack trace from previous location ---
   at Microsoft.EntityFrameworkCore.Storage.RelationalCommand.ExecuteReaderAsync(RelationalCommandParameterObject parameterObject, CancellationToken cancellationToken)
   at Microsoft.EntityFrameworkCore.Storage.RelationalCommand.ExecuteReaderAsync(RelationalCommandParameterObject parameterObject, CancellationToken cancellationToken)
   at Microsoft.EntityFrameworkCore.Query.Internal.SingleQueryingEnumerable`1.AsyncEnumerator.InitializeReaderAsync(AsyncEnumerator enumerator, CancellationToken cancellationToken)
   at Microsoft.EntityFrameworkCore.Storage.ExecutionStrategy.<>c__DisplayClass30_0`2.<<ExecuteAsync>b__0>d.MoveNext()
--- End of stack trace from previous location ---
   at Microsoft.EntityFrameworkCore.Storage.ExecutionStrategy.ExecuteImplementationAsync[TState,TResult](Func`4 operation, Func`4 verifySucceeded, TState state, CancellationToken cancellationToken)
   at Microsoft.EntityFrameworkCore.Storage.ExecutionStrategy.ExecuteImplementationAsync[TState,TResult](Func`4 operation, Func`4 verifySucceeded, TState state, CancellationToken cancellationToken)
   at Microsoft.EntityFrameworkCore.Storage.ExecutionStrategy.ExecuteAsync[TState,TResult](TState state, Func`4 operation, Func`4 verifySucceeded, CancellationToken cancellationToken)
   at Microsoft.EntityFrameworkCore.Query.Internal.SingleQueryingEnumerable`1.AsyncEnumerator.MoveNextAsync()
   at Microsoft.EntityFrameworkCore.Query.ShapedQueryCompilingExpressionVisitor.SingleOrDefaultAsync[TSource](IAsyncEnumerable`1 asyncEnumerable, CancellationToken cancellationToken)
   at Microsoft.EntityFrameworkCore.Query.ShapedQueryCompilingExpressionVisitor.SingleOrDefaultAsync[TSource](IAsyncEnumerable`1 asyncEnumerable, CancellationToken cancellationToken)
   at BookingSystem.Repositories.Implementations.AdminRepository.GetByIdAsync(Guid id, CancellationToken ct) in /Users/brian/RiderProjects/BookingSystem/BookingSystem/Repositories/Implementations/AdminRepository.cs:line 11
   at BookingSystem.Services.Implementations.AuthService.GetIdentifierAsync(Guid userId, UserRole role, CancellationToken ct) in /Users/brian/RiderProjects/BookingSystem/BookingSystem/Services/Implementations/AuthService.cs:line 179
   at BookingSystem.Services.Implementations.AuthService.RefreshAsync(String refreshToken, CancellationToken ct) in /Users/brian/RiderProjects/BookingSystem/BookingSystem/Services/Implementations/AuthService.cs:line 94
   at BookingSystem.Controllers.AuthController.Refresh(RefreshTokenRequest request, CancellationToken ct) in /Users/brian/RiderProjects/BookingSystem/BookingSystem/Controllers/AuthController.cs:line 84
   at Microsoft.AspNetCore.Mvc.Infrastructure.ActionMethodExecutor.TaskOfIActionResultExecutor.Execute(ActionContext actionContext, IActionResultTypeMapper mapper, ObjectMethodExecutor executor, Object controller, Object[] arguments)
   at Microsoft.AspNetCore.Mvc.Infrastructure.ControllerActionInvoker.<InvokeActionMethodAsync>g__Logged|12_1(ControllerActionInvoker invoker)
   at Microsoft.AspNetCore.Mvc.Infrastructure.ControllerActionInvoker.<InvokeNextActionFilterAsync>g__Awaited|10_0(ControllerActionInvoker invoker, Task lastTask, State next, Scope scope, Object state, Boolean isCompleted)
   at Microsoft.AspNetCore.Mvc.Infrastructure.ControllerActionInvoker.Rethrow(ActionExecutedContextSealed context)
   at Microsoft.AspNetCore.Mvc.Infrastructure.ControllerActionInvoker.Next(State& next, Scope& scope, Object& state, Boolean& isCompleted)
   at Microsoft.AspNetCore.Mvc.Infrastructure.ControllerActionInvoker.<InvokeInnerFilterAsync>g__Awaited|13_0(ControllerActionInvoker invoker, Task lastTask, State next, Scope scope, Object state, Boolean isCompleted)
   at Microsoft.AspNetCore.Mvc.Infrastructure.ResourceInvoker.<InvokeFilterPipelineAsync>g__Awaited|20_0(ResourceInvoker invoker, Task lastTask, State next, Scope scope, Object state, Boolean isCompleted)
   at Microsoft.AspNetCore.Mvc.Infrastructure.ResourceInvoker.<InvokeAsync>g__Logged|17_1(ResourceInvoker invoker)
   at Microsoft.AspNetCore.Mvc.Infrastructure.ResourceInvoker.<InvokeAsync>g__Logged|17_1(ResourceInvoker invoker)
   at Microsoft.AspNetCore.Authorization.AuthorizationMiddleware.Invoke(HttpContext context)
   at Microsoft.AspNetCore.Authentication.AuthenticationMiddleware.Invoke(HttpContext context)
   at Swashbuckle.AspNetCore.SwaggerUI.SwaggerUIMiddleware.Invoke(HttpContext httpContext)
   at Swashbuckle.AspNetCore.Swagger.SwaggerMiddleware.Invoke(HttpContext httpContext, ISwaggerProvider swaggerProvider)
   at Microsoft.AspNetCore.RateLimiting.RateLimitingMiddleware.InvokeInternal(HttpContext context, EnableRateLimitingAttribute enableRateLimitingAttribute)
   at Serilog.AspNetCore.RequestLoggingMiddleware.Invoke(HttpContext httpContext)
ClientConnectionId:38292f5f-21d3-40ff-84fb-efe7ada44efb
2026-06-04 01:45:34 [ERR] Unhandled exception: A severe error occurred on the current command.  The results, if any, should be discarded.
Operation cancelled by user.
Microsoft.Data.SqlClient.SqlException (0x80131904): A severe error occurred on the current command.  The results, if any, should be discarded.
Operation cancelled by user.
   at System.Threading.Tasks.ContinuationResultTaskFromResultTask`2.InnerInvoke()
   at System.Threading.ExecutionContext.RunInternal(ExecutionContext executionContext, ContextCallback callback, Object state)
--- End of stack trace from previous location ---
   at System.Threading.ExecutionContext.RunInternal(ExecutionContext executionContext, ContextCallback callback, Object state)
   at System.Threading.Tasks.Task.ExecuteWithThreadLocal(Task& currentTaskSlot, Thread threadPoolThread)
--- End of stack trace from previous location ---
   at Microsoft.EntityFrameworkCore.Storage.RelationalCommand.ExecuteReaderAsync(RelationalCommandParameterObject parameterObject, CancellationToken cancellationToken)
   at Microsoft.EntityFrameworkCore.Storage.RelationalCommand.ExecuteReaderAsync(RelationalCommandParameterObject parameterObject, CancellationToken cancellationToken)
   at Microsoft.EntityFrameworkCore.Query.Internal.SingleQueryingEnumerable`1.AsyncEnumerator.InitializeReaderAsync(AsyncEnumerator enumerator, CancellationToken cancellationToken)
   at Microsoft.EntityFrameworkCore.Storage.ExecutionStrategy.<>c__DisplayClass30_0`2.<<ExecuteAsync>b__0>d.MoveNext()
--- End of stack trace from previous location ---
   at Microsoft.EntityFrameworkCore.Storage.ExecutionStrategy.ExecuteImplementationAsync[TState,TResult](Func`4 operation, Func`4 verifySucceeded, TState state, CancellationToken cancellationToken)
   at Microsoft.EntityFrameworkCore.Storage.ExecutionStrategy.ExecuteImplementationAsync[TState,TResult](Func`4 operation, Func`4 verifySucceeded, TState state, CancellationToken cancellationToken)
   at Microsoft.EntityFrameworkCore.Storage.ExecutionStrategy.ExecuteAsync[TState,TResult](TState state, Func`4 operation, Func`4 verifySucceeded, CancellationToken cancellationToken)
   at Microsoft.EntityFrameworkCore.Query.Internal.SingleQueryingEnumerable`1.AsyncEnumerator.MoveNextAsync()
   at Microsoft.EntityFrameworkCore.Query.ShapedQueryCompilingExpressionVisitor.SingleOrDefaultAsync[TSource](IAsyncEnumerable`1 asyncEnumerable, CancellationToken cancellationToken)
   at Microsoft.EntityFrameworkCore.Query.ShapedQueryCompilingExpressionVisitor.SingleOrDefaultAsync[TSource](IAsyncEnumerable`1 asyncEnumerable, CancellationToken cancellationToken)
   at BookingSystem.Repositories.Implementations.AdminRepository.GetByIdAsync(Guid id, CancellationToken ct) in /Users/brian/RiderProjects/BookingSystem/BookingSystem/Repositories/Implementations/AdminRepository.cs:line 11
   at BookingSystem.Services.Implementations.AuthService.GetIdentifierAsync(Guid userId, UserRole role, CancellationToken ct) in /Users/brian/RiderProjects/BookingSystem/BookingSystem/Services/Implementations/AuthService.cs:line 179
   at BookingSystem.Services.Implementations.AuthService.RefreshAsync(String refreshToken, CancellationToken ct) in /Users/brian/RiderProjects/BookingSystem/BookingSystem/Services/Implementations/AuthService.cs:line 94
   at BookingSystem.Controllers.AuthController.Refresh(RefreshTokenRequest request, CancellationToken ct) in /Users/brian/RiderProjects/BookingSystem/BookingSystem/Controllers/AuthController.cs:line 84
   at Microsoft.AspNetCore.Mvc.Infrastructure.ActionMethodExecutor.TaskOfIActionResultExecutor.Execute(ActionContext actionContext, IActionResultTypeMapper mapper, ObjectMethodExecutor executor, Object controller, Object[] arguments)
   at Microsoft.AspNetCore.Mvc.Infrastructure.ControllerActionInvoker.<InvokeActionMethodAsync>g__Logged|12_1(ControllerActionInvoker invoker)
   at Microsoft.AspNetCore.Mvc.Infrastructure.ControllerActionInvoker.<InvokeNextActionFilterAsync>g__Awaited|10_0(ControllerActionInvoker invoker, Task lastTask, State next, Scope scope, Object state, Boolean isCompleted)
   at Microsoft.AspNetCore.Mvc.Infrastructure.ControllerActionInvoker.Rethrow(ActionExecutedContextSealed context)
   at Microsoft.AspNetCore.Mvc.Infrastructure.ControllerActionInvoker.Next(State& next, Scope& scope, Object& state, Boolean& isCompleted)
   at Microsoft.AspNetCore.Mvc.Infrastructure.ControllerActionInvoker.<InvokeInnerFilterAsync>g__Awaited|13_0(ControllerActionInvoker invoker, Task lastTask, State next, Scope scope, Object state, Boolean isCompleted)
   at Microsoft.AspNetCore.Mvc.Infrastructure.ResourceInvoker.<InvokeFilterPipelineAsync>g__Awaited|20_0(ResourceInvoker invoker, Task lastTask, State next, Scope scope, Object state, Boolean isCompleted)
   at Microsoft.AspNetCore.Mvc.Infrastructure.ResourceInvoker.<InvokeAsync>g__Logged|17_1(ResourceInvoker invoker)
   at Microsoft.AspNetCore.Mvc.Infrastructure.ResourceInvoker.<InvokeAsync>g__Logged|17_1(ResourceInvoker invoker)
   at Microsoft.AspNetCore.Authorization.AuthorizationMiddleware.Invoke(HttpContext context)
   at Microsoft.AspNetCore.Authentication.AuthenticationMiddleware.Invoke(HttpContext context)
   at Swashbuckle.AspNetCore.SwaggerUI.SwaggerUIMiddleware.Invoke(HttpContext httpContext)
   at Swashbuckle.AspNetCore.Swagger.SwaggerMiddleware.Invoke(HttpContext httpContext, ISwaggerProvider swaggerProvider)
   at Microsoft.AspNetCore.RateLimiting.RateLimitingMiddleware.InvokeInternal(HttpContext context, EnableRateLimitingAttribute enableRateLimitingAttribute)
   at Serilog.AspNetCore.RequestLoggingMiddleware.Invoke(HttpContext httpContext)
   at BookingSystem.Middleware.ErrorHandlerMiddleware.InvokeAsync(HttpContext context) in /Users/brian/RiderProjects/BookingSystem/BookingSystem/Middleware/ErrorHandlerMiddleware.cs:line 20
ClientConnectionId:38292f5f-21d3-40ff-84fb-efe7ada44efb
2026-06-04 01:45:39 [INF] HTTP GET /api/notifications responded 200 in 7.7827 ms
2026-06-04 01:45:40 [INF] HTTP PUT /api/receptionist/appointments/82c7423e-f36b-1410-8cef-005878cb5c2f/complete responded 404 in 0.3205 ms
2026-06-04 01:45:59 [INF] HTTP GET /api/notifications responded 200 in 6.8055 ms
2026-06-04 01:46:02 [INF] HTTP GET /api/notifications responded 200 in 6.5671 ms
2026-06-04 01:46:09 [INF] HTTP GET /api/notifications responded 200 in 7.1739 ms
2026-06-04 01:46:29 [INF] HTTP GET /api/notifications responded 200 in 5.6604 ms
2026-06-04 01:46:32 [INF] HTTP GET /api/notifications responded 200 in 5.8552 ms
2026-06-04 01:46:39 [INF] HTTP GET /api/notifications responded 200 in 5.6864 ms
2026-06-04 01:46:59 [INF] HTTP GET /api/notifications responded 200 in 7.5218 ms
2026-06-04 01:47:02 [INF] HTTP GET /api/notifications responded 200 in 4.2750 ms
2026-06-04 01:47:11 [INF] HTTP GET /api/notifications responded 200 in 7.2462 ms
2026-06-04 01:47:29 [INF] HTTP GET /api/notifications responded 200 in 7.7270 ms
2026-06-04 01:47:32 [INF] HTTP GET /api/notifications responded 200 in 6.3386 ms
2026-06-04 01:47:39 [INF] HTTP GET /api/notifications responded 200 in 8.8398 ms
2026-06-04 01:47:59 [INF] HTTP GET /api/notifications responded 200 in 7.0661 ms
2026-06-04 01:48:02 [INF] HTTP GET /api/notifications responded 200 in 7.3236 ms
2026-06-04 01:48:09 [INF] HTTP GET /api/notifications responded 200 in 7.8563 ms
2026-06-04 01:48:29 [INF] HTTP GET /api/notifications responded 200 in 4.5959 ms
2026-06-04 01:48:32 [INF] HTTP GET /api/notifications responded 200 in 4.5755 ms
2026-06-04 01:48:39 [INF] HTTP GET /api/notifications responded 200 in 6.4766 ms
2026-06-04 01:48:46 [INF] HTTP PUT /api/doctor/appointments/4bac433e-f36b-1410-8cf3-005878cb5c2f/complete responded 415 in 40.4238 ms
2026-06-04 01:48:56 [INF] HTTP PUT /api/doctor/appointments/4bac433e-f36b-1410-8cf3-005878cb5c2f/complete responded 415 in 1.4878 ms
2026-06-04 01:48:59 [INF] HTTP GET /api/notifications responded 200 in 20.4936 ms
2026-06-04 01:49:02 [INF] HTTP GET /api/notifications responded 200 in 6.5073 ms
2026-06-04 01:49:09 [INF] HTTP GET /api/notifications responded 200 in 7.1551 ms
2026-06-04 01:49:29 [INF] HTTP GET /api/notifications responded 200 in 6.1673 ms
2026-06-04 01:49:32 [INF] HTTP GET /api/notifications responded 200 in 8.4943 ms
2026-06-04 01:49:39 [INF] HTTP GET /api/notifications responded 200 in 5.7621 ms
2026-06-04 01:49:59 [INF] HTTP GET /api/notifications responded 200 in 6.6315 ms
2026-06-04 01:50:02 [INF] HTTP GET /api/notifications responded 200 in 6.1925 ms
2026-06-04 01:50:09 [INF] HTTP GET /api/notifications responded 200 in 7.3550 ms
2026-06-04 01:50:12 [INF] HTTP GET /api/doctor/appointments responded 200 in 36.4234 ms
2026-06-04 01:50:19 [INF] HTTP GET /api/receptionist/appointments responded 200 in 19.9065 ms
2026-06-04 01:50:29 [INF] HTTP GET /api/notifications responded 401 in 1.4366 ms
2026-06-04 01:50:29 [INF] HTTP POST /api/auth/refresh responded 200 in 31.0882 ms
2026-06-04 01:50:30 [INF] HTTP GET /api/notifications responded 200 in 4.4713 ms
2026-06-04 01:50:30 [INF] HTTP GET /api/receptionist/appointments responded 200 in 44.8032 ms
2026-06-04 01:50:32 [INF] HTTP GET /api/notifications responded 200 in 9.0277 ms
2026-06-04 01:50:39 [INF] HTTP GET /api/notifications responded 401 in 0.5602 ms
2026-06-04 01:50:39 [INF] HTTP POST /api/auth/refresh responded 200 in 27.0199 ms
2026-06-04 01:50:42 [INF] HTTP GET /api/notifications responded 200 in 6.9040 ms
2026-06-04 01:50:42 [INF] HTTP GET /api/patient/appointments responded 200 in 12.2470 ms
2026-06-04 01:50:49 [INF] HTTP PUT /api/doctor/appointments/4bac433e-f36b-1410-8cf3-005878cb5c2f/complete responded 200 in 94.7402 ms
2026-06-04 01:50:49 [INF] HTTP GET /api/doctor/appointments responded 200 in 4.7082 ms
2026-06-04 01:51:00 [INF] HTTP GET /api/notifications responded 200 in 9.3058 ms
2026-06-04 01:51:02 [INF] HTTP GET /api/notifications responded 200 in 5.7653 ms
2026-06-04 01:51:14 [INF] HTTP GET /api/notifications responded 200 in 8.1089 ms
2026-06-04 01:51:30 [INF] HTTP GET /api/notifications responded 200 in 7.7078 ms
2026-06-04 01:51:32 [INF] HTTP GET /api/notifications responded 401 in 0.7460 ms
2026-06-04 01:51:32 [INF] HTTP POST /api/auth/refresh responded 200 in 26.2163 ms
2026-06-04 01:51:33 [INF] HTTP GET /api/notifications responded 200 in 9.0872 ms
2026-06-04 01:51:33 [INF] HTTP GET /api/doctor/appointments responded 200 in 8.0809 ms
2026-06-04 01:51:42 [INF] HTTP GET /api/notifications responded 200 in 8.7795 ms
2026-06-04 01:52:00 [INF] HTTP GET /api/notifications responded 200 in 10.2483 ms
2026-06-04 01:52:03 [INF] HTTP GET /api/notifications responded 200 in 7.7807 ms
2026-06-04 01:52:13 [INF] HTTP GET /api/notifications responded 200 in 6.5141 ms
2026-06-04 01:52:30 [INF] HTTP GET /api/notifications responded 200 in 7.1806 ms
2026-06-04 01:52:33 [INF] HTTP GET /api/notifications responded 200 in 8.5742 ms
2026-06-04 01:52:42 [INF] HTTP GET /api/notifications responded 200 in 7.9665 ms
2026-06-04 01:53:00 [INF] HTTP GET /api/notifications responded 200 in 7.2620 ms
2026-06-04 01:53:03 [INF] HTTP GET /api/notifications responded 200 in 7.1030 ms
2026-06-04 01:53:13 [INF] HTTP GET /api/notifications responded 200 in 8.4060 ms
2026-06-04 01:53:30 [INF] HTTP GET /api/notifications responded 200 in 6.9280 ms
2026-06-04 01:53:33 [INF] HTTP GET /api/notifications responded 200 in 6.8466 ms
2026-06-04 01:53:42 [INF] HTTP GET /api/notifications responded 200 in 7.2769 ms
2026-06-04 01:53:51 [INF] HTTP GET /api/notifications responded 200 in 8.1187 ms
2026-06-04 01:53:51 [INF] HTTP GET /api/receptionist/appointments responded 200 in 33.1110 ms
2026-06-04 01:53:55 [INF] HTTP PUT /api/receptionist/appointments/82c7423e-f36b-1410-8cef-005878cb5c2f/complete responded 404 in 0.6650 ms
2026-06-04 01:54:00 [INF] HTTP GET /api/notifications responded 200 in 11.3186 ms
2026-06-04 01:54:01 [INF] Application is shutting down...
2026-06-04 01:54:03 [INF] Now listening on: http://0.0.0.0:5111
2026-06-04 01:54:03 [INF] Application started. Press Ctrl+C to shut down.
2026-06-04 01:54:03 [INF] Hosting environment: Development
2026-06-04 01:54:03 [INF] Content root path: /Users/brian/RiderProjects/BookingSystem/BookingSystem
2026-06-04 01:54:04 [INF] HTTP GET /api/receptionist/appointments responded 200 in 1039.1766 ms
2026-06-04 01:54:07 [INF] HTTP PUT /api/receptionist/appointments/82c7423e-f36b-1410-8cef-005878cb5c2f/complete responded 200 in 318.6453 ms
2026-06-04 01:54:07 [INF] HTTP GET /api/receptionist/appointments responded 200 in 19.6373 ms
2026-06-04 01:54:07 [INF] HTTP GET /api/receptionist/appointments responded 200 in 8.3935 ms
2026-06-04 01:54:10 [INF] HTTP PUT /api/receptionist/appointments/2dac433e-f36b-1410-8cf3-005878cb5c2f/complete responded 200 in 54.2361 ms
2026-06-04 01:54:10 [INF] HTTP GET /api/receptionist/appointments responded 200 in 12.3493 ms
2026-06-04 01:54:10 [INF] HTTP GET /api/receptionist/appointments responded 200 in 11.6926 ms
2026-06-04 01:54:13 [INF] HTTP GET /api/notifications responded 200 in 46.1525 ms
2026-06-04 01:54:20 [INF] Application is shutting down...
2026-06-04 02:17:20 [INF] Now listening on: http://localhost:5000
2026-06-04 02:17:20 [INF] Application started. Press Ctrl+C to shut down.
2026-06-04 02:17:20 [INF] Hosting environment: Development
2026-06-04 02:17:20 [INF] Content root path: /Users/brian/RiderProjects/BookingSystem/BookingSystem
2026-06-04 02:17:30 [INF] HTTP GET /swagger/index.html responded 200 in 35.9383 ms
2026-06-04 02:17:34 [INF] HTTP GET /swagger/v1/swagger.json responded 200 in 109.5454 ms
2026-06-04 02:17:38 [INF] Application is shutting down...
2026-06-04 03:14:05 [INF] Now listening on: http://0.0.0.0:5111
2026-06-04 03:14:05 [INF] Application started. Press Ctrl+C to shut down.
2026-06-04 03:14:05 [INF] Hosting environment: Development
2026-06-04 03:14:05 [INF] Content root path: /Users/brian/RiderProjects/BookingSystem/BookingSystem
2026-06-04 03:14:22 [ERR] An error occurred using the connection to database '_' on server 'localhost,_'.
2026-06-04 03:14:22 [ERR] An error occurred using the connection to database '_' on server 'localhost,_'.
2026-06-04 03:14:22 [ERR] An exception occurred while iterating over the results of a query for context type 'BookingSystem.Data.BookingContext'.
Microsoft.Data.SqlClient.SqlException (0x80131904): A network-related or instance-specific error occurred while establishing a connection to SQL Server. The server was not found or was not accessible. Verify that the instance name is correct and that SQL Server is configured to allow remote connections. (provider: TCP Provider, error: 25 - Connection string is not valid)
   at Microsoft.Data.SqlClient.SqlInternalConnection.OnError(SqlException exception, Boolean breakConnection, Action`1 wrapCloseInAction)
   at Microsoft.Data.SqlClient.TdsParser.ThrowExceptionAndWarning(TdsParserStateObject stateObj, Boolean callerHasConnectionLock, Boolean asyncClose)
   at Microsoft.Data.SqlClient.TdsParser.Connect(ServerInfo serverInfo, SqlInternalConnectionTds connHandler, Boolean ignoreSniOpenTimeout, Int64 timerExpire, SqlConnectionString connectionOptions, Boolean withFailover)
   at Microsoft.Data.SqlClient.SqlInternalConnectionTds.AttemptOneLogin(ServerInfo serverInfo, String newPassword, SecureString newSecurePassword, Boolean ignoreSniOpenTimeout, TimeoutTimer timeout, Boolean withFailover)
   at Microsoft.Data.SqlClient.SqlInternalConnectionTds.LoginNoFailover(ServerInfo serverInfo, String newPassword, SecureString newSecurePassword, Boolean redirectedUserInstance, SqlConnectionString connectionOptions, SqlCredential credential, TimeoutTimer timeout)
   at Microsoft.Data.SqlClient.SqlInternalConnectionTds.OpenLoginEnlist(TimeoutTimer timeout, SqlConnectionString connectionOptions, SqlCredential credential, String newPassword, SecureString newSecurePassword, Boolean redirectedUserInstance)
   at Microsoft.Data.SqlClient.SqlInternalConnectionTds..ctor(DbConnectionPoolIdentity identity, SqlConnectionString connectionOptions, SqlCredential credential, Object providerInfo, String newPassword, SecureString newSecurePassword, Boolean redirectedUserInstance, SqlConnectionString userConnectionOptions, SessionData reconnectSessionData, Boolean applyTransientFaultHandling, String accessToken, DbConnectionPool pool)
   at Microsoft.Data.SqlClient.SqlConnectionFactory.CreateConnection(DbConnectionOptions options, DbConnectionPoolKey poolKey, Object poolGroupProviderInfo, DbConnectionPool pool, DbConnection owningConnection, DbConnectionOptions userOptions)
   at Microsoft.Data.ProviderBase.DbConnectionFactory.CreatePooledConnection(DbConnectionPool pool, DbConnection owningObject, DbConnectionOptions options, DbConnectionPoolKey poolKey, DbConnectionOptions userOptions)
   at Microsoft.Data.ProviderBase.DbConnectionPool.CreateObject(DbConnection owningObject, DbConnectionOptions userOptions, DbConnectionInternal oldConnection)
   at Microsoft.Data.ProviderBase.DbConnectionPool.UserCreateRequest(DbConnection owningObject, DbConnectionOptions userOptions, DbConnectionInternal oldConnection)
   at Microsoft.Data.ProviderBase.DbConnectionPool.TryGetConnection(DbConnection owningObject, UInt32 waitForMultipleObjectsTimeout, Boolean allowCreate, Boolean onlyOneCheckConnection, DbConnectionOptions userOptions, DbConnectionInternal& connection)
   at Microsoft.Data.ProviderBase.DbConnectionPool.WaitForPendingOpen()
--- End of stack trace from previous location ---
   at Microsoft.EntityFrameworkCore.Storage.RelationalConnection.OpenInternalAsync(Boolean errorsExpected, CancellationToken cancellationToken)
   at Microsoft.EntityFrameworkCore.Storage.RelationalConnection.OpenInternalAsync(Boolean errorsExpected, CancellationToken cancellationToken)
   at Microsoft.EntityFrameworkCore.Storage.RelationalConnection.OpenAsync(CancellationToken cancellationToken, Boolean errorsExpected)
   at Microsoft.EntityFrameworkCore.Storage.RelationalCommand.ExecuteReaderAsync(RelationalCommandParameterObject parameterObject, CancellationToken cancellationToken)
   at Microsoft.EntityFrameworkCore.Query.Internal.SingleQueryingEnumerable`1.AsyncEnumerator.InitializeReaderAsync(AsyncEnumerator enumerator, CancellationToken cancellationToken)
   at Microsoft.EntityFrameworkCore.Storage.ExecutionStrategy.<>c__DisplayClass30_0`2.<<ExecuteAsync>b__0>d.MoveNext()
--- End of stack trace from previous location ---
   at Microsoft.EntityFrameworkCore.Storage.ExecutionStrategy.ExecuteImplementationAsync[TState,TResult](Func`4 operation, Func`4 verifySucceeded, TState state, CancellationToken cancellationToken)
   at Microsoft.EntityFrameworkCore.Storage.ExecutionStrategy.ExecuteImplementationAsync[TState,TResult](Func`4 operation, Func`4 verifySucceeded, TState state, CancellationToken cancellationToken)
   at Microsoft.EntityFrameworkCore.Storage.ExecutionStrategy.ExecuteAsync[TState,TResult](TState state, Func`4 operation, Func`4 verifySucceeded, CancellationToken cancellationToken)
   at Microsoft.EntityFrameworkCore.Query.Internal.SingleQueryingEnumerable`1.AsyncEnumerator.MoveNextAsync()
ClientConnectionId:00000000-0000-0000-0000-000000000000
Microsoft.Data.SqlClient.SqlException (0x80131904): A network-related or instance-specific error occurred while establishing a connection to SQL Server. The server was not found or was not accessible. Verify that the instance name is correct and that SQL Server is configured to allow remote connections. (provider: TCP Provider, error: 25 - Connection string is not valid)
   at Microsoft.Data.SqlClient.SqlInternalConnection.OnError(SqlException exception, Boolean breakConnection, Action`1 wrapCloseInAction)
   at Microsoft.Data.SqlClient.TdsParser.ThrowExceptionAndWarning(TdsParserStateObject stateObj, Boolean callerHasConnectionLock, Boolean asyncClose)
   at Microsoft.Data.SqlClient.TdsParser.Connect(ServerInfo serverInfo, SqlInternalConnectionTds connHandler, Boolean ignoreSniOpenTimeout, Int64 timerExpire, SqlConnectionString connectionOptions, Boolean withFailover)
   at Microsoft.Data.SqlClient.SqlInternalConnectionTds.AttemptOneLogin(ServerInfo serverInfo, String newPassword, SecureString newSecurePassword, Boolean ignoreSniOpenTimeout, TimeoutTimer timeout, Boolean withFailover)
   at Microsoft.Data.SqlClient.SqlInternalConnectionTds.LoginNoFailover(ServerInfo serverInfo, String newPassword, SecureString newSecurePassword, Boolean redirectedUserInstance, SqlConnectionString connectionOptions, SqlCredential credential, TimeoutTimer timeout)
   at Microsoft.Data.SqlClient.SqlInternalConnectionTds.OpenLoginEnlist(TimeoutTimer timeout, SqlConnectionString connectionOptions, SqlCredential credential, String newPassword, SecureString newSecurePassword, Boolean redirectedUserInstance)
   at Microsoft.Data.SqlClient.SqlInternalConnectionTds..ctor(DbConnectionPoolIdentity identity, SqlConnectionString connectionOptions, SqlCredential credential, Object providerInfo, String newPassword, SecureString newSecurePassword, Boolean redirectedUserInstance, SqlConnectionString userConnectionOptions, SessionData reconnectSessionData, Boolean applyTransientFaultHandling, String accessToken, DbConnectionPool pool)
   at Microsoft.Data.SqlClient.SqlConnectionFactory.CreateConnection(DbConnectionOptions options, DbConnectionPoolKey poolKey, Object poolGroupProviderInfo, DbConnectionPool pool, DbConnection owningConnection, DbConnectionOptions userOptions)
   at Microsoft.Data.ProviderBase.DbConnectionFactory.CreatePooledConnection(DbConnectionPool pool, DbConnection owningObject, DbConnectionOptions options, DbConnectionPoolKey poolKey, DbConnectionOptions userOptions)
   at Microsoft.Data.ProviderBase.DbConnectionPool.CreateObject(DbConnection owningObject, DbConnectionOptions userOptions, DbConnectionInternal oldConnection)
   at Microsoft.Data.ProviderBase.DbConnectionPool.UserCreateRequest(DbConnection owningObject, DbConnectionOptions userOptions, DbConnectionInternal oldConnection)
   at Microsoft.Data.ProviderBase.DbConnectionPool.TryGetConnection(DbConnection owningObject, UInt32 waitForMultipleObjectsTimeout, Boolean allowCreate, Boolean onlyOneCheckConnection, DbConnectionOptions userOptions, DbConnectionInternal& connection)
   at Microsoft.Data.ProviderBase.DbConnectionPool.WaitForPendingOpen()
--- End of stack trace from previous location ---
   at Microsoft.EntityFrameworkCore.Storage.RelationalConnection.OpenInternalAsync(Boolean errorsExpected, CancellationToken cancellationToken)
   at Microsoft.EntityFrameworkCore.Storage.RelationalConnection.OpenInternalAsync(Boolean errorsExpected, CancellationToken cancellationToken)
   at Microsoft.EntityFrameworkCore.Storage.RelationalConnection.OpenAsync(CancellationToken cancellationToken, Boolean errorsExpected)
   at Microsoft.EntityFrameworkCore.Storage.RelationalCommand.ExecuteReaderAsync(RelationalCommandParameterObject parameterObject, CancellationToken cancellationToken)
   at Microsoft.EntityFrameworkCore.Query.Internal.SingleQueryingEnumerable`1.AsyncEnumerator.InitializeReaderAsync(AsyncEnumerator enumerator, CancellationToken cancellationToken)
   at Microsoft.EntityFrameworkCore.Storage.ExecutionStrategy.<>c__DisplayClass30_0`2.<<ExecuteAsync>b__0>d.MoveNext()
--- End of stack trace from previous location ---
   at Microsoft.EntityFrameworkCore.Storage.ExecutionStrategy.ExecuteImplementationAsync[TState,TResult](Func`4 operation, Func`4 verifySucceeded, TState state, CancellationToken cancellationToken)
   at Microsoft.EntityFrameworkCore.Storage.ExecutionStrategy.ExecuteImplementationAsync[TState,TResult](Func`4 operation, Func`4 verifySucceeded, TState state, CancellationToken cancellationToken)
   at Microsoft.EntityFrameworkCore.Storage.ExecutionStrategy.ExecuteAsync[TState,TResult](TState state, Func`4 operation, Func`4 verifySucceeded, CancellationToken cancellationToken)
   at Microsoft.EntityFrameworkCore.Query.Internal.SingleQueryingEnumerable`1.AsyncEnumerator.MoveNextAsync()
ClientConnectionId:00000000-0000-0000-0000-000000000000
2026-06-04 03:14:22 [ERR] An exception occurred while iterating over the results of a query for context type 'BookingSystem.Data.BookingContext'.
Microsoft.Data.SqlClient.SqlException (0x80131904): A network-related or instance-specific error occurred while establishing a connection to SQL Server. The server was not found or was not accessible. Verify that the instance name is correct and that SQL Server is configured to allow remote connections. (provider: TCP Provider, error: 25 - Connection string is not valid)
   at Microsoft.Data.ProviderBase.DbConnectionPool.TryGetConnection(DbConnection owningObject, UInt32 waitForMultipleObjectsTimeout, Boolean allowCreate, Boolean onlyOneCheckConnection, DbConnectionOptions userOptions, DbConnectionInternal& connection)
   at Microsoft.Data.ProviderBase.DbConnectionPool.WaitForPendingOpen()
--- End of stack trace from previous location ---
   at Microsoft.EntityFrameworkCore.Storage.RelationalConnection.OpenInternalAsync(Boolean errorsExpected, CancellationToken cancellationToken)
   at Microsoft.EntityFrameworkCore.Storage.RelationalConnection.OpenInternalAsync(Boolean errorsExpected, CancellationToken cancellationToken)
   at Microsoft.EntityFrameworkCore.Storage.RelationalConnection.OpenAsync(CancellationToken cancellationToken, Boolean errorsExpected)
   at Microsoft.EntityFrameworkCore.Storage.RelationalCommand.ExecuteReaderAsync(RelationalCommandParameterObject parameterObject, CancellationToken cancellationToken)
   at Microsoft.EntityFrameworkCore.Query.Internal.SingleQueryingEnumerable`1.AsyncEnumerator.InitializeReaderAsync(AsyncEnumerator enumerator, CancellationToken cancellationToken)
   at Microsoft.EntityFrameworkCore.Storage.ExecutionStrategy.<>c__DisplayClass30_0`2.<<ExecuteAsync>b__0>d.MoveNext()
--- End of stack trace from previous location ---
   at Microsoft.EntityFrameworkCore.Storage.ExecutionStrategy.ExecuteImplementationAsync[TState,TResult](Func`4 operation, Func`4 verifySucceeded, TState state, CancellationToken cancellationToken)
   at Microsoft.EntityFrameworkCore.Storage.ExecutionStrategy.ExecuteImplementationAsync[TState,TResult](Func`4 operation, Func`4 verifySucceeded, TState state, CancellationToken cancellationToken)
   at Microsoft.EntityFrameworkCore.Storage.ExecutionStrategy.ExecuteAsync[TState,TResult](TState state, Func`4 operation, Func`4 verifySucceeded, CancellationToken cancellationToken)
   at Microsoft.EntityFrameworkCore.Query.Internal.SingleQueryingEnumerable`1.AsyncEnumerator.MoveNextAsync()
ClientConnectionId:00000000-0000-0000-0000-000000000000
Microsoft.Data.SqlClient.SqlException (0x80131904): A network-related or instance-specific error occurred while establishing a connection to SQL Server. The server was not found or was not accessible. Verify that the instance name is correct and that SQL Server is configured to allow remote connections. (provider: TCP Provider, error: 25 - Connection string is not valid)
   at Microsoft.Data.ProviderBase.DbConnectionPool.TryGetConnection(DbConnection owningObject, UInt32 waitForMultipleObjectsTimeout, Boolean allowCreate, Boolean onlyOneCheckConnection, DbConnectionOptions userOptions, DbConnectionInternal& connection)
   at Microsoft.Data.ProviderBase.DbConnectionPool.WaitForPendingOpen()
--- End of stack trace from previous location ---
   at Microsoft.EntityFrameworkCore.Storage.RelationalConnection.OpenInternalAsync(Boolean errorsExpected, CancellationToken cancellationToken)
   at Microsoft.EntityFrameworkCore.Storage.RelationalConnection.OpenInternalAsync(Boolean errorsExpected, CancellationToken cancellationToken)
   at Microsoft.EntityFrameworkCore.Storage.RelationalConnection.OpenAsync(CancellationToken cancellationToken, Boolean errorsExpected)
   at Microsoft.EntityFrameworkCore.Storage.RelationalCommand.ExecuteReaderAsync(RelationalCommandParameterObject parameterObject, CancellationToken cancellationToken)
   at Microsoft.EntityFrameworkCore.Query.Internal.SingleQueryingEnumerable`1.AsyncEnumerator.InitializeReaderAsync(AsyncEnumerator enumerator, CancellationToken cancellationToken)
   at Microsoft.EntityFrameworkCore.Storage.ExecutionStrategy.<>c__DisplayClass30_0`2.<<ExecuteAsync>b__0>d.MoveNext()
--- End of stack trace from previous location ---
   at Microsoft.EntityFrameworkCore.Storage.ExecutionStrategy.ExecuteImplementationAsync[TState,TResult](Func`4 operation, Func`4 verifySucceeded, TState state, CancellationToken cancellationToken)
   at Microsoft.EntityFrameworkCore.Storage.ExecutionStrategy.ExecuteImplementationAsync[TState,TResult](Func`4 operation, Func`4 verifySucceeded, TState state, CancellationToken cancellationToken)
   at Microsoft.EntityFrameworkCore.Storage.ExecutionStrategy.ExecuteAsync[TState,TResult](TState state, Func`4 operation, Func`4 verifySucceeded, CancellationToken cancellationToken)
   at Microsoft.EntityFrameworkCore.Query.Internal.SingleQueryingEnumerable`1.AsyncEnumerator.MoveNextAsync()
ClientConnectionId:00000000-0000-0000-0000-000000000000
2026-06-04 03:14:22 [ERR] HTTP POST /api/auth/patient/login responded 500 in 15365.4348 ms
Microsoft.Data.SqlClient.SqlException (0x80131904): A network-related or instance-specific error occurred while establishing a connection to SQL Server. The server was not found or was not accessible. Verify that the instance name is correct and that SQL Server is configured to allow remote connections. (provider: TCP Provider, error: 25 - Connection string is not valid)
   at Microsoft.Data.SqlClient.SqlInternalConnection.OnError(SqlException exception, Boolean breakConnection, Action`1 wrapCloseInAction)
   at Microsoft.Data.SqlClient.TdsParser.ThrowExceptionAndWarning(TdsParserStateObject stateObj, Boolean callerHasConnectionLock, Boolean asyncClose)
   at Microsoft.Data.SqlClient.TdsParser.Connect(ServerInfo serverInfo, SqlInternalConnectionTds connHandler, Boolean ignoreSniOpenTimeout, Int64 timerExpire, SqlConnectionString connectionOptions, Boolean withFailover)
   at Microsoft.Data.SqlClient.SqlInternalConnectionTds.AttemptOneLogin(ServerInfo serverInfo, String newPassword, SecureString newSecurePassword, Boolean ignoreSniOpenTimeout, TimeoutTimer timeout, Boolean withFailover)
   at Microsoft.Data.SqlClient.SqlInternalConnectionTds.LoginNoFailover(ServerInfo serverInfo, String newPassword, SecureString newSecurePassword, Boolean redirectedUserInstance, SqlConnectionString connectionOptions, SqlCredential credential, TimeoutTimer timeout)
   at Microsoft.Data.SqlClient.SqlInternalConnectionTds.OpenLoginEnlist(TimeoutTimer timeout, SqlConnectionString connectionOptions, SqlCredential credential, String newPassword, SecureString newSecurePassword, Boolean redirectedUserInstance)
   at Microsoft.Data.SqlClient.SqlInternalConnectionTds..ctor(DbConnectionPoolIdentity identity, SqlConnectionString connectionOptions, SqlCredential credential, Object providerInfo, String newPassword, SecureString newSecurePassword, Boolean redirectedUserInstance, SqlConnectionString userConnectionOptions, SessionData reconnectSessionData, Boolean applyTransientFaultHandling, String accessToken, DbConnectionPool pool)
   at Microsoft.Data.SqlClient.SqlConnectionFactory.CreateConnection(DbConnectionOptions options, DbConnectionPoolKey poolKey, Object poolGroupProviderInfo, DbConnectionPool pool, DbConnection owningConnection, DbConnectionOptions userOptions)
   at Microsoft.Data.ProviderBase.DbConnectionFactory.CreatePooledConnection(DbConnectionPool pool, DbConnection owningObject, DbConnectionOptions options, DbConnectionPoolKey poolKey, DbConnectionOptions userOptions)
   at Microsoft.Data.ProviderBase.DbConnectionPool.CreateObject(DbConnection owningObject, DbConnectionOptions userOptions, DbConnectionInternal oldConnection)
   at Microsoft.Data.ProviderBase.DbConnectionPool.UserCreateRequest(DbConnection owningObject, DbConnectionOptions userOptions, DbConnectionInternal oldConnection)
   at Microsoft.Data.ProviderBase.DbConnectionPool.TryGetConnection(DbConnection owningObject, UInt32 waitForMultipleObjectsTimeout, Boolean allowCreate, Boolean onlyOneCheckConnection, DbConnectionOptions userOptions, DbConnectionInternal& connection)
   at Microsoft.Data.ProviderBase.DbConnectionPool.WaitForPendingOpen()
--- End of stack trace from previous location ---
   at Microsoft.EntityFrameworkCore.Storage.RelationalConnection.OpenInternalAsync(Boolean errorsExpected, CancellationToken cancellationToken)
   at Microsoft.EntityFrameworkCore.Storage.RelationalConnection.OpenInternalAsync(Boolean errorsExpected, CancellationToken cancellationToken)
   at Microsoft.EntityFrameworkCore.Storage.RelationalConnection.OpenAsync(CancellationToken cancellationToken, Boolean errorsExpected)
   at Microsoft.EntityFrameworkCore.Storage.RelationalCommand.ExecuteReaderAsync(RelationalCommandParameterObject parameterObject, CancellationToken cancellationToken)
   at Microsoft.EntityFrameworkCore.Query.Internal.SingleQueryingEnumerable`1.AsyncEnumerator.InitializeReaderAsync(AsyncEnumerator enumerator, CancellationToken cancellationToken)
   at Microsoft.EntityFrameworkCore.Storage.ExecutionStrategy.<>c__DisplayClass30_0`2.<<ExecuteAsync>b__0>d.MoveNext()
--- End of stack trace from previous location ---
   at Microsoft.EntityFrameworkCore.Storage.ExecutionStrategy.ExecuteImplementationAsync[TState,TResult](Func`4 operation, Func`4 verifySucceeded, TState state, CancellationToken cancellationToken)
   at Microsoft.EntityFrameworkCore.Storage.ExecutionStrategy.ExecuteImplementationAsync[TState,TResult](Func`4 operation, Func`4 verifySucceeded, TState state, CancellationToken cancellationToken)
   at Microsoft.EntityFrameworkCore.Storage.ExecutionStrategy.ExecuteAsync[TState,TResult](TState state, Func`4 operation, Func`4 verifySucceeded, CancellationToken cancellationToken)
   at Microsoft.EntityFrameworkCore.Query.Internal.SingleQueryingEnumerable`1.AsyncEnumerator.MoveNextAsync()
   at Microsoft.EntityFrameworkCore.Query.ShapedQueryCompilingExpressionVisitor.SingleOrDefaultAsync[TSource](IAsyncEnumerable`1 asyncEnumerable, CancellationToken cancellationToken)
   at Microsoft.EntityFrameworkCore.Query.ShapedQueryCompilingExpressionVisitor.SingleOrDefaultAsync[TSource](IAsyncEnumerable`1 asyncEnumerable, CancellationToken cancellationToken)
   at BookingSystem.Repositories.Implementations.PatientRepository.GetByEmailAsync(String email, CancellationToken ct) in /Users/brian/RiderProjects/BookingSystem/BookingSystem/Repositories/Implementations/PatientRepository.cs:line 14
   at BookingSystem.Services.Implementations.AuthService.PatientLoginAsync(DefaultLoginRequest request, CancellationToken ct) in /Users/brian/RiderProjects/BookingSystem/BookingSystem/Services/Implementations/AuthService.cs:line 26
   at BookingSystem.Controllers.AuthController.PatientLogin(DefaultLoginRequest request, CancellationToken ct) in /Users/brian/RiderProjects/BookingSystem/BookingSystem/Controllers/AuthController.cs:line 20
   at Microsoft.AspNetCore.Mvc.Infrastructure.ActionMethodExecutor.TaskOfIActionResultExecutor.Execute(ActionContext actionContext, IActionResultTypeMapper mapper, ObjectMethodExecutor executor, Object controller, Object[] arguments)
   at Microsoft.AspNetCore.Mvc.Infrastructure.ControllerActionInvoker.<InvokeActionMethodAsync>g__Logged|12_1(ControllerActionInvoker invoker)
   at Microsoft.AspNetCore.Mvc.Infrastructure.ControllerActionInvoker.<InvokeNextActionFilterAsync>g__Awaited|10_0(ControllerActionInvoker invoker, Task lastTask, State next, Scope scope, Object state, Boolean isCompleted)
   at Microsoft.AspNetCore.Mvc.Infrastructure.ControllerActionInvoker.Rethrow(ActionExecutedContextSealed context)
   at Microsoft.AspNetCore.Mvc.Infrastructure.ControllerActionInvoker.Next(State& next, Scope& scope, Object& state, Boolean& isCompleted)
   at Microsoft.AspNetCore.Mvc.Infrastructure.ControllerActionInvoker.<InvokeInnerFilterAsync>g__Awaited|13_0(ControllerActionInvoker invoker, Task lastTask, State next, Scope scope, Object state, Boolean isCompleted)
   at Microsoft.AspNetCore.Mvc.Infrastructure.ResourceInvoker.<InvokeFilterPipelineAsync>g__Awaited|20_0(ResourceInvoker invoker, Task lastTask, State next, Scope scope, Object state, Boolean isCompleted)
   at Microsoft.AspNetCore.Mvc.Infrastructure.ResourceInvoker.<InvokeAsync>g__Logged|17_1(ResourceInvoker invoker)
   at Microsoft.AspNetCore.Mvc.Infrastructure.ResourceInvoker.<InvokeAsync>g__Logged|17_1(ResourceInvoker invoker)
   at Microsoft.AspNetCore.Authorization.AuthorizationMiddleware.Invoke(HttpContext context)
   at Microsoft.AspNetCore.Authentication.AuthenticationMiddleware.Invoke(HttpContext context)
   at Swashbuckle.AspNetCore.SwaggerUI.SwaggerUIMiddleware.Invoke(HttpContext httpContext)
   at Swashbuckle.AspNetCore.Swagger.SwaggerMiddleware.Invoke(HttpContext httpContext, ISwaggerProvider swaggerProvider)
   at Microsoft.AspNetCore.RateLimiting.RateLimitingMiddleware.InvokeInternal(HttpContext context, EnableRateLimitingAttribute enableRateLimitingAttribute)
   at Serilog.AspNetCore.RequestLoggingMiddleware.Invoke(HttpContext httpContext)
ClientConnectionId:00000000-0000-0000-0000-000000000000
2026-06-04 03:14:22 [ERR] HTTP POST /api/auth/patient/login responded 500 in 12148.0670 ms
Microsoft.Data.SqlClient.SqlException (0x80131904): A network-related or instance-specific error occurred while establishing a connection to SQL Server. The server was not found or was not accessible. Verify that the instance name is correct and that SQL Server is configured to allow remote connections. (provider: TCP Provider, error: 25 - Connection string is not valid)
   at Microsoft.Data.ProviderBase.DbConnectionPool.TryGetConnection(DbConnection owningObject, UInt32 waitForMultipleObjectsTimeout, Boolean allowCreate, Boolean onlyOneCheckConnection, DbConnectionOptions userOptions, DbConnectionInternal& connection)
   at Microsoft.Data.ProviderBase.DbConnectionPool.WaitForPendingOpen()
--- End of stack trace from previous location ---
   at Microsoft.EntityFrameworkCore.Storage.RelationalConnection.OpenInternalAsync(Boolean errorsExpected, CancellationToken cancellationToken)
   at Microsoft.EntityFrameworkCore.Storage.RelationalConnection.OpenInternalAsync(Boolean errorsExpected, CancellationToken cancellationToken)
   at Microsoft.EntityFrameworkCore.Storage.RelationalConnection.OpenAsync(CancellationToken cancellationToken, Boolean errorsExpected)
   at Microsoft.EntityFrameworkCore.Storage.RelationalCommand.ExecuteReaderAsync(RelationalCommandParameterObject parameterObject, CancellationToken cancellationToken)
   at Microsoft.EntityFrameworkCore.Query.Internal.SingleQueryingEnumerable`1.AsyncEnumerator.InitializeReaderAsync(AsyncEnumerator enumerator, CancellationToken cancellationToken)
   at Microsoft.EntityFrameworkCore.Storage.ExecutionStrategy.<>c__DisplayClass30_0`2.<<ExecuteAsync>b__0>d.MoveNext()
--- End of stack trace from previous location ---
   at Microsoft.EntityFrameworkCore.Storage.ExecutionStrategy.ExecuteImplementationAsync[TState,TResult](Func`4 operation, Func`4 verifySucceeded, TState state, CancellationToken cancellationToken)
   at Microsoft.EntityFrameworkCore.Storage.ExecutionStrategy.ExecuteImplementationAsync[TState,TResult](Func`4 operation, Func`4 verifySucceeded, TState state, CancellationToken cancellationToken)
   at Microsoft.EntityFrameworkCore.Storage.ExecutionStrategy.ExecuteAsync[TState,TResult](TState state, Func`4 operation, Func`4 verifySucceeded, CancellationToken cancellationToken)
   at Microsoft.EntityFrameworkCore.Query.Internal.SingleQueryingEnumerable`1.AsyncEnumerator.MoveNextAsync()
   at Microsoft.EntityFrameworkCore.Query.ShapedQueryCompilingExpressionVisitor.SingleOrDefaultAsync[TSource](IAsyncEnumerable`1 asyncEnumerable, CancellationToken cancellationToken)
   at Microsoft.EntityFrameworkCore.Query.ShapedQueryCompilingExpressionVisitor.SingleOrDefaultAsync[TSource](IAsyncEnumerable`1 asyncEnumerable, CancellationToken cancellationToken)
   at BookingSystem.Repositories.Implementations.PatientRepository.GetByEmailAsync(String email, CancellationToken ct) in /Users/brian/RiderProjects/BookingSystem/BookingSystem/Repositories/Implementations/PatientRepository.cs:line 14
   at BookingSystem.Services.Implementations.AuthService.PatientLoginAsync(DefaultLoginRequest request, CancellationToken ct) in /Users/brian/RiderProjects/BookingSystem/BookingSystem/Services/Implementations/AuthService.cs:line 26
   at BookingSystem.Controllers.AuthController.PatientLogin(DefaultLoginRequest request, CancellationToken ct) in /Users/brian/RiderProjects/BookingSystem/BookingSystem/Controllers/AuthController.cs:line 20
   at Microsoft.AspNetCore.Mvc.Infrastructure.ActionMethodExecutor.TaskOfIActionResultExecutor.Execute(ActionContext actionContext, IActionResultTypeMapper mapper, ObjectMethodExecutor executor, Object controller, Object[] arguments)
   at Microsoft.AspNetCore.Mvc.Infrastructure.ControllerActionInvoker.<InvokeActionMethodAsync>g__Logged|12_1(ControllerActionInvoker invoker)
   at Microsoft.AspNetCore.Mvc.Infrastructure.ControllerActionInvoker.<InvokeNextActionFilterAsync>g__Awaited|10_0(ControllerActionInvoker invoker, Task lastTask, State next, Scope scope, Object state, Boolean isCompleted)
   at Microsoft.AspNetCore.Mvc.Infrastructure.ControllerActionInvoker.Rethrow(ActionExecutedContextSealed context)
   at Microsoft.AspNetCore.Mvc.Infrastructure.ControllerActionInvoker.Next(State& next, Scope& scope, Object& state, Boolean& isCompleted)
   at Microsoft.AspNetCore.Mvc.Infrastructure.ControllerActionInvoker.<InvokeInnerFilterAsync>g__Awaited|13_0(ControllerActionInvoker invoker, Task lastTask, State next, Scope scope, Object state, Boolean isCompleted)
   at Microsoft.AspNetCore.Mvc.Infrastructure.ResourceInvoker.<InvokeFilterPipelineAsync>g__Awaited|20_0(ResourceInvoker invoker, Task lastTask, State next, Scope scope, Object state, Boolean isCompleted)
   at Microsoft.AspNetCore.Mvc.Infrastructure.ResourceInvoker.<InvokeAsync>g__Logged|17_1(ResourceInvoker invoker)
   at Microsoft.AspNetCore.Mvc.Infrastructure.ResourceInvoker.<InvokeAsync>g__Logged|17_1(ResourceInvoker invoker)
   at Microsoft.AspNetCore.Authorization.AuthorizationMiddleware.Invoke(HttpContext context)
   at Microsoft.AspNetCore.Authentication.AuthenticationMiddleware.Invoke(HttpContext context)
   at Swashbuckle.AspNetCore.SwaggerUI.SwaggerUIMiddleware.Invoke(HttpContext httpContext)
   at Swashbuckle.AspNetCore.Swagger.SwaggerMiddleware.Invoke(HttpContext httpContext, ISwaggerProvider swaggerProvider)
   at Microsoft.AspNetCore.RateLimiting.RateLimitingMiddleware.InvokeInternal(HttpContext context, EnableRateLimitingAttribute enableRateLimitingAttribute)
   at Serilog.AspNetCore.RequestLoggingMiddleware.Invoke(HttpContext httpContext)
ClientConnectionId:00000000-0000-0000-0000-000000000000
2026-06-04 03:14:22 [ERR] Unhandled exception: A network-related or instance-specific error occurred while establishing a connection to SQL Server. The server was not found or was not accessible. Verify that the instance name is correct and that SQL Server is configured to allow remote connections. (provider: TCP Provider, error: 25 - Connection string is not valid)
Microsoft.Data.SqlClient.SqlException (0x80131904): A network-related or instance-specific error occurred while establishing a connection to SQL Server. The server was not found or was not accessible. Verify that the instance name is correct and that SQL Server is configured to allow remote connections. (provider: TCP Provider, error: 25 - Connection string is not valid)
   at Microsoft.Data.SqlClient.SqlInternalConnection.OnError(SqlException exception, Boolean breakConnection, Action`1 wrapCloseInAction)
   at Microsoft.Data.SqlClient.TdsParser.ThrowExceptionAndWarning(TdsParserStateObject stateObj, Boolean callerHasConnectionLock, Boolean asyncClose)
   at Microsoft.Data.SqlClient.TdsParser.Connect(ServerInfo serverInfo, SqlInternalConnectionTds connHandler, Boolean ignoreSniOpenTimeout, Int64 timerExpire, SqlConnectionString connectionOptions, Boolean withFailover)
   at Microsoft.Data.SqlClient.SqlInternalConnectionTds.AttemptOneLogin(ServerInfo serverInfo, String newPassword, SecureString newSecurePassword, Boolean ignoreSniOpenTimeout, TimeoutTimer timeout, Boolean withFailover)
   at Microsoft.Data.SqlClient.SqlInternalConnectionTds.LoginNoFailover(ServerInfo serverInfo, String newPassword, SecureString newSecurePassword, Boolean redirectedUserInstance, SqlConnectionString connectionOptions, SqlCredential credential, TimeoutTimer timeout)
   at Microsoft.Data.SqlClient.SqlInternalConnectionTds.OpenLoginEnlist(TimeoutTimer timeout, SqlConnectionString connectionOptions, SqlCredential credential, String newPassword, SecureString newSecurePassword, Boolean redirectedUserInstance)
   at Microsoft.Data.SqlClient.SqlInternalConnectionTds..ctor(DbConnectionPoolIdentity identity, SqlConnectionString connectionOptions, SqlCredential credential, Object providerInfo, String newPassword, SecureString newSecurePassword, Boolean redirectedUserInstance, SqlConnectionString userConnectionOptions, SessionData reconnectSessionData, Boolean applyTransientFaultHandling, String accessToken, DbConnectionPool pool)
   at Microsoft.Data.SqlClient.SqlConnectionFactory.CreateConnection(DbConnectionOptions options, DbConnectionPoolKey poolKey, Object poolGroupProviderInfo, DbConnectionPool pool, DbConnection owningConnection, DbConnectionOptions userOptions)
   at Microsoft.Data.ProviderBase.DbConnectionFactory.CreatePooledConnection(DbConnectionPool pool, DbConnection owningObject, DbConnectionOptions options, DbConnectionPoolKey poolKey, DbConnectionOptions userOptions)
   at Microsoft.Data.ProviderBase.DbConnectionPool.CreateObject(DbConnection owningObject, DbConnectionOptions userOptions, DbConnectionInternal oldConnection)
   at Microsoft.Data.ProviderBase.DbConnectionPool.UserCreateRequest(DbConnection owningObject, DbConnectionOptions userOptions, DbConnectionInternal oldConnection)
   at Microsoft.Data.ProviderBase.DbConnectionPool.TryGetConnection(DbConnection owningObject, UInt32 waitForMultipleObjectsTimeout, Boolean allowCreate, Boolean onlyOneCheckConnection, DbConnectionOptions userOptions, DbConnectionInternal& connection)
   at Microsoft.Data.ProviderBase.DbConnectionPool.WaitForPendingOpen()
--- End of stack trace from previous location ---
   at Microsoft.EntityFrameworkCore.Storage.RelationalConnection.OpenInternalAsync(Boolean errorsExpected, CancellationToken cancellationToken)
   at Microsoft.EntityFrameworkCore.Storage.RelationalConnection.OpenInternalAsync(Boolean errorsExpected, CancellationToken cancellationToken)
   at Microsoft.EntityFrameworkCore.Storage.RelationalConnection.OpenAsync(CancellationToken cancellationToken, Boolean errorsExpected)
   at Microsoft.EntityFrameworkCore.Storage.RelationalCommand.ExecuteReaderAsync(RelationalCommandParameterObject parameterObject, CancellationToken cancellationToken)
   at Microsoft.EntityFrameworkCore.Query.Internal.SingleQueryingEnumerable`1.AsyncEnumerator.InitializeReaderAsync(AsyncEnumerator enumerator, CancellationToken cancellationToken)
   at Microsoft.EntityFrameworkCore.Storage.ExecutionStrategy.<>c__DisplayClass30_0`2.<<ExecuteAsync>b__0>d.MoveNext()
--- End of stack trace from previous location ---
   at Microsoft.EntityFrameworkCore.Storage.ExecutionStrategy.ExecuteImplementationAsync[TState,TResult](Func`4 operation, Func`4 verifySucceeded, TState state, CancellationToken cancellationToken)
   at Microsoft.EntityFrameworkCore.Storage.ExecutionStrategy.ExecuteImplementationAsync[TState,TResult](Func`4 operation, Func`4 verifySucceeded, TState state, CancellationToken cancellationToken)
   at Microsoft.EntityFrameworkCore.Storage.ExecutionStrategy.ExecuteAsync[TState,TResult](TState state, Func`4 operation, Func`4 verifySucceeded, CancellationToken cancellationToken)
   at Microsoft.EntityFrameworkCore.Query.Internal.SingleQueryingEnumerable`1.AsyncEnumerator.MoveNextAsync()
   at Microsoft.EntityFrameworkCore.Query.ShapedQueryCompilingExpressionVisitor.SingleOrDefaultAsync[TSource](IAsyncEnumerable`1 asyncEnumerable, CancellationToken cancellationToken)
   at Microsoft.EntityFrameworkCore.Query.ShapedQueryCompilingExpressionVisitor.SingleOrDefaultAsync[TSource](IAsyncEnumerable`1 asyncEnumerable, CancellationToken cancellationToken)
   at BookingSystem.Repositories.Implementations.PatientRepository.GetByEmailAsync(String email, CancellationToken ct) in /Users/brian/RiderProjects/BookingSystem/BookingSystem/Repositories/Implementations/PatientRepository.cs:line 14
   at BookingSystem.Services.Implementations.AuthService.PatientLoginAsync(DefaultLoginRequest request, CancellationToken ct) in /Users/brian/RiderProjects/BookingSystem/BookingSystem/Services/Implementations/AuthService.cs:line 26
   at BookingSystem.Controllers.AuthController.PatientLogin(DefaultLoginRequest request, CancellationToken ct) in /Users/brian/RiderProjects/BookingSystem/BookingSystem/Controllers/AuthController.cs:line 20
   at Microsoft.AspNetCore.Mvc.Infrastructure.ActionMethodExecutor.TaskOfIActionResultExecutor.Execute(ActionContext actionContext, IActionResultTypeMapper mapper, ObjectMethodExecutor executor, Object controller, Object[] arguments)
   at Microsoft.AspNetCore.Mvc.Infrastructure.ControllerActionInvoker.<InvokeActionMethodAsync>g__Logged|12_1(ControllerActionInvoker invoker)
   at Microsoft.AspNetCore.Mvc.Infrastructure.ControllerActionInvoker.<InvokeNextActionFilterAsync>g__Awaited|10_0(ControllerActionInvoker invoker, Task lastTask, State next, Scope scope, Object state, Boolean isCompleted)
   at Microsoft.AspNetCore.Mvc.Infrastructure.ControllerActionInvoker.Rethrow(ActionExecutedContextSealed context)
   at Microsoft.AspNetCore.Mvc.Infrastructure.ControllerActionInvoker.Next(State& next, Scope& scope, Object& state, Boolean& isCompleted)
   at Microsoft.AspNetCore.Mvc.Infrastructure.ControllerActionInvoker.<InvokeInnerFilterAsync>g__Awaited|13_0(ControllerActionInvoker invoker, Task lastTask, State next, Scope scope, Object state, Boolean isCompleted)
   at Microsoft.AspNetCore.Mvc.Infrastructure.ResourceInvoker.<InvokeFilterPipelineAsync>g__Awaited|20_0(ResourceInvoker invoker, Task lastTask, State next, Scope scope, Object state, Boolean isCompleted)
   at Microsoft.AspNetCore.Mvc.Infrastructure.ResourceInvoker.<InvokeAsync>g__Logged|17_1(ResourceInvoker invoker)
   at Microsoft.AspNetCore.Mvc.Infrastructure.ResourceInvoker.<InvokeAsync>g__Logged|17_1(ResourceInvoker invoker)
   at Microsoft.AspNetCore.Authorization.AuthorizationMiddleware.Invoke(HttpContext context)
   at Microsoft.AspNetCore.Authentication.AuthenticationMiddleware.Invoke(HttpContext context)
   at Swashbuckle.AspNetCore.SwaggerUI.SwaggerUIMiddleware.Invoke(HttpContext httpContext)
   at Swashbuckle.AspNetCore.Swagger.SwaggerMiddleware.Invoke(HttpContext httpContext, ISwaggerProvider swaggerProvider)
   at Microsoft.AspNetCore.RateLimiting.RateLimitingMiddleware.InvokeInternal(HttpContext context, EnableRateLimitingAttribute enableRateLimitingAttribute)
   at Serilog.AspNetCore.RequestLoggingMiddleware.Invoke(HttpContext httpContext)
   at BookingSystem.Middleware.ErrorHandlerMiddleware.InvokeAsync(HttpContext context) in /Users/brian/RiderProjects/BookingSystem/BookingSystem/Middleware/ErrorHandlerMiddleware.cs:line 20
ClientConnectionId:00000000-0000-0000-0000-000000000000
2026-06-04 03:14:22 [ERR] Unhandled exception: A network-related or instance-specific error occurred while establishing a connection to SQL Server. The server was not found or was not accessible. Verify that the instance name is correct and that SQL Server is configured to allow remote connections. (provider: TCP Provider, error: 25 - Connection string is not valid)
Microsoft.Data.SqlClient.SqlException (0x80131904): A network-related or instance-specific error occurred while establishing a connection to SQL Server. The server was not found or was not accessible. Verify that the instance name is correct and that SQL Server is configured to allow remote connections. (provider: TCP Provider, error: 25 - Connection string is not valid)
   at Microsoft.Data.ProviderBase.DbConnectionPool.TryGetConnection(DbConnection owningObject, UInt32 waitForMultipleObjectsTimeout, Boolean allowCreate, Boolean onlyOneCheckConnection, DbConnectionOptions userOptions, DbConnectionInternal& connection)
   at Microsoft.Data.ProviderBase.DbConnectionPool.WaitForPendingOpen()
--- End of stack trace from previous location ---
   at Microsoft.EntityFrameworkCore.Storage.RelationalConnection.OpenInternalAsync(Boolean errorsExpected, CancellationToken cancellationToken)
   at Microsoft.EntityFrameworkCore.Storage.RelationalConnection.OpenInternalAsync(Boolean errorsExpected, CancellationToken cancellationToken)
   at Microsoft.EntityFrameworkCore.Storage.RelationalConnection.OpenAsync(CancellationToken cancellationToken, Boolean errorsExpected)
   at Microsoft.EntityFrameworkCore.Storage.RelationalCommand.ExecuteReaderAsync(RelationalCommandParameterObject parameterObject, CancellationToken cancellationToken)
   at Microsoft.EntityFrameworkCore.Query.Internal.SingleQueryingEnumerable`1.AsyncEnumerator.InitializeReaderAsync(AsyncEnumerator enumerator, CancellationToken cancellationToken)
   at Microsoft.EntityFrameworkCore.Storage.ExecutionStrategy.<>c__DisplayClass30_0`2.<<ExecuteAsync>b__0>d.MoveNext()
--- End of stack trace from previous location ---
   at Microsoft.EntityFrameworkCore.Storage.ExecutionStrategy.ExecuteImplementationAsync[TState,TResult](Func`4 operation, Func`4 verifySucceeded, TState state, CancellationToken cancellationToken)
   at Microsoft.EntityFrameworkCore.Storage.ExecutionStrategy.ExecuteImplementationAsync[TState,TResult](Func`4 operation, Func`4 verifySucceeded, TState state, CancellationToken cancellationToken)
   at Microsoft.EntityFrameworkCore.Storage.ExecutionStrategy.ExecuteAsync[TState,TResult](TState state, Func`4 operation, Func`4 verifySucceeded, CancellationToken cancellationToken)
   at Microsoft.EntityFrameworkCore.Query.Internal.SingleQueryingEnumerable`1.AsyncEnumerator.MoveNextAsync()
   at Microsoft.EntityFrameworkCore.Query.ShapedQueryCompilingExpressionVisitor.SingleOrDefaultAsync[TSource](IAsyncEnumerable`1 asyncEnumerable, CancellationToken cancellationToken)
   at Microsoft.EntityFrameworkCore.Query.ShapedQueryCompilingExpressionVisitor.SingleOrDefaultAsync[TSource](IAsyncEnumerable`1 asyncEnumerable, CancellationToken cancellationToken)
   at BookingSystem.Repositories.Implementations.PatientRepository.GetByEmailAsync(String email, CancellationToken ct) in /Users/brian/RiderProjects/BookingSystem/BookingSystem/Repositories/Implementations/PatientRepository.cs:line 14
   at BookingSystem.Services.Implementations.AuthService.PatientLoginAsync(DefaultLoginRequest request, CancellationToken ct) in /Users/brian/RiderProjects/BookingSystem/BookingSystem/Services/Implementations/AuthService.cs:line 26
   at BookingSystem.Controllers.AuthController.PatientLogin(DefaultLoginRequest request, CancellationToken ct) in /Users/brian/RiderProjects/BookingSystem/BookingSystem/Controllers/AuthController.cs:line 20
   at Microsoft.AspNetCore.Mvc.Infrastructure.ActionMethodExecutor.TaskOfIActionResultExecutor.Execute(ActionContext actionContext, IActionResultTypeMapper mapper, ObjectMethodExecutor executor, Object controller, Object[] arguments)
   at Microsoft.AspNetCore.Mvc.Infrastructure.ControllerActionInvoker.<InvokeActionMethodAsync>g__Logged|12_1(ControllerActionInvoker invoker)
   at Microsoft.AspNetCore.Mvc.Infrastructure.ControllerActionInvoker.<InvokeNextActionFilterAsync>g__Awaited|10_0(ControllerActionInvoker invoker, Task lastTask, State next, Scope scope, Object state, Boolean isCompleted)
   at Microsoft.AspNetCore.Mvc.Infrastructure.ControllerActionInvoker.Rethrow(ActionExecutedContextSealed context)
   at Microsoft.AspNetCore.Mvc.Infrastructure.ControllerActionInvoker.Next(State& next, Scope& scope, Object& state, Boolean& isCompleted)
   at Microsoft.AspNetCore.Mvc.Infrastructure.ControllerActionInvoker.<InvokeInnerFilterAsync>g__Awaited|13_0(ControllerActionInvoker invoker, Task lastTask, State next, Scope scope, Object state, Boolean isCompleted)
   at Microsoft.AspNetCore.Mvc.Infrastructure.ResourceInvoker.<InvokeFilterPipelineAsync>g__Awaited|20_0(ResourceInvoker invoker, Task lastTask, State next, Scope scope, Object state, Boolean isCompleted)
   at Microsoft.AspNetCore.Mvc.Infrastructure.ResourceInvoker.<InvokeAsync>g__Logged|17_1(ResourceInvoker invoker)
   at Microsoft.AspNetCore.Mvc.Infrastructure.ResourceInvoker.<InvokeAsync>g__Logged|17_1(ResourceInvoker invoker)
   at Microsoft.AspNetCore.Authorization.AuthorizationMiddleware.Invoke(HttpContext context)
   at Microsoft.AspNetCore.Authentication.AuthenticationMiddleware.Invoke(HttpContext context)
   at Swashbuckle.AspNetCore.SwaggerUI.SwaggerUIMiddleware.Invoke(HttpContext httpContext)
   at Swashbuckle.AspNetCore.Swagger.SwaggerMiddleware.Invoke(HttpContext httpContext, ISwaggerProvider swaggerProvider)
   at Microsoft.AspNetCore.RateLimiting.RateLimitingMiddleware.InvokeInternal(HttpContext context, EnableRateLimitingAttribute enableRateLimitingAttribute)
   at Serilog.AspNetCore.RequestLoggingMiddleware.Invoke(HttpContext httpContext)
   at BookingSystem.Middleware.ErrorHandlerMiddleware.InvokeAsync(HttpContext context) in /Users/brian/RiderProjects/BookingSystem/BookingSystem/Middleware/ErrorHandlerMiddleware.cs:line 20
ClientConnectionId:00000000-0000-0000-0000-000000000000
2026-06-04 03:15:02 [INF] Application is shutting down...
2026-06-04 03:15:03 [INF] Now listening on: http://localhost:4000
2026-06-04 03:15:03 [INF] Application started. Press Ctrl+C to shut down.
2026-06-04 03:15:03 [INF] Hosting environment: Development
2026-06-04 03:15:03 [INF] Content root path: /Users/brian/RiderProjects/BookingSystem/BookingSystem
2026-06-04 03:15:44 [ERR] An error occurred using the connection to database '_' on server 'localhost,_'.
2026-06-04 03:15:44 [ERR] An error occurred using the connection to database '_' on server 'localhost,_'.
2026-06-04 03:15:44 [ERR] An error occurred using the connection to database '_' on server 'localhost,_'.
2026-06-04 03:15:44 [ERR] HTTP POST /api/auth/patient/login responded 500 in 3848.2709 ms
System.Threading.Tasks.TaskCanceledException: A task was canceled.
   at Microsoft.EntityFrameworkCore.Storage.RelationalConnection.OpenInternalAsync(Boolean errorsExpected, CancellationToken cancellationToken)
   at Microsoft.EntityFrameworkCore.Storage.RelationalConnection.OpenInternalAsync(Boolean errorsExpected, CancellationToken cancellationToken)
   at Microsoft.EntityFrameworkCore.Storage.RelationalConnection.OpenAsync(CancellationToken cancellationToken, Boolean errorsExpected)
   at Microsoft.EntityFrameworkCore.Storage.RelationalCommand.ExecuteReaderAsync(RelationalCommandParameterObject parameterObject, CancellationToken cancellationToken)
   at Microsoft.EntityFrameworkCore.Query.Internal.SingleQueryingEnumerable`1.AsyncEnumerator.InitializeReaderAsync(AsyncEnumerator enumerator, CancellationToken cancellationToken)
   at Microsoft.EntityFrameworkCore.Storage.ExecutionStrategy.<>c__DisplayClass30_0`2.<<ExecuteAsync>b__0>d.MoveNext()
--- End of stack trace from previous location ---
   at Microsoft.EntityFrameworkCore.Storage.ExecutionStrategy.ExecuteImplementationAsync[TState,TResult](Func`4 operation, Func`4 verifySucceeded, TState state, CancellationToken cancellationToken)
   at Microsoft.EntityFrameworkCore.Storage.ExecutionStrategy.ExecuteImplementationAsync[TState,TResult](Func`4 operation, Func`4 verifySucceeded, TState state, CancellationToken cancellationToken)
   at Microsoft.EntityFrameworkCore.Storage.ExecutionStrategy.ExecuteAsync[TState,TResult](TState state, Func`4 operation, Func`4 verifySucceeded, CancellationToken cancellationToken)
   at Microsoft.EntityFrameworkCore.Query.Internal.SingleQueryingEnumerable`1.AsyncEnumerator.MoveNextAsync()
   at Microsoft.EntityFrameworkCore.Query.ShapedQueryCompilingExpressionVisitor.SingleOrDefaultAsync[TSource](IAsyncEnumerable`1 asyncEnumerable, CancellationToken cancellationToken)
   at Microsoft.EntityFrameworkCore.Query.ShapedQueryCompilingExpressionVisitor.SingleOrDefaultAsync[TSource](IAsyncEnumerable`1 asyncEnumerable, CancellationToken cancellationToken)
   at BookingSystem.Repositories.Implementations.PatientRepository.GetByEmailAsync(String email, CancellationToken ct) in /Users/brian/RiderProjects/BookingSystem/BookingSystem/Repositories/Implementations/PatientRepository.cs:line 14
   at BookingSystem.Services.Implementations.AuthService.PatientLoginAsync(DefaultLoginRequest request, CancellationToken ct) in /Users/brian/RiderProjects/BookingSystem/BookingSystem/Services/Implementations/AuthService.cs:line 26
   at BookingSystem.Controllers.AuthController.PatientLogin(DefaultLoginRequest request, CancellationToken ct) in /Users/brian/RiderProjects/BookingSystem/BookingSystem/Controllers/AuthController.cs:line 20
   at Microsoft.AspNetCore.Mvc.Infrastructure.ActionMethodExecutor.TaskOfIActionResultExecutor.Execute(ActionContext actionContext, IActionResultTypeMapper mapper, ObjectMethodExecutor executor, Object controller, Object[] arguments)
   at Microsoft.AspNetCore.Mvc.Infrastructure.ControllerActionInvoker.<InvokeActionMethodAsync>g__Logged|12_1(ControllerActionInvoker invoker)
   at Microsoft.AspNetCore.Mvc.Infrastructure.ControllerActionInvoker.<InvokeNextActionFilterAsync>g__Awaited|10_0(ControllerActionInvoker invoker, Task lastTask, State next, Scope scope, Object state, Boolean isCompleted)
   at Microsoft.AspNetCore.Mvc.Infrastructure.ControllerActionInvoker.Rethrow(ActionExecutedContextSealed context)
   at Microsoft.AspNetCore.Mvc.Infrastructure.ControllerActionInvoker.Next(State& next, Scope& scope, Object& state, Boolean& isCompleted)
   at Microsoft.AspNetCore.Mvc.Infrastructure.ControllerActionInvoker.<InvokeInnerFilterAsync>g__Awaited|13_0(ControllerActionInvoker invoker, Task lastTask, State next, Scope scope, Object state, Boolean isCompleted)
   at Microsoft.AspNetCore.Mvc.Infrastructure.ResourceInvoker.<InvokeFilterPipelineAsync>g__Awaited|20_0(ResourceInvoker invoker, Task lastTask, State next, Scope scope, Object state, Boolean isCompleted)
   at Microsoft.AspNetCore.Mvc.Infrastructure.ResourceInvoker.<InvokeAsync>g__Logged|17_1(ResourceInvoker invoker)
   at Microsoft.AspNetCore.Mvc.Infrastructure.ResourceInvoker.<InvokeAsync>g__Logged|17_1(ResourceInvoker invoker)
   at Microsoft.AspNetCore.Authorization.AuthorizationMiddleware.Invoke(HttpContext context)
   at Microsoft.AspNetCore.Authentication.AuthenticationMiddleware.Invoke(HttpContext context)
   at Swashbuckle.AspNetCore.SwaggerUI.SwaggerUIMiddleware.Invoke(HttpContext httpContext)
   at Swashbuckle.AspNetCore.Swagger.SwaggerMiddleware.Invoke(HttpContext httpContext, ISwaggerProvider swaggerProvider)
   at Microsoft.AspNetCore.RateLimiting.RateLimitingMiddleware.InvokeInternal(HttpContext context, EnableRateLimitingAttribute enableRateLimitingAttribute)
   at Serilog.AspNetCore.RequestLoggingMiddleware.Invoke(HttpContext httpContext)
2026-06-04 03:15:44 [ERR] HTTP POST /api/auth/patient/login responded 500 in 11817.0018 ms
System.Threading.Tasks.TaskCanceledException: A task was canceled.
   at Microsoft.EntityFrameworkCore.Storage.RelationalConnection.OpenInternalAsync(Boolean errorsExpected, CancellationToken cancellationToken)
   at Microsoft.EntityFrameworkCore.Storage.RelationalConnection.OpenInternalAsync(Boolean errorsExpected, CancellationToken cancellationToken)
   at Microsoft.EntityFrameworkCore.Storage.RelationalConnection.OpenAsync(CancellationToken cancellationToken, Boolean errorsExpected)
   at Microsoft.EntityFrameworkCore.Storage.RelationalCommand.ExecuteReaderAsync(RelationalCommandParameterObject parameterObject, CancellationToken cancellationToken)
   at Microsoft.EntityFrameworkCore.Query.Internal.SingleQueryingEnumerable`1.AsyncEnumerator.InitializeReaderAsync(AsyncEnumerator enumerator, CancellationToken cancellationToken)
   at Microsoft.EntityFrameworkCore.Storage.ExecutionStrategy.<>c__DisplayClass30_0`2.<<ExecuteAsync>b__0>d.MoveNext()
--- End of stack trace from previous location ---
   at Microsoft.EntityFrameworkCore.Storage.ExecutionStrategy.ExecuteImplementationAsync[TState,TResult](Func`4 operation, Func`4 verifySucceeded, TState state, CancellationToken cancellationToken)
   at Microsoft.EntityFrameworkCore.Storage.ExecutionStrategy.ExecuteImplementationAsync[TState,TResult](Func`4 operation, Func`4 verifySucceeded, TState state, CancellationToken cancellationToken)
   at Microsoft.EntityFrameworkCore.Storage.ExecutionStrategy.ExecuteAsync[TState,TResult](TState state, Func`4 operation, Func`4 verifySucceeded, CancellationToken cancellationToken)
   at Microsoft.EntityFrameworkCore.Query.Internal.SingleQueryingEnumerable`1.AsyncEnumerator.MoveNextAsync()
   at Microsoft.EntityFrameworkCore.Query.ShapedQueryCompilingExpressionVisitor.SingleOrDefaultAsync[TSource](IAsyncEnumerable`1 asyncEnumerable, CancellationToken cancellationToken)
   at Microsoft.EntityFrameworkCore.Query.ShapedQueryCompilingExpressionVisitor.SingleOrDefaultAsync[TSource](IAsyncEnumerable`1 asyncEnumerable, CancellationToken cancellationToken)
   at BookingSystem.Repositories.Implementations.PatientRepository.GetByEmailAsync(String email, CancellationToken ct) in /Users/brian/RiderProjects/BookingSystem/BookingSystem/Repositories/Implementations/PatientRepository.cs:line 14
   at BookingSystem.Services.Implementations.AuthService.PatientLoginAsync(DefaultLoginRequest request, CancellationToken ct) in /Users/brian/RiderProjects/BookingSystem/BookingSystem/Services/Implementations/AuthService.cs:line 26
   at BookingSystem.Controllers.AuthController.PatientLogin(DefaultLoginRequest request, CancellationToken ct) in /Users/brian/RiderProjects/BookingSystem/BookingSystem/Controllers/AuthController.cs:line 20
   at Microsoft.AspNetCore.Mvc.Infrastructure.ActionMethodExecutor.TaskOfIActionResultExecutor.Execute(ActionContext actionContext, IActionResultTypeMapper mapper, ObjectMethodExecutor executor, Object controller, Object[] arguments)
   at Microsoft.AspNetCore.Mvc.Infrastructure.ControllerActionInvoker.<InvokeActionMethodAsync>g__Logged|12_1(ControllerActionInvoker invoker)
   at Microsoft.AspNetCore.Mvc.Infrastructure.ControllerActionInvoker.<InvokeNextActionFilterAsync>g__Awaited|10_0(ControllerActionInvoker invoker, Task lastTask, State next, Scope scope, Object state, Boolean isCompleted)
   at Microsoft.AspNetCore.Mvc.Infrastructure.ControllerActionInvoker.Rethrow(ActionExecutedContextSealed context)
   at Microsoft.AspNetCore.Mvc.Infrastructure.ControllerActionInvoker.Next(State& next, Scope& scope, Object& state, Boolean& isCompleted)
   at Microsoft.AspNetCore.Mvc.Infrastructure.ControllerActionInvoker.<InvokeInnerFilterAsync>g__Awaited|13_0(ControllerActionInvoker invoker, Task lastTask, State next, Scope scope, Object state, Boolean isCompleted)
   at Microsoft.AspNetCore.Mvc.Infrastructure.ResourceInvoker.<InvokeFilterPipelineAsync>g__Awaited|20_0(ResourceInvoker invoker, Task lastTask, State next, Scope scope, Object state, Boolean isCompleted)
   at Microsoft.AspNetCore.Mvc.Infrastructure.ResourceInvoker.<InvokeAsync>g__Logged|17_1(ResourceInvoker invoker)
   at Microsoft.AspNetCore.Mvc.Infrastructure.ResourceInvoker.<InvokeAsync>g__Logged|17_1(ResourceInvoker invoker)
   at Microsoft.AspNetCore.Authorization.AuthorizationMiddleware.Invoke(HttpContext context)
   at Microsoft.AspNetCore.Authentication.AuthenticationMiddleware.Invoke(HttpContext context)
   at Swashbuckle.AspNetCore.SwaggerUI.SwaggerUIMiddleware.Invoke(HttpContext httpContext)
   at Swashbuckle.AspNetCore.Swagger.SwaggerMiddleware.Invoke(HttpContext httpContext, ISwaggerProvider swaggerProvider)
   at Microsoft.AspNetCore.RateLimiting.RateLimitingMiddleware.InvokeInternal(HttpContext context, EnableRateLimitingAttribute enableRateLimitingAttribute)
   at Serilog.AspNetCore.RequestLoggingMiddleware.Invoke(HttpContext httpContext)
2026-06-04 03:15:44 [ERR] HTTP POST /api/auth/patient/login responded 500 in 15183.0665 ms
System.Threading.Tasks.TaskCanceledException: A task was canceled.
   at Microsoft.EntityFrameworkCore.Storage.RelationalConnection.OpenInternalAsync(Boolean errorsExpected, CancellationToken cancellationToken)
   at Microsoft.EntityFrameworkCore.Storage.RelationalConnection.OpenInternalAsync(Boolean errorsExpected, CancellationToken cancellationToken)
   at Microsoft.EntityFrameworkCore.Storage.RelationalConnection.OpenAsync(CancellationToken cancellationToken, Boolean errorsExpected)
   at Microsoft.EntityFrameworkCore.Storage.RelationalCommand.ExecuteReaderAsync(RelationalCommandParameterObject parameterObject, CancellationToken cancellationToken)
   at Microsoft.EntityFrameworkCore.Query.Internal.SingleQueryingEnumerable`1.AsyncEnumerator.InitializeReaderAsync(AsyncEnumerator enumerator, CancellationToken cancellationToken)
   at Microsoft.EntityFrameworkCore.Storage.ExecutionStrategy.<>c__DisplayClass30_0`2.<<ExecuteAsync>b__0>d.MoveNext()
--- End of stack trace from previous location ---
   at Microsoft.EntityFrameworkCore.Storage.ExecutionStrategy.ExecuteImplementationAsync[TState,TResult](Func`4 operation, Func`4 verifySucceeded, TState state, CancellationToken cancellationToken)
   at Microsoft.EntityFrameworkCore.Storage.ExecutionStrategy.ExecuteImplementationAsync[TState,TResult](Func`4 operation, Func`4 verifySucceeded, TState state, CancellationToken cancellationToken)
   at Microsoft.EntityFrameworkCore.Storage.ExecutionStrategy.ExecuteAsync[TState,TResult](TState state, Func`4 operation, Func`4 verifySucceeded, CancellationToken cancellationToken)
   at Microsoft.EntityFrameworkCore.Query.Internal.SingleQueryingEnumerable`1.AsyncEnumerator.MoveNextAsync()
   at Microsoft.EntityFrameworkCore.Query.ShapedQueryCompilingExpressionVisitor.SingleOrDefaultAsync[TSource](IAsyncEnumerable`1 asyncEnumerable, CancellationToken cancellationToken)
   at Microsoft.EntityFrameworkCore.Query.ShapedQueryCompilingExpressionVisitor.SingleOrDefaultAsync[TSource](IAsyncEnumerable`1 asyncEnumerable, CancellationToken cancellationToken)
   at BookingSystem.Repositories.Implementations.PatientRepository.GetByEmailAsync(String email, CancellationToken ct) in /Users/brian/RiderProjects/BookingSystem/BookingSystem/Repositories/Implementations/PatientRepository.cs:line 14
   at BookingSystem.Services.Implementations.AuthService.PatientLoginAsync(DefaultLoginRequest request, CancellationToken ct) in /Users/brian/RiderProjects/BookingSystem/BookingSystem/Services/Implementations/AuthService.cs:line 26
   at BookingSystem.Controllers.AuthController.PatientLogin(DefaultLoginRequest request, CancellationToken ct) in /Users/brian/RiderProjects/BookingSystem/BookingSystem/Controllers/AuthController.cs:line 20
   at Microsoft.AspNetCore.Mvc.Infrastructure.ActionMethodExecutor.TaskOfIActionResultExecutor.Execute(ActionContext actionContext, IActionResultTypeMapper mapper, ObjectMethodExecutor executor, Object controller, Object[] arguments)
   at Microsoft.AspNetCore.Mvc.Infrastructure.ControllerActionInvoker.<InvokeActionMethodAsync>g__Logged|12_1(ControllerActionInvoker invoker)
   at Microsoft.AspNetCore.Mvc.Infrastructure.ControllerActionInvoker.<InvokeNextActionFilterAsync>g__Awaited|10_0(ControllerActionInvoker invoker, Task lastTask, State next, Scope scope, Object state, Boolean isCompleted)
   at Microsoft.AspNetCore.Mvc.Infrastructure.ControllerActionInvoker.Rethrow(ActionExecutedContextSealed context)
   at Microsoft.AspNetCore.Mvc.Infrastructure.ControllerActionInvoker.Next(State& next, Scope& scope, Object& state, Boolean& isCompleted)
   at Microsoft.AspNetCore.Mvc.Infrastructure.ControllerActionInvoker.<InvokeInnerFilterAsync>g__Awaited|13_0(ControllerActionInvoker invoker, Task lastTask, State next, Scope scope, Object state, Boolean isCompleted)
   at Microsoft.AspNetCore.Mvc.Infrastructure.ResourceInvoker.<InvokeFilterPipelineAsync>g__Awaited|20_0(ResourceInvoker invoker, Task lastTask, State next, Scope scope, Object state, Boolean isCompleted)
   at Microsoft.AspNetCore.Mvc.Infrastructure.ResourceInvoker.<InvokeAsync>g__Logged|17_1(ResourceInvoker invoker)
   at Microsoft.AspNetCore.Mvc.Infrastructure.ResourceInvoker.<InvokeAsync>g__Logged|17_1(ResourceInvoker invoker)
   at Microsoft.AspNetCore.Authorization.AuthorizationMiddleware.Invoke(HttpContext context)
   at Microsoft.AspNetCore.Authentication.AuthenticationMiddleware.Invoke(HttpContext context)
   at Swashbuckle.AspNetCore.SwaggerUI.SwaggerUIMiddleware.Invoke(HttpContext httpContext)
   at Swashbuckle.AspNetCore.Swagger.SwaggerMiddleware.Invoke(HttpContext httpContext, ISwaggerProvider swaggerProvider)
   at Microsoft.AspNetCore.RateLimiting.RateLimitingMiddleware.InvokeInternal(HttpContext context, EnableRateLimitingAttribute enableRateLimitingAttribute)
   at Serilog.AspNetCore.RequestLoggingMiddleware.Invoke(HttpContext httpContext)
2026-06-04 03:15:44 [ERR] Unhandled exception: A task was canceled.
System.Threading.Tasks.TaskCanceledException: A task was canceled.
   at Microsoft.EntityFrameworkCore.Storage.RelationalConnection.OpenInternalAsync(Boolean errorsExpected, CancellationToken cancellationToken)
   at Microsoft.EntityFrameworkCore.Storage.RelationalConnection.OpenInternalAsync(Boolean errorsExpected, CancellationToken cancellationToken)
   at Microsoft.EntityFrameworkCore.Storage.RelationalConnection.OpenAsync(CancellationToken cancellationToken, Boolean errorsExpected)
   at Microsoft.EntityFrameworkCore.Storage.RelationalCommand.ExecuteReaderAsync(RelationalCommandParameterObject parameterObject, CancellationToken cancellationToken)
   at Microsoft.EntityFrameworkCore.Query.Internal.SingleQueryingEnumerable`1.AsyncEnumerator.InitializeReaderAsync(AsyncEnumerator enumerator, CancellationToken cancellationToken)
   at Microsoft.EntityFrameworkCore.Storage.ExecutionStrategy.<>c__DisplayClass30_0`2.<<ExecuteAsync>b__0>d.MoveNext()
--- End of stack trace from previous location ---
   at Microsoft.EntityFrameworkCore.Storage.ExecutionStrategy.ExecuteImplementationAsync[TState,TResult](Func`4 operation, Func`4 verifySucceeded, TState state, CancellationToken cancellationToken)
   at Microsoft.EntityFrameworkCore.Storage.ExecutionStrategy.ExecuteImplementationAsync[TState,TResult](Func`4 operation, Func`4 verifySucceeded, TState state, CancellationToken cancellationToken)
   at Microsoft.EntityFrameworkCore.Storage.ExecutionStrategy.ExecuteAsync[TState,TResult](TState state, Func`4 operation, Func`4 verifySucceeded, CancellationToken cancellationToken)
   at Microsoft.EntityFrameworkCore.Query.Internal.SingleQueryingEnumerable`1.AsyncEnumerator.MoveNextAsync()
   at Microsoft.EntityFrameworkCore.Query.ShapedQueryCompilingExpressionVisitor.SingleOrDefaultAsync[TSource](IAsyncEnumerable`1 asyncEnumerable, CancellationToken cancellationToken)
   at Microsoft.EntityFrameworkCore.Query.ShapedQueryCompilingExpressionVisitor.SingleOrDefaultAsync[TSource](IAsyncEnumerable`1 asyncEnumerable, CancellationToken cancellationToken)
   at BookingSystem.Repositories.Implementations.PatientRepository.GetByEmailAsync(String email, CancellationToken ct) in /Users/brian/RiderProjects/BookingSystem/BookingSystem/Repositories/Implementations/PatientRepository.cs:line 14
   at BookingSystem.Services.Implementations.AuthService.PatientLoginAsync(DefaultLoginRequest request, CancellationToken ct) in /Users/brian/RiderProjects/BookingSystem/BookingSystem/Services/Implementations/AuthService.cs:line 26
   at BookingSystem.Controllers.AuthController.PatientLogin(DefaultLoginRequest request, CancellationToken ct) in /Users/brian/RiderProjects/BookingSystem/BookingSystem/Controllers/AuthController.cs:line 20
   at Microsoft.AspNetCore.Mvc.Infrastructure.ActionMethodExecutor.TaskOfIActionResultExecutor.Execute(ActionContext actionContext, IActionResultTypeMapper mapper, ObjectMethodExecutor executor, Object controller, Object[] arguments)
   at Microsoft.AspNetCore.Mvc.Infrastructure.ControllerActionInvoker.<InvokeActionMethodAsync>g__Logged|12_1(ControllerActionInvoker invoker)
   at Microsoft.AspNetCore.Mvc.Infrastructure.ControllerActionInvoker.<InvokeNextActionFilterAsync>g__Awaited|10_0(ControllerActionInvoker invoker, Task lastTask, State next, Scope scope, Object state, Boolean isCompleted)
   at Microsoft.AspNetCore.Mvc.Infrastructure.ControllerActionInvoker.Rethrow(ActionExecutedContextSealed context)
   at Microsoft.AspNetCore.Mvc.Infrastructure.ControllerActionInvoker.Next(State& next, Scope& scope, Object& state, Boolean& isCompleted)
   at Microsoft.AspNetCore.Mvc.Infrastructure.ControllerActionInvoker.<InvokeInnerFilterAsync>g__Awaited|13_0(ControllerActionInvoker invoker, Task lastTask, State next, Scope scope, Object state, Boolean isCompleted)
   at Microsoft.AspNetCore.Mvc.Infrastructure.ResourceInvoker.<InvokeFilterPipelineAsync>g__Awaited|20_0(ResourceInvoker invoker, Task lastTask, State next, Scope scope, Object state, Boolean isCompleted)
   at Microsoft.AspNetCore.Mvc.Infrastructure.ResourceInvoker.<InvokeAsync>g__Logged|17_1(ResourceInvoker invoker)
   at Microsoft.AspNetCore.Mvc.Infrastructure.ResourceInvoker.<InvokeAsync>g__Logged|17_1(ResourceInvoker invoker)
   at Microsoft.AspNetCore.Authorization.AuthorizationMiddleware.Invoke(HttpContext context)
   at Microsoft.AspNetCore.Authentication.AuthenticationMiddleware.Invoke(HttpContext context)
   at Swashbuckle.AspNetCore.SwaggerUI.SwaggerUIMiddleware.Invoke(HttpContext httpContext)
   at Swashbuckle.AspNetCore.Swagger.SwaggerMiddleware.Invoke(HttpContext httpContext, ISwaggerProvider swaggerProvider)
   at Microsoft.AspNetCore.RateLimiting.RateLimitingMiddleware.InvokeInternal(HttpContext context, EnableRateLimitingAttribute enableRateLimitingAttribute)
   at Serilog.AspNetCore.RequestLoggingMiddleware.Invoke(HttpContext httpContext)
   at BookingSystem.Middleware.ErrorHandlerMiddleware.InvokeAsync(HttpContext context) in /Users/brian/RiderProjects/BookingSystem/BookingSystem/Middleware/ErrorHandlerMiddleware.cs:line 20
2026-06-04 03:15:44 [ERR] Unhandled exception: A task was canceled.
System.Threading.Tasks.TaskCanceledException: A task was canceled.
   at Microsoft.EntityFrameworkCore.Storage.RelationalConnection.OpenInternalAsync(Boolean errorsExpected, CancellationToken cancellationToken)
   at Microsoft.EntityFrameworkCore.Storage.RelationalConnection.OpenInternalAsync(Boolean errorsExpected, CancellationToken cancellationToken)
   at Microsoft.EntityFrameworkCore.Storage.RelationalConnection.OpenAsync(CancellationToken cancellationToken, Boolean errorsExpected)
   at Microsoft.EntityFrameworkCore.Storage.RelationalCommand.ExecuteReaderAsync(RelationalCommandParameterObject parameterObject, CancellationToken cancellationToken)
   at Microsoft.EntityFrameworkCore.Query.Internal.SingleQueryingEnumerable`1.AsyncEnumerator.InitializeReaderAsync(AsyncEnumerator enumerator, CancellationToken cancellationToken)
   at Microsoft.EntityFrameworkCore.Storage.ExecutionStrategy.<>c__DisplayClass30_0`2.<<ExecuteAsync>b__0>d.MoveNext()
--- End of stack trace from previous location ---
   at Microsoft.EntityFrameworkCore.Storage.ExecutionStrategy.ExecuteImplementationAsync[TState,TResult](Func`4 operation, Func`4 verifySucceeded, TState state, CancellationToken cancellationToken)
   at Microsoft.EntityFrameworkCore.Storage.ExecutionStrategy.ExecuteImplementationAsync[TState,TResult](Func`4 operation, Func`4 verifySucceeded, TState state, CancellationToken cancellationToken)
   at Microsoft.EntityFrameworkCore.Storage.ExecutionStrategy.ExecuteAsync[TState,TResult](TState state, Func`4 operation, Func`4 verifySucceeded, CancellationToken cancellationToken)
   at Microsoft.EntityFrameworkCore.Query.Internal.SingleQueryingEnumerable`1.AsyncEnumerator.MoveNextAsync()
   at Microsoft.EntityFrameworkCore.Query.ShapedQueryCompilingExpressionVisitor.SingleOrDefaultAsync[TSource](IAsyncEnumerable`1 asyncEnumerable, CancellationToken cancellationToken)
   at Microsoft.EntityFrameworkCore.Query.ShapedQueryCompilingExpressionVisitor.SingleOrDefaultAsync[TSource](IAsyncEnumerable`1 asyncEnumerable, CancellationToken cancellationToken)
   at BookingSystem.Repositories.Implementations.PatientRepository.GetByEmailAsync(String email, CancellationToken ct) in /Users/brian/RiderProjects/BookingSystem/BookingSystem/Repositories/Implementations/PatientRepository.cs:line 14
   at BookingSystem.Services.Implementations.AuthService.PatientLoginAsync(DefaultLoginRequest request, CancellationToken ct) in /Users/brian/RiderProjects/BookingSystem/BookingSystem/Services/Implementations/AuthService.cs:line 26
   at BookingSystem.Controllers.AuthController.PatientLogin(DefaultLoginRequest request, CancellationToken ct) in /Users/brian/RiderProjects/BookingSystem/BookingSystem/Controllers/AuthController.cs:line 20
   at Microsoft.AspNetCore.Mvc.Infrastructure.ActionMethodExecutor.TaskOfIActionResultExecutor.Execute(ActionContext actionContext, IActionResultTypeMapper mapper, ObjectMethodExecutor executor, Object controller, Object[] arguments)
   at Microsoft.AspNetCore.Mvc.Infrastructure.ControllerActionInvoker.<InvokeActionMethodAsync>g__Logged|12_1(ControllerActionInvoker invoker)
   at Microsoft.AspNetCore.Mvc.Infrastructure.ControllerActionInvoker.<InvokeNextActionFilterAsync>g__Awaited|10_0(ControllerActionInvoker invoker, Task lastTask, State next, Scope scope, Object state, Boolean isCompleted)
   at Microsoft.AspNetCore.Mvc.Infrastructure.ControllerActionInvoker.Rethrow(ActionExecutedContextSealed context)
   at Microsoft.AspNetCore.Mvc.Infrastructure.ControllerActionInvoker.Next(State& next, Scope& scope, Object& state, Boolean& isCompleted)
   at Microsoft.AspNetCore.Mvc.Infrastructure.ControllerActionInvoker.<InvokeInnerFilterAsync>g__Awaited|13_0(ControllerActionInvoker invoker, Task lastTask, State next, Scope scope, Object state, Boolean isCompleted)
   at Microsoft.AspNetCore.Mvc.Infrastructure.ResourceInvoker.<InvokeFilterPipelineAsync>g__Awaited|20_0(ResourceInvoker invoker, Task lastTask, State next, Scope scope, Object state, Boolean isCompleted)
   at Microsoft.AspNetCore.Mvc.Infrastructure.ResourceInvoker.<InvokeAsync>g__Logged|17_1(ResourceInvoker invoker)
   at Microsoft.AspNetCore.Mvc.Infrastructure.ResourceInvoker.<InvokeAsync>g__Logged|17_1(ResourceInvoker invoker)
   at Microsoft.AspNetCore.Authorization.AuthorizationMiddleware.Invoke(HttpContext context)
   at Microsoft.AspNetCore.Authentication.AuthenticationMiddleware.Invoke(HttpContext context)
   at Swashbuckle.AspNetCore.SwaggerUI.SwaggerUIMiddleware.Invoke(HttpContext httpContext)
   at Swashbuckle.AspNetCore.Swagger.SwaggerMiddleware.Invoke(HttpContext httpContext, ISwaggerProvider swaggerProvider)
   at Microsoft.AspNetCore.RateLimiting.RateLimitingMiddleware.InvokeInternal(HttpContext context, EnableRateLimitingAttribute enableRateLimitingAttribute)
   at Serilog.AspNetCore.RequestLoggingMiddleware.Invoke(HttpContext httpContext)
   at BookingSystem.Middleware.ErrorHandlerMiddleware.InvokeAsync(HttpContext context) in /Users/brian/RiderProjects/BookingSystem/BookingSystem/Middleware/ErrorHandlerMiddleware.cs:line 20
2026-06-04 03:15:44 [ERR] Unhandled exception: A task was canceled.
System.Threading.Tasks.TaskCanceledException: A task was canceled.
   at Microsoft.EntityFrameworkCore.Storage.RelationalConnection.OpenInternalAsync(Boolean errorsExpected, CancellationToken cancellationToken)
   at Microsoft.EntityFrameworkCore.Storage.RelationalConnection.OpenInternalAsync(Boolean errorsExpected, CancellationToken cancellationToken)
   at Microsoft.EntityFrameworkCore.Storage.RelationalConnection.OpenAsync(CancellationToken cancellationToken, Boolean errorsExpected)
   at Microsoft.EntityFrameworkCore.Storage.RelationalCommand.ExecuteReaderAsync(RelationalCommandParameterObject parameterObject, CancellationToken cancellationToken)
   at Microsoft.EntityFrameworkCore.Query.Internal.SingleQueryingEnumerable`1.AsyncEnumerator.InitializeReaderAsync(AsyncEnumerator enumerator, CancellationToken cancellationToken)
   at Microsoft.EntityFrameworkCore.Storage.ExecutionStrategy.<>c__DisplayClass30_0`2.<<ExecuteAsync>b__0>d.MoveNext()
--- End of stack trace from previous location ---
   at Microsoft.EntityFrameworkCore.Storage.ExecutionStrategy.ExecuteImplementationAsync[TState,TResult](Func`4 operation, Func`4 verifySucceeded, TState state, CancellationToken cancellationToken)
   at Microsoft.EntityFrameworkCore.Storage.ExecutionStrategy.ExecuteImplementationAsync[TState,TResult](Func`4 operation, Func`4 verifySucceeded, TState state, CancellationToken cancellationToken)
   at Microsoft.EntityFrameworkCore.Storage.ExecutionStrategy.ExecuteAsync[TState,TResult](TState state, Func`4 operation, Func`4 verifySucceeded, CancellationToken cancellationToken)
   at Microsoft.EntityFrameworkCore.Query.Internal.SingleQueryingEnumerable`1.AsyncEnumerator.MoveNextAsync()
   at Microsoft.EntityFrameworkCore.Query.ShapedQueryCompilingExpressionVisitor.SingleOrDefaultAsync[TSource](IAsyncEnumerable`1 asyncEnumerable, CancellationToken cancellationToken)
   at Microsoft.EntityFrameworkCore.Query.ShapedQueryCompilingExpressionVisitor.SingleOrDefaultAsync[TSource](IAsyncEnumerable`1 asyncEnumerable, CancellationToken cancellationToken)
   at BookingSystem.Repositories.Implementations.PatientRepository.GetByEmailAsync(String email, CancellationToken ct) in /Users/brian/RiderProjects/BookingSystem/BookingSystem/Repositories/Implementations/PatientRepository.cs:line 14
   at BookingSystem.Services.Implementations.AuthService.PatientLoginAsync(DefaultLoginRequest request, CancellationToken ct) in /Users/brian/RiderProjects/BookingSystem/BookingSystem/Services/Implementations/AuthService.cs:line 26
   at BookingSystem.Controllers.AuthController.PatientLogin(DefaultLoginRequest request, CancellationToken ct) in /Users/brian/RiderProjects/BookingSystem/BookingSystem/Controllers/AuthController.cs:line 20
   at Microsoft.AspNetCore.Mvc.Infrastructure.ActionMethodExecutor.TaskOfIActionResultExecutor.Execute(ActionContext actionContext, IActionResultTypeMapper mapper, ObjectMethodExecutor executor, Object controller, Object[] arguments)
   at Microsoft.AspNetCore.Mvc.Infrastructure.ControllerActionInvoker.<InvokeActionMethodAsync>g__Logged|12_1(ControllerActionInvoker invoker)
   at Microsoft.AspNetCore.Mvc.Infrastructure.ControllerActionInvoker.<InvokeNextActionFilterAsync>g__Awaited|10_0(ControllerActionInvoker invoker, Task lastTask, State next, Scope scope, Object state, Boolean isCompleted)
   at Microsoft.AspNetCore.Mvc.Infrastructure.ControllerActionInvoker.Rethrow(ActionExecutedContextSealed context)
   at Microsoft.AspNetCore.Mvc.Infrastructure.ControllerActionInvoker.Next(State& next, Scope& scope, Object& state, Boolean& isCompleted)
   at Microsoft.AspNetCore.Mvc.Infrastructure.ControllerActionInvoker.<InvokeInnerFilterAsync>g__Awaited|13_0(ControllerActionInvoker invoker, Task lastTask, State next, Scope scope, Object state, Boolean isCompleted)
   at Microsoft.AspNetCore.Mvc.Infrastructure.ResourceInvoker.<InvokeFilterPipelineAsync>g__Awaited|20_0(ResourceInvoker invoker, Task lastTask, State next, Scope scope, Object state, Boolean isCompleted)
   at Microsoft.AspNetCore.Mvc.Infrastructure.ResourceInvoker.<InvokeAsync>g__Logged|17_1(ResourceInvoker invoker)
   at Microsoft.AspNetCore.Mvc.Infrastructure.ResourceInvoker.<InvokeAsync>g__Logged|17_1(ResourceInvoker invoker)
   at Microsoft.AspNetCore.Authorization.AuthorizationMiddleware.Invoke(HttpContext context)
   at Microsoft.AspNetCore.Authentication.AuthenticationMiddleware.Invoke(HttpContext context)
   at Swashbuckle.AspNetCore.SwaggerUI.SwaggerUIMiddleware.Invoke(HttpContext httpContext)
   at Swashbuckle.AspNetCore.Swagger.SwaggerMiddleware.Invoke(HttpContext httpContext, ISwaggerProvider swaggerProvider)
   at Microsoft.AspNetCore.RateLimiting.RateLimitingMiddleware.InvokeInternal(HttpContext context, EnableRateLimitingAttribute enableRateLimitingAttribute)
   at Serilog.AspNetCore.RequestLoggingMiddleware.Invoke(HttpContext httpContext)
   at BookingSystem.Middleware.ErrorHandlerMiddleware.InvokeAsync(HttpContext context) in /Users/brian/RiderProjects/BookingSystem/BookingSystem/Middleware/ErrorHandlerMiddleware.cs:line 20
2026-06-04 03:16:05 [ERR] An error occurred using the connection to database '_' on server 'localhost,_'.
2026-06-04 03:16:05 [ERR] An exception occurred while iterating over the results of a query for context type 'BookingSystem.Data.BookingContext'.
Microsoft.Data.SqlClient.SqlException (0x80131904): A network-related or instance-specific error occurred while establishing a connection to SQL Server. The server was not found or was not accessible. Verify that the instance name is correct and that SQL Server is configured to allow remote connections. (provider: TCP Provider, error: 25 - Connection string is not valid)
   at Microsoft.Data.SqlClient.SqlInternalConnection.OnError(SqlException exception, Boolean breakConnection, Action`1 wrapCloseInAction)
   at Microsoft.Data.SqlClient.TdsParser.ThrowExceptionAndWarning(TdsParserStateObject stateObj, Boolean callerHasConnectionLock, Boolean asyncClose)
   at Microsoft.Data.SqlClient.TdsParser.Connect(ServerInfo serverInfo, SqlInternalConnectionTds connHandler, Boolean ignoreSniOpenTimeout, Int64 timerExpire, SqlConnectionString connectionOptions, Boolean withFailover)
   at Microsoft.Data.SqlClient.SqlInternalConnectionTds.AttemptOneLogin(ServerInfo serverInfo, String newPassword, SecureString newSecurePassword, Boolean ignoreSniOpenTimeout, TimeoutTimer timeout, Boolean withFailover)
   at Microsoft.Data.SqlClient.SqlInternalConnectionTds.LoginNoFailover(ServerInfo serverInfo, String newPassword, SecureString newSecurePassword, Boolean redirectedUserInstance, SqlConnectionString connectionOptions, SqlCredential credential, TimeoutTimer timeout)
   at Microsoft.Data.SqlClient.SqlInternalConnectionTds.OpenLoginEnlist(TimeoutTimer timeout, SqlConnectionString connectionOptions, SqlCredential credential, String newPassword, SecureString newSecurePassword, Boolean redirectedUserInstance)
   at Microsoft.Data.SqlClient.SqlInternalConnectionTds..ctor(DbConnectionPoolIdentity identity, SqlConnectionString connectionOptions, SqlCredential credential, Object providerInfo, String newPassword, SecureString newSecurePassword, Boolean redirectedUserInstance, SqlConnectionString userConnectionOptions, SessionData reconnectSessionData, Boolean applyTransientFaultHandling, String accessToken, DbConnectionPool pool)
   at Microsoft.Data.SqlClient.SqlConnectionFactory.CreateConnection(DbConnectionOptions options, DbConnectionPoolKey poolKey, Object poolGroupProviderInfo, DbConnectionPool pool, DbConnection owningConnection, DbConnectionOptions userOptions)
   at Microsoft.Data.ProviderBase.DbConnectionFactory.CreatePooledConnection(DbConnectionPool pool, DbConnection owningObject, DbConnectionOptions options, DbConnectionPoolKey poolKey, DbConnectionOptions userOptions)
   at Microsoft.Data.ProviderBase.DbConnectionPool.CreateObject(DbConnection owningObject, DbConnectionOptions userOptions, DbConnectionInternal oldConnection)
   at Microsoft.Data.ProviderBase.DbConnectionPool.UserCreateRequest(DbConnection owningObject, DbConnectionOptions userOptions, DbConnectionInternal oldConnection)
   at Microsoft.Data.ProviderBase.DbConnectionPool.TryGetConnection(DbConnection owningObject, UInt32 waitForMultipleObjectsTimeout, Boolean allowCreate, Boolean onlyOneCheckConnection, DbConnectionOptions userOptions, DbConnectionInternal& connection)
   at Microsoft.Data.ProviderBase.DbConnectionPool.WaitForPendingOpen()
--- End of stack trace from previous location ---
   at Microsoft.EntityFrameworkCore.Storage.RelationalConnection.OpenInternalAsync(Boolean errorsExpected, CancellationToken cancellationToken)
   at Microsoft.EntityFrameworkCore.Storage.RelationalConnection.OpenInternalAsync(Boolean errorsExpected, CancellationToken cancellationToken)
   at Microsoft.EntityFrameworkCore.Storage.RelationalConnection.OpenAsync(CancellationToken cancellationToken, Boolean errorsExpected)
   at Microsoft.EntityFrameworkCore.Storage.RelationalCommand.ExecuteReaderAsync(RelationalCommandParameterObject parameterObject, CancellationToken cancellationToken)
   at Microsoft.EntityFrameworkCore.Query.Internal.SingleQueryingEnumerable`1.AsyncEnumerator.InitializeReaderAsync(AsyncEnumerator enumerator, CancellationToken cancellationToken)
   at Microsoft.EntityFrameworkCore.Storage.ExecutionStrategy.<>c__DisplayClass30_0`2.<<ExecuteAsync>b__0>d.MoveNext()
--- End of stack trace from previous location ---
   at Microsoft.EntityFrameworkCore.Storage.ExecutionStrategy.ExecuteImplementationAsync[TState,TResult](Func`4 operation, Func`4 verifySucceeded, TState state, CancellationToken cancellationToken)
   at Microsoft.EntityFrameworkCore.Storage.ExecutionStrategy.ExecuteImplementationAsync[TState,TResult](Func`4 operation, Func`4 verifySucceeded, TState state, CancellationToken cancellationToken)
   at Microsoft.EntityFrameworkCore.Storage.ExecutionStrategy.ExecuteAsync[TState,TResult](TState state, Func`4 operation, Func`4 verifySucceeded, CancellationToken cancellationToken)
   at Microsoft.EntityFrameworkCore.Query.Internal.SingleQueryingEnumerable`1.AsyncEnumerator.MoveNextAsync()
ClientConnectionId:00000000-0000-0000-0000-000000000000
Microsoft.Data.SqlClient.SqlException (0x80131904): A network-related or instance-specific error occurred while establishing a connection to SQL Server. The server was not found or was not accessible. Verify that the instance name is correct and that SQL Server is configured to allow remote connections. (provider: TCP Provider, error: 25 - Connection string is not valid)
   at Microsoft.Data.SqlClient.SqlInternalConnection.OnError(SqlException exception, Boolean breakConnection, Action`1 wrapCloseInAction)
   at Microsoft.Data.SqlClient.TdsParser.ThrowExceptionAndWarning(TdsParserStateObject stateObj, Boolean callerHasConnectionLock, Boolean asyncClose)
   at Microsoft.Data.SqlClient.TdsParser.Connect(ServerInfo serverInfo, SqlInternalConnectionTds connHandler, Boolean ignoreSniOpenTimeout, Int64 timerExpire, SqlConnectionString connectionOptions, Boolean withFailover)
   at Microsoft.Data.SqlClient.SqlInternalConnectionTds.AttemptOneLogin(ServerInfo serverInfo, String newPassword, SecureString newSecurePassword, Boolean ignoreSniOpenTimeout, TimeoutTimer timeout, Boolean withFailover)
   at Microsoft.Data.SqlClient.SqlInternalConnectionTds.LoginNoFailover(ServerInfo serverInfo, String newPassword, SecureString newSecurePassword, Boolean redirectedUserInstance, SqlConnectionString connectionOptions, SqlCredential credential, TimeoutTimer timeout)
   at Microsoft.Data.SqlClient.SqlInternalConnectionTds.OpenLoginEnlist(TimeoutTimer timeout, SqlConnectionString connectionOptions, SqlCredential credential, String newPassword, SecureString newSecurePassword, Boolean redirectedUserInstance)
   at Microsoft.Data.SqlClient.SqlInternalConnectionTds..ctor(DbConnectionPoolIdentity identity, SqlConnectionString connectionOptions, SqlCredential credential, Object providerInfo, String newPassword, SecureString newSecurePassword, Boolean redirectedUserInstance, SqlConnectionString userConnectionOptions, SessionData reconnectSessionData, Boolean applyTransientFaultHandling, String accessToken, DbConnectionPool pool)
   at Microsoft.Data.SqlClient.SqlConnectionFactory.CreateConnection(DbConnectionOptions options, DbConnectionPoolKey poolKey, Object poolGroupProviderInfo, DbConnectionPool pool, DbConnection owningConnection, DbConnectionOptions userOptions)
   at Microsoft.Data.ProviderBase.DbConnectionFactory.CreatePooledConnection(DbConnectionPool pool, DbConnection owningObject, DbConnectionOptions options, DbConnectionPoolKey poolKey, DbConnectionOptions userOptions)
   at Microsoft.Data.ProviderBase.DbConnectionPool.CreateObject(DbConnection owningObject, DbConnectionOptions userOptions, DbConnectionInternal oldConnection)
   at Microsoft.Data.ProviderBase.DbConnectionPool.UserCreateRequest(DbConnection owningObject, DbConnectionOptions userOptions, DbConnectionInternal oldConnection)
   at Microsoft.Data.ProviderBase.DbConnectionPool.TryGetConnection(DbConnection owningObject, UInt32 waitForMultipleObjectsTimeout, Boolean allowCreate, Boolean onlyOneCheckConnection, DbConnectionOptions userOptions, DbConnectionInternal& connection)
   at Microsoft.Data.ProviderBase.DbConnectionPool.WaitForPendingOpen()
--- End of stack trace from previous location ---
   at Microsoft.EntityFrameworkCore.Storage.RelationalConnection.OpenInternalAsync(Boolean errorsExpected, CancellationToken cancellationToken)
   at Microsoft.EntityFrameworkCore.Storage.RelationalConnection.OpenInternalAsync(Boolean errorsExpected, CancellationToken cancellationToken)
   at Microsoft.EntityFrameworkCore.Storage.RelationalConnection.OpenAsync(CancellationToken cancellationToken, Boolean errorsExpected)
   at Microsoft.EntityFrameworkCore.Storage.RelationalCommand.ExecuteReaderAsync(RelationalCommandParameterObject parameterObject, CancellationToken cancellationToken)
   at Microsoft.EntityFrameworkCore.Query.Internal.SingleQueryingEnumerable`1.AsyncEnumerator.InitializeReaderAsync(AsyncEnumerator enumerator, CancellationToken cancellationToken)
   at Microsoft.EntityFrameworkCore.Storage.ExecutionStrategy.<>c__DisplayClass30_0`2.<<ExecuteAsync>b__0>d.MoveNext()
--- End of stack trace from previous location ---
   at Microsoft.EntityFrameworkCore.Storage.ExecutionStrategy.ExecuteImplementationAsync[TState,TResult](Func`4 operation, Func`4 verifySucceeded, TState state, CancellationToken cancellationToken)
   at Microsoft.EntityFrameworkCore.Storage.ExecutionStrategy.ExecuteImplementationAsync[TState,TResult](Func`4 operation, Func`4 verifySucceeded, TState state, CancellationToken cancellationToken)
   at Microsoft.EntityFrameworkCore.Storage.ExecutionStrategy.ExecuteAsync[TState,TResult](TState state, Func`4 operation, Func`4 verifySucceeded, CancellationToken cancellationToken)
   at Microsoft.EntityFrameworkCore.Query.Internal.SingleQueryingEnumerable`1.AsyncEnumerator.MoveNextAsync()
ClientConnectionId:00000000-0000-0000-0000-000000000000
2026-06-04 03:16:05 [ERR] HTTP POST /api/auth/patient/login responded 500 in 14546.5008 ms
Microsoft.Data.SqlClient.SqlException (0x80131904): A network-related or instance-specific error occurred while establishing a connection to SQL Server. The server was not found or was not accessible. Verify that the instance name is correct and that SQL Server is configured to allow remote connections. (provider: TCP Provider, error: 25 - Connection string is not valid)
   at Microsoft.Data.SqlClient.SqlInternalConnection.OnError(SqlException exception, Boolean breakConnection, Action`1 wrapCloseInAction)
   at Microsoft.Data.SqlClient.TdsParser.ThrowExceptionAndWarning(TdsParserStateObject stateObj, Boolean callerHasConnectionLock, Boolean asyncClose)
   at Microsoft.Data.SqlClient.TdsParser.Connect(ServerInfo serverInfo, SqlInternalConnectionTds connHandler, Boolean ignoreSniOpenTimeout, Int64 timerExpire, SqlConnectionString connectionOptions, Boolean withFailover)
   at Microsoft.Data.SqlClient.SqlInternalConnectionTds.AttemptOneLogin(ServerInfo serverInfo, String newPassword, SecureString newSecurePassword, Boolean ignoreSniOpenTimeout, TimeoutTimer timeout, Boolean withFailover)
   at Microsoft.Data.SqlClient.SqlInternalConnectionTds.LoginNoFailover(ServerInfo serverInfo, String newPassword, SecureString newSecurePassword, Boolean redirectedUserInstance, SqlConnectionString connectionOptions, SqlCredential credential, TimeoutTimer timeout)
   at Microsoft.Data.SqlClient.SqlInternalConnectionTds.OpenLoginEnlist(TimeoutTimer timeout, SqlConnectionString connectionOptions, SqlCredential credential, String newPassword, SecureString newSecurePassword, Boolean redirectedUserInstance)
   at Microsoft.Data.SqlClient.SqlInternalConnectionTds..ctor(DbConnectionPoolIdentity identity, SqlConnectionString connectionOptions, SqlCredential credential, Object providerInfo, String newPassword, SecureString newSecurePassword, Boolean redirectedUserInstance, SqlConnectionString userConnectionOptions, SessionData reconnectSessionData, Boolean applyTransientFaultHandling, String accessToken, DbConnectionPool pool)
   at Microsoft.Data.SqlClient.SqlConnectionFactory.CreateConnection(DbConnectionOptions options, DbConnectionPoolKey poolKey, Object poolGroupProviderInfo, DbConnectionPool pool, DbConnection owningConnection, DbConnectionOptions userOptions)
   at Microsoft.Data.ProviderBase.DbConnectionFactory.CreatePooledConnection(DbConnectionPool pool, DbConnection owningObject, DbConnectionOptions options, DbConnectionPoolKey poolKey, DbConnectionOptions userOptions)
   at Microsoft.Data.ProviderBase.DbConnectionPool.CreateObject(DbConnection owningObject, DbConnectionOptions userOptions, DbConnectionInternal oldConnection)
   at Microsoft.Data.ProviderBase.DbConnectionPool.UserCreateRequest(DbConnection owningObject, DbConnectionOptions userOptions, DbConnectionInternal oldConnection)
   at Microsoft.Data.ProviderBase.DbConnectionPool.TryGetConnection(DbConnection owningObject, UInt32 waitForMultipleObjectsTimeout, Boolean allowCreate, Boolean onlyOneCheckConnection, DbConnectionOptions userOptions, DbConnectionInternal& connection)
   at Microsoft.Data.ProviderBase.DbConnectionPool.WaitForPendingOpen()
--- End of stack trace from previous location ---
   at Microsoft.EntityFrameworkCore.Storage.RelationalConnection.OpenInternalAsync(Boolean errorsExpected, CancellationToken cancellationToken)
   at Microsoft.EntityFrameworkCore.Storage.RelationalConnection.OpenInternalAsync(Boolean errorsExpected, CancellationToken cancellationToken)
   at Microsoft.EntityFrameworkCore.Storage.RelationalConnection.OpenAsync(CancellationToken cancellationToken, Boolean errorsExpected)
   at Microsoft.EntityFrameworkCore.Storage.RelationalCommand.ExecuteReaderAsync(RelationalCommandParameterObject parameterObject, CancellationToken cancellationToken)
   at Microsoft.EntityFrameworkCore.Query.Internal.SingleQueryingEnumerable`1.AsyncEnumerator.InitializeReaderAsync(AsyncEnumerator enumerator, CancellationToken cancellationToken)
   at Microsoft.EntityFrameworkCore.Storage.ExecutionStrategy.<>c__DisplayClass30_0`2.<<ExecuteAsync>b__0>d.MoveNext()
--- End of stack trace from previous location ---
   at Microsoft.EntityFrameworkCore.Storage.ExecutionStrategy.ExecuteImplementationAsync[TState,TResult](Func`4 operation, Func`4 verifySucceeded, TState state, CancellationToken cancellationToken)
   at Microsoft.EntityFrameworkCore.Storage.ExecutionStrategy.ExecuteImplementationAsync[TState,TResult](Func`4 operation, Func`4 verifySucceeded, TState state, CancellationToken cancellationToken)
   at Microsoft.EntityFrameworkCore.Storage.ExecutionStrategy.ExecuteAsync[TState,TResult](TState state, Func`4 operation, Func`4 verifySucceeded, CancellationToken cancellationToken)
   at Microsoft.EntityFrameworkCore.Query.Internal.SingleQueryingEnumerable`1.AsyncEnumerator.MoveNextAsync()
   at Microsoft.EntityFrameworkCore.Query.ShapedQueryCompilingExpressionVisitor.SingleOrDefaultAsync[TSource](IAsyncEnumerable`1 asyncEnumerable, CancellationToken cancellationToken)
   at Microsoft.EntityFrameworkCore.Query.ShapedQueryCompilingExpressionVisitor.SingleOrDefaultAsync[TSource](IAsyncEnumerable`1 asyncEnumerable, CancellationToken cancellationToken)
   at BookingSystem.Repositories.Implementations.PatientRepository.GetByEmailAsync(String email, CancellationToken ct) in /Users/brian/RiderProjects/BookingSystem/BookingSystem/Repositories/Implementations/PatientRepository.cs:line 14
   at BookingSystem.Services.Implementations.AuthService.PatientLoginAsync(DefaultLoginRequest request, CancellationToken ct) in /Users/brian/RiderProjects/BookingSystem/BookingSystem/Services/Implementations/AuthService.cs:line 26
   at BookingSystem.Controllers.AuthController.PatientLogin(DefaultLoginRequest request, CancellationToken ct) in /Users/brian/RiderProjects/BookingSystem/BookingSystem/Controllers/AuthController.cs:line 20
   at Microsoft.AspNetCore.Mvc.Infrastructure.ActionMethodExecutor.TaskOfIActionResultExecutor.Execute(ActionContext actionContext, IActionResultTypeMapper mapper, ObjectMethodExecutor executor, Object controller, Object[] arguments)
   at Microsoft.AspNetCore.Mvc.Infrastructure.ControllerActionInvoker.<InvokeActionMethodAsync>g__Logged|12_1(ControllerActionInvoker invoker)
   at Microsoft.AspNetCore.Mvc.Infrastructure.ControllerActionInvoker.<InvokeNextActionFilterAsync>g__Awaited|10_0(ControllerActionInvoker invoker, Task lastTask, State next, Scope scope, Object state, Boolean isCompleted)
   at Microsoft.AspNetCore.Mvc.Infrastructure.ControllerActionInvoker.Rethrow(ActionExecutedContextSealed context)
   at Microsoft.AspNetCore.Mvc.Infrastructure.ControllerActionInvoker.Next(State& next, Scope& scope, Object& state, Boolean& isCompleted)
   at Microsoft.AspNetCore.Mvc.Infrastructure.ControllerActionInvoker.<InvokeInnerFilterAsync>g__Awaited|13_0(ControllerActionInvoker invoker, Task lastTask, State next, Scope scope, Object state, Boolean isCompleted)
   at Microsoft.AspNetCore.Mvc.Infrastructure.ResourceInvoker.<InvokeFilterPipelineAsync>g__Awaited|20_0(ResourceInvoker invoker, Task lastTask, State next, Scope scope, Object state, Boolean isCompleted)
   at Microsoft.AspNetCore.Mvc.Infrastructure.ResourceInvoker.<InvokeAsync>g__Logged|17_1(ResourceInvoker invoker)
   at Microsoft.AspNetCore.Mvc.Infrastructure.ResourceInvoker.<InvokeAsync>g__Logged|17_1(ResourceInvoker invoker)
   at Microsoft.AspNetCore.Authorization.AuthorizationMiddleware.Invoke(HttpContext context)
   at Microsoft.AspNetCore.Authentication.AuthenticationMiddleware.Invoke(HttpContext context)
   at Swashbuckle.AspNetCore.SwaggerUI.SwaggerUIMiddleware.Invoke(HttpContext httpContext)
   at Swashbuckle.AspNetCore.Swagger.SwaggerMiddleware.Invoke(HttpContext httpContext, ISwaggerProvider swaggerProvider)
   at Microsoft.AspNetCore.RateLimiting.RateLimitingMiddleware.InvokeInternal(HttpContext context, EnableRateLimitingAttribute enableRateLimitingAttribute)
   at Serilog.AspNetCore.RequestLoggingMiddleware.Invoke(HttpContext httpContext)
ClientConnectionId:00000000-0000-0000-0000-000000000000
2026-06-04 03:16:05 [ERR] Unhandled exception: A network-related or instance-specific error occurred while establishing a connection to SQL Server. The server was not found or was not accessible. Verify that the instance name is correct and that SQL Server is configured to allow remote connections. (provider: TCP Provider, error: 25 - Connection string is not valid)
Microsoft.Data.SqlClient.SqlException (0x80131904): A network-related or instance-specific error occurred while establishing a connection to SQL Server. The server was not found or was not accessible. Verify that the instance name is correct and that SQL Server is configured to allow remote connections. (provider: TCP Provider, error: 25 - Connection string is not valid)
   at Microsoft.Data.SqlClient.SqlInternalConnection.OnError(SqlException exception, Boolean breakConnection, Action`1 wrapCloseInAction)
   at Microsoft.Data.SqlClient.TdsParser.ThrowExceptionAndWarning(TdsParserStateObject stateObj, Boolean callerHasConnectionLock, Boolean asyncClose)
   at Microsoft.Data.SqlClient.TdsParser.Connect(ServerInfo serverInfo, SqlInternalConnectionTds connHandler, Boolean ignoreSniOpenTimeout, Int64 timerExpire, SqlConnectionString connectionOptions, Boolean withFailover)
   at Microsoft.Data.SqlClient.SqlInternalConnectionTds.AttemptOneLogin(ServerInfo serverInfo, String newPassword, SecureString newSecurePassword, Boolean ignoreSniOpenTimeout, TimeoutTimer timeout, Boolean withFailover)
   at Microsoft.Data.SqlClient.SqlInternalConnectionTds.LoginNoFailover(ServerInfo serverInfo, String newPassword, SecureString newSecurePassword, Boolean redirectedUserInstance, SqlConnectionString connectionOptions, SqlCredential credential, TimeoutTimer timeout)
   at Microsoft.Data.SqlClient.SqlInternalConnectionTds.OpenLoginEnlist(TimeoutTimer timeout, SqlConnectionString connectionOptions, SqlCredential credential, String newPassword, SecureString newSecurePassword, Boolean redirectedUserInstance)
   at Microsoft.Data.SqlClient.SqlInternalConnectionTds..ctor(DbConnectionPoolIdentity identity, SqlConnectionString connectionOptions, SqlCredential credential, Object providerInfo, String newPassword, SecureString newSecurePassword, Boolean redirectedUserInstance, SqlConnectionString userConnectionOptions, SessionData reconnectSessionData, Boolean applyTransientFaultHandling, String accessToken, DbConnectionPool pool)
   at Microsoft.Data.SqlClient.SqlConnectionFactory.CreateConnection(DbConnectionOptions options, DbConnectionPoolKey poolKey, Object poolGroupProviderInfo, DbConnectionPool pool, DbConnection owningConnection, DbConnectionOptions userOptions)
   at Microsoft.Data.ProviderBase.DbConnectionFactory.CreatePooledConnection(DbConnectionPool pool, DbConnection owningObject, DbConnectionOptions options, DbConnectionPoolKey poolKey, DbConnectionOptions userOptions)
   at Microsoft.Data.ProviderBase.DbConnectionPool.CreateObject(DbConnection owningObject, DbConnectionOptions userOptions, DbConnectionInternal oldConnection)
   at Microsoft.Data.ProviderBase.DbConnectionPool.UserCreateRequest(DbConnection owningObject, DbConnectionOptions userOptions, DbConnectionInternal oldConnection)
   at Microsoft.Data.ProviderBase.DbConnectionPool.TryGetConnection(DbConnection owningObject, UInt32 waitForMultipleObjectsTimeout, Boolean allowCreate, Boolean onlyOneCheckConnection, DbConnectionOptions userOptions, DbConnectionInternal& connection)
   at Microsoft.Data.ProviderBase.DbConnectionPool.WaitForPendingOpen()
--- End of stack trace from previous location ---
   at Microsoft.EntityFrameworkCore.Storage.RelationalConnection.OpenInternalAsync(Boolean errorsExpected, CancellationToken cancellationToken)
   at Microsoft.EntityFrameworkCore.Storage.RelationalConnection.OpenInternalAsync(Boolean errorsExpected, CancellationToken cancellationToken)
   at Microsoft.EntityFrameworkCore.Storage.RelationalConnection.OpenAsync(CancellationToken cancellationToken, Boolean errorsExpected)
   at Microsoft.EntityFrameworkCore.Storage.RelationalCommand.ExecuteReaderAsync(RelationalCommandParameterObject parameterObject, CancellationToken cancellationToken)
   at Microsoft.EntityFrameworkCore.Query.Internal.SingleQueryingEnumerable`1.AsyncEnumerator.InitializeReaderAsync(AsyncEnumerator enumerator, CancellationToken cancellationToken)
   at Microsoft.EntityFrameworkCore.Storage.ExecutionStrategy.<>c__DisplayClass30_0`2.<<ExecuteAsync>b__0>d.MoveNext()
--- End of stack trace from previous location ---
   at Microsoft.EntityFrameworkCore.Storage.ExecutionStrategy.ExecuteImplementationAsync[TState,TResult](Func`4 operation, Func`4 verifySucceeded, TState state, CancellationToken cancellationToken)
   at Microsoft.EntityFrameworkCore.Storage.ExecutionStrategy.ExecuteImplementationAsync[TState,TResult](Func`4 operation, Func`4 verifySucceeded, TState state, CancellationToken cancellationToken)
   at Microsoft.EntityFrameworkCore.Storage.ExecutionStrategy.ExecuteAsync[TState,TResult](TState state, Func`4 operation, Func`4 verifySucceeded, CancellationToken cancellationToken)
   at Microsoft.EntityFrameworkCore.Query.Internal.SingleQueryingEnumerable`1.AsyncEnumerator.MoveNextAsync()
   at Microsoft.EntityFrameworkCore.Query.ShapedQueryCompilingExpressionVisitor.SingleOrDefaultAsync[TSource](IAsyncEnumerable`1 asyncEnumerable, CancellationToken cancellationToken)
   at Microsoft.EntityFrameworkCore.Query.ShapedQueryCompilingExpressionVisitor.SingleOrDefaultAsync[TSource](IAsyncEnumerable`1 asyncEnumerable, CancellationToken cancellationToken)
   at BookingSystem.Repositories.Implementations.PatientRepository.GetByEmailAsync(String email, CancellationToken ct) in /Users/brian/RiderProjects/BookingSystem/BookingSystem/Repositories/Implementations/PatientRepository.cs:line 14
   at BookingSystem.Services.Implementations.AuthService.PatientLoginAsync(DefaultLoginRequest request, CancellationToken ct) in /Users/brian/RiderProjects/BookingSystem/BookingSystem/Services/Implementations/AuthService.cs:line 26
   at BookingSystem.Controllers.AuthController.PatientLogin(DefaultLoginRequest request, CancellationToken ct) in /Users/brian/RiderProjects/BookingSystem/BookingSystem/Controllers/AuthController.cs:line 20
   at Microsoft.AspNetCore.Mvc.Infrastructure.ActionMethodExecutor.TaskOfIActionResultExecutor.Execute(ActionContext actionContext, IActionResultTypeMapper mapper, ObjectMethodExecutor executor, Object controller, Object[] arguments)
   at Microsoft.AspNetCore.Mvc.Infrastructure.ControllerActionInvoker.<InvokeActionMethodAsync>g__Logged|12_1(ControllerActionInvoker invoker)
   at Microsoft.AspNetCore.Mvc.Infrastructure.ControllerActionInvoker.<InvokeNextActionFilterAsync>g__Awaited|10_0(ControllerActionInvoker invoker, Task lastTask, State next, Scope scope, Object state, Boolean isCompleted)
   at Microsoft.AspNetCore.Mvc.Infrastructure.ControllerActionInvoker.Rethrow(ActionExecutedContextSealed context)
   at Microsoft.AspNetCore.Mvc.Infrastructure.ControllerActionInvoker.Next(State& next, Scope& scope, Object& state, Boolean& isCompleted)
   at Microsoft.AspNetCore.Mvc.Infrastructure.ControllerActionInvoker.<InvokeInnerFilterAsync>g__Awaited|13_0(ControllerActionInvoker invoker, Task lastTask, State next, Scope scope, Object state, Boolean isCompleted)
   at Microsoft.AspNetCore.Mvc.Infrastructure.ResourceInvoker.<InvokeFilterPipelineAsync>g__Awaited|20_0(ResourceInvoker invoker, Task lastTask, State next, Scope scope, Object state, Boolean isCompleted)
   at Microsoft.AspNetCore.Mvc.Infrastructure.ResourceInvoker.<InvokeAsync>g__Logged|17_1(ResourceInvoker invoker)
   at Microsoft.AspNetCore.Mvc.Infrastructure.ResourceInvoker.<InvokeAsync>g__Logged|17_1(ResourceInvoker invoker)
   at Microsoft.AspNetCore.Authorization.AuthorizationMiddleware.Invoke(HttpContext context)
   at Microsoft.AspNetCore.Authentication.AuthenticationMiddleware.Invoke(HttpContext context)
   at Swashbuckle.AspNetCore.SwaggerUI.SwaggerUIMiddleware.Invoke(HttpContext httpContext)
   at Swashbuckle.AspNetCore.Swagger.SwaggerMiddleware.Invoke(HttpContext httpContext, ISwaggerProvider swaggerProvider)
   at Microsoft.AspNetCore.RateLimiting.RateLimitingMiddleware.InvokeInternal(HttpContext context, EnableRateLimitingAttribute enableRateLimitingAttribute)
   at Serilog.AspNetCore.RequestLoggingMiddleware.Invoke(HttpContext httpContext)
   at BookingSystem.Middleware.ErrorHandlerMiddleware.InvokeAsync(HttpContext context) in /Users/brian/RiderProjects/BookingSystem/BookingSystem/Middleware/ErrorHandlerMiddleware.cs:line 20
ClientConnectionId:00000000-0000-0000-0000-000000000000
2026-06-04 03:16:59 [INF] Application is shutting down...
2026-06-04 03:17:01 [INF] Now listening on: http://localhost:4000
2026-06-04 03:17:01 [INF] Application started. Press Ctrl+C to shut down.
2026-06-04 03:17:01 [INF] Hosting environment: Development
2026-06-04 03:17:01 [INF] Content root path: /Users/brian/RiderProjects/BookingSystem/BookingSystem
2026-06-04 03:17:20 [INF] HTTP POST /api/auth/patient/login responded 200 in 1222.3445 ms
2026-06-04 03:17:20 [INF] HTTP GET /api/patient/profile responded 200 in 66.9781 ms
2026-06-04 03:17:20 [INF] HTTP GET /api/notifications responded 200 in 89.5641 ms
2026-06-04 03:17:20 [INF] HTTP GET /api/patient/appointments responded 200 in 157.7955 ms
2026-06-04 03:17:50 [INF] HTTP GET /api/notifications responded 200 in 28.5718 ms
2026-06-04 03:18:20 [INF] HTTP GET /api/notifications responded 200 in 13.6865 ms
2026-06-04 03:18:50 [INF] HTTP GET /api/notifications responded 200 in 10.5763 ms
2026-06-04 03:19:20 [INF] HTTP GET /api/notifications responded 200 in 10.8868 ms
2026-06-04 03:19:50 [INF] HTTP GET /api/notifications responded 200 in 10.3181 ms
2026-06-04 03:19:59 [INF] HTTP GET /api/patient/specializations responded 200 in 22.8559 ms
2026-06-04 03:19:59 [INF] HTTP GET /api/patient/doctors responded 200 in 39.9161 ms
2026-06-04 03:20:20 [INF] HTTP GET /api/notifications responded 200 in 4.9066 ms
2026-06-04 03:20:50 [INF] HTTP GET /api/notifications responded 200 in 11.5558 ms
2026-06-04 03:21:20 [INF] HTTP GET /api/notifications responded 200 in 11.1277 ms
2026-06-04 03:21:50 [INF] HTTP GET /api/notifications responded 200 in 10.2858 ms
2026-06-04 03:22:20 [INF] HTTP GET /api/notifications responded 200 in 9.9933 ms
2026-06-04 03:22:50 [INF] HTTP GET /api/notifications responded 200 in 9.6662 ms
2026-06-04 03:23:20 [INF] HTTP GET /api/notifications responded 200 in 8.6182 ms
2026-06-04 03:23:50 [INF] HTTP GET /api/notifications responded 200 in 8.5906 ms
2026-06-04 03:24:20 [INF] HTTP GET /api/notifications responded 200 in 8.9221 ms
2026-06-04 03:24:50 [INF] HTTP GET /api/notifications responded 200 in 8.4988 ms
2026-06-04 03:25:20 [INF] HTTP GET /api/notifications responded 200 in 7.9528 ms
2026-06-04 03:25:50 [INF] HTTP GET /api/notifications responded 200 in 8.0171 ms
2026-06-04 03:26:20 [INF] HTTP GET /api/notifications responded 200 in 7.4139 ms
2026-06-04 03:26:50 [INF] HTTP GET /api/notifications responded 200 in 9.1074 ms
2026-06-04 03:27:20 [INF] HTTP GET /api/notifications responded 200 in 9.6112 ms
2026-06-04 03:27:50 [INF] HTTP GET /api/notifications responded 200 in 7.3203 ms
2026-06-04 03:28:20 [INF] HTTP GET /api/notifications responded 200 in 9.5508 ms
2026-06-04 03:28:50 [INF] HTTP GET /api/notifications responded 200 in 8.8718 ms
2026-06-04 03:29:20 [INF] HTTP GET /api/notifications responded 200 in 6.2883 ms
2026-06-04 03:29:50 [INF] HTTP GET /api/notifications responded 200 in 8.1538 ms
2026-06-04 03:30:20 [INF] HTTP GET /api/notifications responded 200 in 8.0335 ms
2026-06-04 03:30:50 [INF] HTTP GET /api/notifications responded 200 in 6.3936 ms
2026-06-04 03:31:20 [INF] HTTP GET /api/notifications responded 200 in 7.8079 ms
2026-06-04 03:31:50 [INF] HTTP GET /api/notifications responded 200 in 7.4113 ms
2026-06-04 03:32:20 [INF] HTTP GET /api/notifications responded 200 in 7.5010 ms
2026-06-04 03:32:50 [INF] HTTP GET /api/notifications responded 200 in 7.3995 ms
2026-06-04 03:33:20 [INF] HTTP GET /api/notifications responded 200 in 6.9434 ms
2026-06-04 03:33:50 [INF] HTTP GET /api/notifications responded 200 in 6.9490 ms
2026-06-04 03:34:20 [INF] HTTP GET /api/notifications responded 200 in 6.8973 ms
2026-06-04 03:34:50 [INF] HTTP GET /api/notifications responded 200 in 7.2019 ms
2026-06-04 03:35:20 [INF] HTTP GET /api/notifications responded 200 in 6.8594 ms
2026-06-04 03:35:50 [INF] HTTP GET /api/notifications responded 200 in 6.8768 ms
2026-06-04 03:36:20 [INF] HTTP GET /api/notifications responded 200 in 7.3338 ms
2026-06-04 03:36:50 [INF] HTTP GET /api/notifications responded 200 in 8.0881 ms
2026-06-04 03:37:20 [INF] HTTP GET /api/notifications responded 200 in 7.3797 ms
2026-06-04 03:37:50 [INF] HTTP GET /api/notifications responded 200 in 7.9217 ms
2026-06-04 03:38:20 [INF] HTTP GET /api/notifications responded 200 in 7.9370 ms
2026-06-04 03:38:50 [INF] HTTP GET /api/notifications responded 200 in 7.0856 ms
2026-06-04 03:39:20 [INF] HTTP GET /api/notifications responded 200 in 6.9588 ms
2026-06-04 03:39:50 [INF] HTTP GET /api/notifications responded 200 in 7.0150 ms
2026-06-04 03:46:10 [INF] HTTP GET /api/notifications responded 200 in 48.3071 ms
2026-06-04 03:46:10 [INF] HTTP GET /api/patient/specializations responded 200 in 73.0152 ms
2026-06-04 03:46:10 [INF] HTTP GET /api/patient/doctors responded 200 in 82.3932 ms
2026-06-04 04:02:11 [INF] Application is shutting down...
2026-06-04 04:02:13 [INF] Now listening on: http://localhost:4000
2026-06-04 04:02:13 [INF] Application started. Press Ctrl+C to shut down.
2026-06-04 04:02:13 [INF] Hosting environment: Development
2026-06-04 04:02:13 [INF] Content root path: /Users/brian/RiderProjects/BookingSystem/BookingSystem
2026-06-04 04:02:59 [INF] HTTP GET /api/patient/specializations responded 200 in 1017.6211 ms
2026-06-04 04:02:59 [INF] HTTP GET /api/notifications responded 200 in 1017.6208 ms
2026-06-04 04:02:59 [INF] HTTP GET /api/patient/doctors responded 200 in 1017.6235 ms
2026-06-04 04:03:03 [INF] HTTP GET /api/patient/doctors/b8ab433e-f36b-1410-8cf3-005878cb5c2f/schedules responded 200 in 73.2016 ms
2026-06-04 04:03:05 [INF] HTTP GET /api/patient/appointments responded 200 in 84.4716 ms
2026-06-04 04:03:08 [INF] HTTP POST /api/auth/logout responded 200 in 135.3102 ms
2026-06-04 04:03:19 [ERR] HTTP POST /api/auth/patient/login responded 500 in 237.7744 ms
System.UnauthorizedAccessException: Invalid password.
   at BookingSystem.Services.Implementations.AuthService.PatientLoginAsync(DefaultLoginRequest request, CancellationToken ct) in /Users/brian/RiderProjects/BookingSystem/BookingSystem/Services/Implementations/AuthService.cs:line 33
   at BookingSystem.Controllers.AuthController.PatientLogin(DefaultLoginRequest request, CancellationToken ct) in /Users/brian/RiderProjects/BookingSystem/BookingSystem/Controllers/AuthController.cs:line 20
   at Microsoft.AspNetCore.Mvc.Infrastructure.ActionMethodExecutor.TaskOfIActionResultExecutor.Execute(ActionContext actionContext, IActionResultTypeMapper mapper, ObjectMethodExecutor executor, Object controller, Object[] arguments)
   at Microsoft.AspNetCore.Mvc.Infrastructure.ControllerActionInvoker.<InvokeActionMethodAsync>g__Logged|12_1(ControllerActionInvoker invoker)
   at Microsoft.AspNetCore.Mvc.Infrastructure.ControllerActionInvoker.<InvokeNextActionFilterAsync>g__Awaited|10_0(ControllerActionInvoker invoker, Task lastTask, State next, Scope scope, Object state, Boolean isCompleted)
   at Microsoft.AspNetCore.Mvc.Infrastructure.ControllerActionInvoker.Rethrow(ActionExecutedContextSealed context)
   at Microsoft.AspNetCore.Mvc.Infrastructure.ControllerActionInvoker.Next(State& next, Scope& scope, Object& state, Boolean& isCompleted)
   at Microsoft.AspNetCore.Mvc.Infrastructure.ControllerActionInvoker.<InvokeInnerFilterAsync>g__Awaited|13_0(ControllerActionInvoker invoker, Task lastTask, State next, Scope scope, Object state, Boolean isCompleted)
   at Microsoft.AspNetCore.Mvc.Infrastructure.ResourceInvoker.<InvokeFilterPipelineAsync>g__Awaited|20_0(ResourceInvoker invoker, Task lastTask, State next, Scope scope, Object state, Boolean isCompleted)
   at Microsoft.AspNetCore.Mvc.Infrastructure.ResourceInvoker.<InvokeAsync>g__Logged|17_1(ResourceInvoker invoker)
   at Microsoft.AspNetCore.Mvc.Infrastructure.ResourceInvoker.<InvokeAsync>g__Logged|17_1(ResourceInvoker invoker)
   at Microsoft.AspNetCore.Authorization.AuthorizationMiddleware.Invoke(HttpContext context)
   at Microsoft.AspNetCore.Authentication.AuthenticationMiddleware.Invoke(HttpContext context)
   at Swashbuckle.AspNetCore.SwaggerUI.SwaggerUIMiddleware.Invoke(HttpContext httpContext)
   at Swashbuckle.AspNetCore.Swagger.SwaggerMiddleware.Invoke(HttpContext httpContext, ISwaggerProvider swaggerProvider)
   at Microsoft.AspNetCore.RateLimiting.RateLimitingMiddleware.InvokeInternal(HttpContext context, EnableRateLimitingAttribute enableRateLimitingAttribute)
   at Serilog.AspNetCore.RequestLoggingMiddleware.Invoke(HttpContext httpContext)
2026-06-04 04:03:19 [ERR] Unhandled exception: Invalid password.
System.UnauthorizedAccessException: Invalid password.
   at BookingSystem.Services.Implementations.AuthService.PatientLoginAsync(DefaultLoginRequest request, CancellationToken ct) in /Users/brian/RiderProjects/BookingSystem/BookingSystem/Services/Implementations/AuthService.cs:line 33
   at BookingSystem.Controllers.AuthController.PatientLogin(DefaultLoginRequest request, CancellationToken ct) in /Users/brian/RiderProjects/BookingSystem/BookingSystem/Controllers/AuthController.cs:line 20
   at Microsoft.AspNetCore.Mvc.Infrastructure.ActionMethodExecutor.TaskOfIActionResultExecutor.Execute(ActionContext actionContext, IActionResultTypeMapper mapper, ObjectMethodExecutor executor, Object controller, Object[] arguments)
   at Microsoft.AspNetCore.Mvc.Infrastructure.ControllerActionInvoker.<InvokeActionMethodAsync>g__Logged|12_1(ControllerActionInvoker invoker)
   at Microsoft.AspNetCore.Mvc.Infrastructure.ControllerActionInvoker.<InvokeNextActionFilterAsync>g__Awaited|10_0(ControllerActionInvoker invoker, Task lastTask, State next, Scope scope, Object state, Boolean isCompleted)
   at Microsoft.AspNetCore.Mvc.Infrastructure.ControllerActionInvoker.Rethrow(ActionExecutedContextSealed context)
   at Microsoft.AspNetCore.Mvc.Infrastructure.ControllerActionInvoker.Next(State& next, Scope& scope, Object& state, Boolean& isCompleted)
   at Microsoft.AspNetCore.Mvc.Infrastructure.ControllerActionInvoker.<InvokeInnerFilterAsync>g__Awaited|13_0(ControllerActionInvoker invoker, Task lastTask, State next, Scope scope, Object state, Boolean isCompleted)
   at Microsoft.AspNetCore.Mvc.Infrastructure.ResourceInvoker.<InvokeFilterPipelineAsync>g__Awaited|20_0(ResourceInvoker invoker, Task lastTask, State next, Scope scope, Object state, Boolean isCompleted)
   at Microsoft.AspNetCore.Mvc.Infrastructure.ResourceInvoker.<InvokeAsync>g__Logged|17_1(ResourceInvoker invoker)
   at Microsoft.AspNetCore.Mvc.Infrastructure.ResourceInvoker.<InvokeAsync>g__Logged|17_1(ResourceInvoker invoker)
   at Microsoft.AspNetCore.Authorization.AuthorizationMiddleware.Invoke(HttpContext context)
   at Microsoft.AspNetCore.Authentication.AuthenticationMiddleware.Invoke(HttpContext context)
   at Swashbuckle.AspNetCore.SwaggerUI.SwaggerUIMiddleware.Invoke(HttpContext httpContext)
   at Swashbuckle.AspNetCore.Swagger.SwaggerMiddleware.Invoke(HttpContext httpContext, ISwaggerProvider swaggerProvider)
   at Microsoft.AspNetCore.RateLimiting.RateLimitingMiddleware.InvokeInternal(HttpContext context, EnableRateLimitingAttribute enableRateLimitingAttribute)
   at Serilog.AspNetCore.RequestLoggingMiddleware.Invoke(HttpContext httpContext)
   at BookingSystem.Middleware.ErrorHandlerMiddleware.InvokeAsync(HttpContext context) in /Users/brian/RiderProjects/BookingSystem/BookingSystem/Middleware/ErrorHandlerMiddleware.cs:line 20
2026-06-04 04:03:28 [ERR] HTTP POST /api/auth/patient/login responded 500 in 221.9994 ms
System.UnauthorizedAccessException: Invalid password.
   at BookingSystem.Services.Implementations.AuthService.PatientLoginAsync(DefaultLoginRequest request, CancellationToken ct) in /Users/brian/RiderProjects/BookingSystem/BookingSystem/Services/Implementations/AuthService.cs:line 33
   at BookingSystem.Controllers.AuthController.PatientLogin(DefaultLoginRequest request, CancellationToken ct) in /Users/brian/RiderProjects/BookingSystem/BookingSystem/Controllers/AuthController.cs:line 20
   at Microsoft.AspNetCore.Mvc.Infrastructure.ActionMethodExecutor.TaskOfIActionResultExecutor.Execute(ActionContext actionContext, IActionResultTypeMapper mapper, ObjectMethodExecutor executor, Object controller, Object[] arguments)
   at Microsoft.AspNetCore.Mvc.Infrastructure.ControllerActionInvoker.<InvokeActionMethodAsync>g__Logged|12_1(ControllerActionInvoker invoker)
   at Microsoft.AspNetCore.Mvc.Infrastructure.ControllerActionInvoker.<InvokeNextActionFilterAsync>g__Awaited|10_0(ControllerActionInvoker invoker, Task lastTask, State next, Scope scope, Object state, Boolean isCompleted)
   at Microsoft.AspNetCore.Mvc.Infrastructure.ControllerActionInvoker.Rethrow(ActionExecutedContextSealed context)
   at Microsoft.AspNetCore.Mvc.Infrastructure.ControllerActionInvoker.Next(State& next, Scope& scope, Object& state, Boolean& isCompleted)
   at Microsoft.AspNetCore.Mvc.Infrastructure.ControllerActionInvoker.<InvokeInnerFilterAsync>g__Awaited|13_0(ControllerActionInvoker invoker, Task lastTask, State next, Scope scope, Object state, Boolean isCompleted)
   at Microsoft.AspNetCore.Mvc.Infrastructure.ResourceInvoker.<InvokeFilterPipelineAsync>g__Awaited|20_0(ResourceInvoker invoker, Task lastTask, State next, Scope scope, Object state, Boolean isCompleted)
   at Microsoft.AspNetCore.Mvc.Infrastructure.ResourceInvoker.<InvokeAsync>g__Logged|17_1(ResourceInvoker invoker)
   at Microsoft.AspNetCore.Mvc.Infrastructure.ResourceInvoker.<InvokeAsync>g__Logged|17_1(ResourceInvoker invoker)
   at Microsoft.AspNetCore.Authorization.AuthorizationMiddleware.Invoke(HttpContext context)
   at Microsoft.AspNetCore.Authentication.AuthenticationMiddleware.Invoke(HttpContext context)
   at Swashbuckle.AspNetCore.SwaggerUI.SwaggerUIMiddleware.Invoke(HttpContext httpContext)
   at Swashbuckle.AspNetCore.Swagger.SwaggerMiddleware.Invoke(HttpContext httpContext, ISwaggerProvider swaggerProvider)
   at Microsoft.AspNetCore.RateLimiting.RateLimitingMiddleware.InvokeInternal(HttpContext context, EnableRateLimitingAttribute enableRateLimitingAttribute)
   at Serilog.AspNetCore.RequestLoggingMiddleware.Invoke(HttpContext httpContext)
2026-06-04 04:03:28 [ERR] Unhandled exception: Invalid password.
System.UnauthorizedAccessException: Invalid password.
   at BookingSystem.Services.Implementations.AuthService.PatientLoginAsync(DefaultLoginRequest request, CancellationToken ct) in /Users/brian/RiderProjects/BookingSystem/BookingSystem/Services/Implementations/AuthService.cs:line 33
   at BookingSystem.Controllers.AuthController.PatientLogin(DefaultLoginRequest request, CancellationToken ct) in /Users/brian/RiderProjects/BookingSystem/BookingSystem/Controllers/AuthController.cs:line 20
   at Microsoft.AspNetCore.Mvc.Infrastructure.ActionMethodExecutor.TaskOfIActionResultExecutor.Execute(ActionContext actionContext, IActionResultTypeMapper mapper, ObjectMethodExecutor executor, Object controller, Object[] arguments)
   at Microsoft.AspNetCore.Mvc.Infrastructure.ControllerActionInvoker.<InvokeActionMethodAsync>g__Logged|12_1(ControllerActionInvoker invoker)
   at Microsoft.AspNetCore.Mvc.Infrastructure.ControllerActionInvoker.<InvokeNextActionFilterAsync>g__Awaited|10_0(ControllerActionInvoker invoker, Task lastTask, State next, Scope scope, Object state, Boolean isCompleted)
   at Microsoft.AspNetCore.Mvc.Infrastructure.ControllerActionInvoker.Rethrow(ActionExecutedContextSealed context)
   at Microsoft.AspNetCore.Mvc.Infrastructure.ControllerActionInvoker.Next(State& next, Scope& scope, Object& state, Boolean& isCompleted)
   at Microsoft.AspNetCore.Mvc.Infrastructure.ControllerActionInvoker.<InvokeInnerFilterAsync>g__Awaited|13_0(ControllerActionInvoker invoker, Task lastTask, State next, Scope scope, Object state, Boolean isCompleted)
   at Microsoft.AspNetCore.Mvc.Infrastructure.ResourceInvoker.<InvokeFilterPipelineAsync>g__Awaited|20_0(ResourceInvoker invoker, Task lastTask, State next, Scope scope, Object state, Boolean isCompleted)
   at Microsoft.AspNetCore.Mvc.Infrastructure.ResourceInvoker.<InvokeAsync>g__Logged|17_1(ResourceInvoker invoker)
   at Microsoft.AspNetCore.Mvc.Infrastructure.ResourceInvoker.<InvokeAsync>g__Logged|17_1(ResourceInvoker invoker)
   at Microsoft.AspNetCore.Authorization.AuthorizationMiddleware.Invoke(HttpContext context)
   at Microsoft.AspNetCore.Authentication.AuthenticationMiddleware.Invoke(HttpContext context)
   at Swashbuckle.AspNetCore.SwaggerUI.SwaggerUIMiddleware.Invoke(HttpContext httpContext)
   at Swashbuckle.AspNetCore.Swagger.SwaggerMiddleware.Invoke(HttpContext httpContext, ISwaggerProvider swaggerProvider)
   at Microsoft.AspNetCore.RateLimiting.RateLimitingMiddleware.InvokeInternal(HttpContext context, EnableRateLimitingAttribute enableRateLimitingAttribute)
   at Serilog.AspNetCore.RequestLoggingMiddleware.Invoke(HttpContext httpContext)
   at BookingSystem.Middleware.ErrorHandlerMiddleware.InvokeAsync(HttpContext context) in /Users/brian/RiderProjects/BookingSystem/BookingSystem/Middleware/ErrorHandlerMiddleware.cs:line 20
2026-06-04 04:03:30 [INF] HTTP POST /api/auth/patient/login responded 200 in 186.8446 ms
2026-06-04 04:03:31 [INF] HTTP GET /api/notifications responded 200 in 8.2719 ms
2026-06-04 04:03:31 [INF] HTTP GET /api/patient/appointments responded 200 in 10.0912 ms
2026-06-04 04:03:31 [INF] HTTP GET /api/patient/profile responded 200 in 23.1463 ms
2026-06-04 04:03:35 [INF] HTTP GET /api/patient/specializations responded 200 in 8.3070 ms
2026-06-04 04:03:35 [INF] HTTP GET /api/patient/doctors responded 200 in 15.8891 ms
2026-06-04 04:04:01 [INF] HTTP GET /api/patient/doctors/bfab433e-f36b-1410-8cf3-005878cb5c2f/schedules responded 200 in 9.2405 ms
2026-06-04 04:04:01 [INF] HTTP GET /api/notifications responded 200 in 9.2791 ms
2026-06-04 04:04:11 [INF] HTTP POST /api/patient/appointments/bfab433e-f36b-1410-8cf3-005878cb5c2f responded 200 in 182.0883 ms
2026-06-04 04:04:13 [INF] HTTP GET /api/patient/appointments responded 200 in 17.5305 ms
2026-06-04 04:04:15 [INF] HTTP POST /api/auth/logout responded 200 in 15.6477 ms
2026-06-04 04:04:32 [INF] HTTP POST /api/auth/receptionist/login responded 200 in 156.6818 ms
2026-06-04 04:04:32 [INF] HTTP GET /api/notifications responded 200 in 3.6819 ms
2026-06-04 04:04:32 [INF] HTTP GET /api/receptionist/profile responded 200 in 13.3663 ms
2026-06-04 04:04:32 [INF] HTTP GET /api/receptionist/appointments responded 200 in 25.4247 ms
2026-06-04 04:04:35 [INF] HTTP GET /api/receptionist/appointments responded 200 in 20.9687 ms
2026-06-04 04:04:36 [INF] HTTP GET /api/receptionist/appointments responded 200 in 95.5863 ms
2026-06-04 04:05:02 [INF] HTTP GET /api/notifications responded 200 in 9.5364 ms
2026-06-04 04:05:11 [INF] HTTP PUT /api/receptionist/appointments/e9ac433e-f36b-1410-8cf3-005878cb5c2f/cancel responded 200 in 72.7168 ms
2026-06-04 04:05:11 [INF] HTTP GET /api/receptionist/appointments responded 200 in 7.4013 ms
2026-06-04 04:05:11 [INF] HTTP GET /api/receptionist/appointments responded 200 in 7.7438 ms
2026-06-04 04:05:21 [INF] HTTP POST /api/auth/logout responded 200 in 15.0203 ms
2026-06-04 04:05:37 [ERR] HTTP POST /api/auth/patient/login responded 500 in 137.0125 ms
System.UnauthorizedAccessException: Invalid password.
   at BookingSystem.Services.Implementations.AuthService.PatientLoginAsync(DefaultLoginRequest request, CancellationToken ct) in /Users/brian/RiderProjects/BookingSystem/BookingSystem/Services/Implementations/AuthService.cs:line 33
   at BookingSystem.Controllers.AuthController.PatientLogin(DefaultLoginRequest request, CancellationToken ct) in /Users/brian/RiderProjects/BookingSystem/BookingSystem/Controllers/AuthController.cs:line 20
   at Microsoft.AspNetCore.Mvc.Infrastructure.ActionMethodExecutor.TaskOfIActionResultExecutor.Execute(ActionContext actionContext, IActionResultTypeMapper mapper, ObjectMethodExecutor executor, Object controller, Object[] arguments)
   at Microsoft.AspNetCore.Mvc.Infrastructure.ControllerActionInvoker.<InvokeActionMethodAsync>g__Logged|12_1(ControllerActionInvoker invoker)
   at Microsoft.AspNetCore.Mvc.Infrastructure.ControllerActionInvoker.<InvokeNextActionFilterAsync>g__Awaited|10_0(ControllerActionInvoker invoker, Task lastTask, State next, Scope scope, Object state, Boolean isCompleted)
   at Microsoft.AspNetCore.Mvc.Infrastructure.ControllerActionInvoker.Rethrow(ActionExecutedContextSealed context)
   at Microsoft.AspNetCore.Mvc.Infrastructure.ControllerActionInvoker.Next(State& next, Scope& scope, Object& state, Boolean& isCompleted)
   at Microsoft.AspNetCore.Mvc.Infrastructure.ControllerActionInvoker.<InvokeInnerFilterAsync>g__Awaited|13_0(ControllerActionInvoker invoker, Task lastTask, State next, Scope scope, Object state, Boolean isCompleted)
   at Microsoft.AspNetCore.Mvc.Infrastructure.ResourceInvoker.<InvokeFilterPipelineAsync>g__Awaited|20_0(ResourceInvoker invoker, Task lastTask, State next, Scope scope, Object state, Boolean isCompleted)
   at Microsoft.AspNetCore.Mvc.Infrastructure.ResourceInvoker.<InvokeAsync>g__Logged|17_1(ResourceInvoker invoker)
   at Microsoft.AspNetCore.Mvc.Infrastructure.ResourceInvoker.<InvokeAsync>g__Logged|17_1(ResourceInvoker invoker)
   at Microsoft.AspNetCore.Authorization.AuthorizationMiddleware.Invoke(HttpContext context)
   at Microsoft.AspNetCore.Authentication.AuthenticationMiddleware.Invoke(HttpContext context)
   at Swashbuckle.AspNetCore.SwaggerUI.SwaggerUIMiddleware.Invoke(HttpContext httpContext)
   at Swashbuckle.AspNetCore.Swagger.SwaggerMiddleware.Invoke(HttpContext httpContext, ISwaggerProvider swaggerProvider)
   at Microsoft.AspNetCore.RateLimiting.RateLimitingMiddleware.InvokeInternal(HttpContext context, EnableRateLimitingAttribute enableRateLimitingAttribute)
   at Serilog.AspNetCore.RequestLoggingMiddleware.Invoke(HttpContext httpContext)
2026-06-04 04:05:37 [ERR] Unhandled exception: Invalid password.
System.UnauthorizedAccessException: Invalid password.
   at BookingSystem.Services.Implementations.AuthService.PatientLoginAsync(DefaultLoginRequest request, CancellationToken ct) in /Users/brian/RiderProjects/BookingSystem/BookingSystem/Services/Implementations/AuthService.cs:line 33
   at BookingSystem.Controllers.AuthController.PatientLogin(DefaultLoginRequest request, CancellationToken ct) in /Users/brian/RiderProjects/BookingSystem/BookingSystem/Controllers/AuthController.cs:line 20
   at Microsoft.AspNetCore.Mvc.Infrastructure.ActionMethodExecutor.TaskOfIActionResultExecutor.Execute(ActionContext actionContext, IActionResultTypeMapper mapper, ObjectMethodExecutor executor, Object controller, Object[] arguments)
   at Microsoft.AspNetCore.Mvc.Infrastructure.ControllerActionInvoker.<InvokeActionMethodAsync>g__Logged|12_1(ControllerActionInvoker invoker)
   at Microsoft.AspNetCore.Mvc.Infrastructure.ControllerActionInvoker.<InvokeNextActionFilterAsync>g__Awaited|10_0(ControllerActionInvoker invoker, Task lastTask, State next, Scope scope, Object state, Boolean isCompleted)
   at Microsoft.AspNetCore.Mvc.Infrastructure.ControllerActionInvoker.Rethrow(ActionExecutedContextSealed context)
   at Microsoft.AspNetCore.Mvc.Infrastructure.ControllerActionInvoker.Next(State& next, Scope& scope, Object& state, Boolean& isCompleted)
   at Microsoft.AspNetCore.Mvc.Infrastructure.ControllerActionInvoker.<InvokeInnerFilterAsync>g__Awaited|13_0(ControllerActionInvoker invoker, Task lastTask, State next, Scope scope, Object state, Boolean isCompleted)
   at Microsoft.AspNetCore.Mvc.Infrastructure.ResourceInvoker.<InvokeFilterPipelineAsync>g__Awaited|20_0(ResourceInvoker invoker, Task lastTask, State next, Scope scope, Object state, Boolean isCompleted)
   at Microsoft.AspNetCore.Mvc.Infrastructure.ResourceInvoker.<InvokeAsync>g__Logged|17_1(ResourceInvoker invoker)
   at Microsoft.AspNetCore.Mvc.Infrastructure.ResourceInvoker.<InvokeAsync>g__Logged|17_1(ResourceInvoker invoker)
   at Microsoft.AspNetCore.Authorization.AuthorizationMiddleware.Invoke(HttpContext context)
   at Microsoft.AspNetCore.Authentication.AuthenticationMiddleware.Invoke(HttpContext context)
   at Swashbuckle.AspNetCore.SwaggerUI.SwaggerUIMiddleware.Invoke(HttpContext httpContext)
   at Swashbuckle.AspNetCore.Swagger.SwaggerMiddleware.Invoke(HttpContext httpContext, ISwaggerProvider swaggerProvider)
   at Microsoft.AspNetCore.RateLimiting.RateLimitingMiddleware.InvokeInternal(HttpContext context, EnableRateLimitingAttribute enableRateLimitingAttribute)
   at Serilog.AspNetCore.RequestLoggingMiddleware.Invoke(HttpContext httpContext)
   at BookingSystem.Middleware.ErrorHandlerMiddleware.InvokeAsync(HttpContext context) in /Users/brian/RiderProjects/BookingSystem/BookingSystem/Middleware/ErrorHandlerMiddleware.cs:line 20
2026-06-04 04:05:41 [ERR] HTTP POST /api/auth/patient/login responded 500 in 139.7825 ms
System.UnauthorizedAccessException: Invalid password.
   at BookingSystem.Services.Implementations.AuthService.PatientLoginAsync(DefaultLoginRequest request, CancellationToken ct) in /Users/brian/RiderProjects/BookingSystem/BookingSystem/Services/Implementations/AuthService.cs:line 33
   at BookingSystem.Controllers.AuthController.PatientLogin(DefaultLoginRequest request, CancellationToken ct) in /Users/brian/RiderProjects/BookingSystem/BookingSystem/Controllers/AuthController.cs:line 20
   at Microsoft.AspNetCore.Mvc.Infrastructure.ActionMethodExecutor.TaskOfIActionResultExecutor.Execute(ActionContext actionContext, IActionResultTypeMapper mapper, ObjectMethodExecutor executor, Object controller, Object[] arguments)
   at Microsoft.AspNetCore.Mvc.Infrastructure.ControllerActionInvoker.<InvokeActionMethodAsync>g__Logged|12_1(ControllerActionInvoker invoker)
   at Microsoft.AspNetCore.Mvc.Infrastructure.ControllerActionInvoker.<InvokeNextActionFilterAsync>g__Awaited|10_0(ControllerActionInvoker invoker, Task lastTask, State next, Scope scope, Object state, Boolean isCompleted)
   at Microsoft.AspNetCore.Mvc.Infrastructure.ControllerActionInvoker.Rethrow(ActionExecutedContextSealed context)
   at Microsoft.AspNetCore.Mvc.Infrastructure.ControllerActionInvoker.Next(State& next, Scope& scope, Object& state, Boolean& isCompleted)
   at Microsoft.AspNetCore.Mvc.Infrastructure.ControllerActionInvoker.<InvokeInnerFilterAsync>g__Awaited|13_0(ControllerActionInvoker invoker, Task lastTask, State next, Scope scope, Object state, Boolean isCompleted)
   at Microsoft.AspNetCore.Mvc.Infrastructure.ResourceInvoker.<InvokeFilterPipelineAsync>g__Awaited|20_0(ResourceInvoker invoker, Task lastTask, State next, Scope scope, Object state, Boolean isCompleted)
   at Microsoft.AspNetCore.Mvc.Infrastructure.ResourceInvoker.<InvokeAsync>g__Logged|17_1(ResourceInvoker invoker)
   at Microsoft.AspNetCore.Mvc.Infrastructure.ResourceInvoker.<InvokeAsync>g__Logged|17_1(ResourceInvoker invoker)
   at Microsoft.AspNetCore.Authorization.AuthorizationMiddleware.Invoke(HttpContext context)
   at Microsoft.AspNetCore.Authentication.AuthenticationMiddleware.Invoke(HttpContext context)
   at Swashbuckle.AspNetCore.SwaggerUI.SwaggerUIMiddleware.Invoke(HttpContext httpContext)
   at Swashbuckle.AspNetCore.Swagger.SwaggerMiddleware.Invoke(HttpContext httpContext, ISwaggerProvider swaggerProvider)
   at Microsoft.AspNetCore.RateLimiting.RateLimitingMiddleware.InvokeInternal(HttpContext context, EnableRateLimitingAttribute enableRateLimitingAttribute)
   at Serilog.AspNetCore.RequestLoggingMiddleware.Invoke(HttpContext httpContext)
2026-06-04 04:05:41 [ERR] Unhandled exception: Invalid password.
System.UnauthorizedAccessException: Invalid password.
   at BookingSystem.Services.Implementations.AuthService.PatientLoginAsync(DefaultLoginRequest request, CancellationToken ct) in /Users/brian/RiderProjects/BookingSystem/BookingSystem/Services/Implementations/AuthService.cs:line 33
   at BookingSystem.Controllers.AuthController.PatientLogin(DefaultLoginRequest request, CancellationToken ct) in /Users/brian/RiderProjects/BookingSystem/BookingSystem/Controllers/AuthController.cs:line 20
   at Microsoft.AspNetCore.Mvc.Infrastructure.ActionMethodExecutor.TaskOfIActionResultExecutor.Execute(ActionContext actionContext, IActionResultTypeMapper mapper, ObjectMethodExecutor executor, Object controller, Object[] arguments)
   at Microsoft.AspNetCore.Mvc.Infrastructure.ControllerActionInvoker.<InvokeActionMethodAsync>g__Logged|12_1(ControllerActionInvoker invoker)
   at Microsoft.AspNetCore.Mvc.Infrastructure.ControllerActionInvoker.<InvokeNextActionFilterAsync>g__Awaited|10_0(ControllerActionInvoker invoker, Task lastTask, State next, Scope scope, Object state, Boolean isCompleted)
   at Microsoft.AspNetCore.Mvc.Infrastructure.ControllerActionInvoker.Rethrow(ActionExecutedContextSealed context)
   at Microsoft.AspNetCore.Mvc.Infrastructure.ControllerActionInvoker.Next(State& next, Scope& scope, Object& state, Boolean& isCompleted)
   at Microsoft.AspNetCore.Mvc.Infrastructure.ControllerActionInvoker.<InvokeInnerFilterAsync>g__Awaited|13_0(ControllerActionInvoker invoker, Task lastTask, State next, Scope scope, Object state, Boolean isCompleted)
   at Microsoft.AspNetCore.Mvc.Infrastructure.ResourceInvoker.<InvokeFilterPipelineAsync>g__Awaited|20_0(ResourceInvoker invoker, Task lastTask, State next, Scope scope, Object state, Boolean isCompleted)
   at Microsoft.AspNetCore.Mvc.Infrastructure.ResourceInvoker.<InvokeAsync>g__Logged|17_1(ResourceInvoker invoker)
   at Microsoft.AspNetCore.Mvc.Infrastructure.ResourceInvoker.<InvokeAsync>g__Logged|17_1(ResourceInvoker invoker)
   at Microsoft.AspNetCore.Authorization.AuthorizationMiddleware.Invoke(HttpContext context)
   at Microsoft.AspNetCore.Authentication.AuthenticationMiddleware.Invoke(HttpContext context)
   at Swashbuckle.AspNetCore.SwaggerUI.SwaggerUIMiddleware.Invoke(HttpContext httpContext)
   at Swashbuckle.AspNetCore.Swagger.SwaggerMiddleware.Invoke(HttpContext httpContext, ISwaggerProvider swaggerProvider)
   at Microsoft.AspNetCore.RateLimiting.RateLimitingMiddleware.InvokeInternal(HttpContext context, EnableRateLimitingAttribute enableRateLimitingAttribute)
   at Serilog.AspNetCore.RequestLoggingMiddleware.Invoke(HttpContext httpContext)
   at BookingSystem.Middleware.ErrorHandlerMiddleware.InvokeAsync(HttpContext context) in /Users/brian/RiderProjects/BookingSystem/BookingSystem/Middleware/ErrorHandlerMiddleware.cs:line 20
2026-06-04 04:05:46 [INF] HTTP POST /api/auth/patient/login responded 200 in 141.2718 ms
2026-06-04 04:05:46 [INF] HTTP GET /api/patient/profile responded 200 in 2.5325 ms
2026-06-04 04:05:46 [INF] HTTP GET /api/notifications responded 200 in 4.0364 ms
2026-06-04 04:05:46 [INF] HTTP GET /api/patient/appointments responded 200 in 5.0061 ms
2026-06-04 04:05:47 [INF] HTTP GET /api/patient/appointments/e9ac433e-f36b-1410-8cf3-005878cb5c2f responded 200 in 7.7657 ms
2026-06-04 04:05:47 [INF] HTTP GET /api/patient/doctors/bfab433e-f36b-1410-8cf3-005878cb5c2f/schedules responded 200 in 3.2160 ms
2026-06-04 04:06:04 [INF] HTTP POST /api/auth/logout responded 200 in 14.0004 ms
2026-06-04 04:06:26 [INF] HTTP POST /api/auth/receptionist/login responded 200 in 145.7179 ms
2026-06-04 04:06:26 [INF] HTTP GET /api/notifications responded 200 in 3.3576 ms
2026-06-04 04:06:26 [INF] HTTP GET /api/receptionist/profile responded 200 in 4.1941 ms
2026-06-04 04:06:26 [INF] HTTP GET /api/receptionist/appointments responded 200 in 4.6771 ms
2026-06-04 04:06:33 [INF] HTTP GET /api/receptionist/appointments responded 200 in 8.8653 ms
2026-06-04 04:06:56 [INF] HTTP GET /api/notifications responded 200 in 9.4684 ms
2026-06-04 04:07:26 [INF] HTTP GET /api/notifications responded 200 in 9.1715 ms
2026-06-04 04:07:56 [INF] HTTP GET /api/notifications responded 200 in 7.6820 ms
2026-06-04 04:08:26 [INF] HTTP GET /api/notifications responded 200 in 7.3657 ms
2026-06-04 04:08:29 [INF] HTTP POST /api/auth/logout responded 200 in 15.3785 ms
2026-06-04 04:08:45 [INF] HTTP POST /api/auth/patient/login responded 200 in 141.1650 ms
2026-06-04 04:08:46 [INF] HTTP GET /api/notifications responded 200 in 3.5861 ms
2026-06-04 04:08:46 [INF] HTTP GET /api/patient/profile responded 200 in 2.4953 ms
2026-06-04 04:08:46 [INF] HTTP GET /api/patient/appointments responded 200 in 5.0615 ms
2026-06-04 04:08:47 [INF] HTTP GET /api/patient/appointments/e9ac433e-f36b-1410-8cf3-005878cb5c2f responded 200 in 6.8315 ms
2026-06-04 04:08:47 [INF] HTTP GET /api/patient/doctors/bfab433e-f36b-1410-8cf3-005878cb5c2f/schedules responded 200 in 4.9368 ms
2026-06-04 04:09:16 [INF] HTTP GET /api/notifications responded 200 in 12.2995 ms
2026-06-04 04:09:46 [INF] HTTP GET /api/notifications responded 200 in 8.0669 ms
2026-06-04 06:19:25 [INF] HTTP GET /api/patient/doctors/bfab433e-f36b-1410-8cf3-005878cb5c2f/schedules responded 401 in 27.2012 ms
2026-06-04 06:19:25 [INF] HTTP GET /api/patient/appointments/e9ac433e-f36b-1410-8cf3-005878cb5c2f responded 401 in 23.1422 ms
2026-06-04 06:19:25 [INF] HTTP GET /api/patient/appointments responded 401 in 23.8477 ms
2026-06-04 06:19:25 [INF] HTTP GET /api/patient/profile responded 401 in 22.3843 ms
2026-06-04 06:19:25 [INF] HTTP GET /api/notifications responded 401 in 23.8718 ms
2026-06-04 06:19:25 [INF] HTTP GET /api/notifications responded 401 in 0.8061 ms
2026-06-04 06:19:25 [INF] HTTP GET /api/patient/profile responded 401 in 0.3696 ms
2026-06-04 06:19:25 [INF] HTTP GET /api/patient/appointments responded 401 in 0.5547 ms
2026-06-04 06:19:25 [ERR] HTTP POST /api/auth/refresh responded 500 in 55.9402 ms
System.ArgumentOutOfRangeException: IDX10720: Unable to create KeyedHashAlgorithm for algorithm 'HS256', the key size must be greater than: '256' bits, key has '160' bits. (Parameter 'keyBytes')
   at Microsoft.IdentityModel.Tokens.CryptoProviderFactory.ValidateKeySize(Byte[] keyBytes, String algorithm, Int32 expectedNumberOfBytes)
   at Microsoft.IdentityModel.Tokens.CryptoProviderFactory.CreateKeyedHashAlgorithm(Byte[] keyBytes, String algorithm)
   at Microsoft.IdentityModel.Tokens.SymmetricSignatureProvider.CreateKeyedHashAlgorithm()
   at Microsoft.IdentityModel.Tokens.DisposableObjectPool`1.CreateInstance()
   at Microsoft.IdentityModel.Tokens.DisposableObjectPool`1.Allocate()
   at Microsoft.IdentityModel.Tokens.SymmetricSignatureProvider.GetKeyedHashAlgorithm(Byte[] keyBytes, String algorithm)
   at Microsoft.IdentityModel.Tokens.SymmetricSignatureProvider.Sign(Byte[] input)
   at Microsoft.IdentityModel.JsonWebTokens.JwtTokenUtilities.CreateEncodedSignature(String input, SigningCredentials signingCredentials)
   at System.IdentityModel.Tokens.Jwt.JwtSecurityTokenHandler.WriteToken(SecurityToken token)
   at BookingSystem.Services.Implementations.AuthService.GenerateAccessToken(String userId, String identifier, UserRole role)
   at BookingSystem.Services.Implementations.AuthService.BuildAuthResponseAsync(Guid userId, String identifier, UserRole role, CancellationToken ct)
   at BookingSystem.Services.Implementations.AuthService.RefreshAsync(String refreshToken, CancellationToken ct)
   at BookingSystem.Controllers.AuthController.Refresh(RefreshTokenRequest request, CancellationToken ct)
   at Microsoft.AspNetCore.Mvc.Infrastructure.ActionMethodExecutor.TaskOfIActionResultExecutor.Execute(ActionContext actionContext, IActionResultTypeMapper mapper, ObjectMethodExecutor executor, Object controller, Object[] arguments)
   at Microsoft.AspNetCore.Mvc.Infrastructure.ControllerActionInvoker.<InvokeActionMethodAsync>g__Logged|12_1(ControllerActionInvoker invoker)
   at Microsoft.AspNetCore.Mvc.Infrastructure.ControllerActionInvoker.<InvokeNextActionFilterAsync>g__Awaited|10_0(ControllerActionInvoker invoker, Task lastTask, State next, Scope scope, Object state, Boolean isCompleted)
   at Microsoft.AspNetCore.Mvc.Infrastructure.ControllerActionInvoker.Rethrow(ActionExecutedContextSealed context)
   at Microsoft.AspNetCore.Mvc.Infrastructure.ControllerActionInvoker.Next(State& next, Scope& scope, Object& state, Boolean& isCompleted)
   at Microsoft.AspNetCore.Mvc.Infrastructure.ControllerActionInvoker.<InvokeInnerFilterAsync>g__Awaited|13_0(ControllerActionInvoker invoker, Task lastTask, State next, Scope scope, Object state, Boolean isCompleted)
   at Microsoft.AspNetCore.Mvc.Infrastructure.ResourceInvoker.<InvokeFilterPipelineAsync>g__Awaited|20_0(ResourceInvoker invoker, Task lastTask, State next, Scope scope, Object state, Boolean isCompleted)
   at Microsoft.AspNetCore.Mvc.Infrastructure.ResourceInvoker.<InvokeAsync>g__Logged|17_1(ResourceInvoker invoker)
   at Microsoft.AspNetCore.Mvc.Infrastructure.ResourceInvoker.<InvokeAsync>g__Logged|17_1(ResourceInvoker invoker)
   at Microsoft.AspNetCore.Authorization.AuthorizationMiddleware.Invoke(HttpContext context)
   at Microsoft.AspNetCore.Authentication.AuthenticationMiddleware.Invoke(HttpContext context)
   at Swashbuckle.AspNetCore.SwaggerUI.SwaggerUIMiddleware.Invoke(HttpContext httpContext)
   at Swashbuckle.AspNetCore.Swagger.SwaggerMiddleware.Invoke(HttpContext httpContext, ISwaggerProvider swaggerProvider)
   at Microsoft.AspNetCore.RateLimiting.RateLimitingMiddleware.InvokeInternal(HttpContext context, EnableRateLimitingAttribute enableRateLimitingAttribute)
   at Serilog.AspNetCore.RequestLoggingMiddleware.Invoke(HttpContext httpContext)
2026-06-04 06:19:25 [ERR] Unhandled exception: IDX10720: Unable to create KeyedHashAlgorithm for algorithm 'HS256', the key size must be greater than: '256' bits, key has '160' bits. (Parameter 'keyBytes')
System.ArgumentOutOfRangeException: IDX10720: Unable to create KeyedHashAlgorithm for algorithm 'HS256', the key size must be greater than: '256' bits, key has '160' bits. (Parameter 'keyBytes')
   at Microsoft.IdentityModel.Tokens.CryptoProviderFactory.ValidateKeySize(Byte[] keyBytes, String algorithm, Int32 expectedNumberOfBytes)
   at Microsoft.IdentityModel.Tokens.CryptoProviderFactory.CreateKeyedHashAlgorithm(Byte[] keyBytes, String algorithm)
   at Microsoft.IdentityModel.Tokens.SymmetricSignatureProvider.CreateKeyedHashAlgorithm()
   at Microsoft.IdentityModel.Tokens.DisposableObjectPool`1.CreateInstance()
   at Microsoft.IdentityModel.Tokens.DisposableObjectPool`1.Allocate()
   at Microsoft.IdentityModel.Tokens.SymmetricSignatureProvider.GetKeyedHashAlgorithm(Byte[] keyBytes, String algorithm)
   at Microsoft.IdentityModel.Tokens.SymmetricSignatureProvider.Sign(Byte[] input)
   at Microsoft.IdentityModel.JsonWebTokens.JwtTokenUtilities.CreateEncodedSignature(String input, SigningCredentials signingCredentials)
   at System.IdentityModel.Tokens.Jwt.JwtSecurityTokenHandler.WriteToken(SecurityToken token)
   at BookingSystem.Services.Implementations.AuthService.GenerateAccessToken(String userId, String identifier, UserRole role)
   at BookingSystem.Services.Implementations.AuthService.BuildAuthResponseAsync(Guid userId, String identifier, UserRole role, CancellationToken ct)
   at BookingSystem.Services.Implementations.AuthService.RefreshAsync(String refreshToken, CancellationToken ct)
   at BookingSystem.Controllers.AuthController.Refresh(RefreshTokenRequest request, CancellationToken ct)
   at Microsoft.AspNetCore.Mvc.Infrastructure.ActionMethodExecutor.TaskOfIActionResultExecutor.Execute(ActionContext actionContext, IActionResultTypeMapper mapper, ObjectMethodExecutor executor, Object controller, Object[] arguments)
   at Microsoft.AspNetCore.Mvc.Infrastructure.ControllerActionInvoker.<InvokeActionMethodAsync>g__Logged|12_1(ControllerActionInvoker invoker)
   at Microsoft.AspNetCore.Mvc.Infrastructure.ControllerActionInvoker.<InvokeNextActionFilterAsync>g__Awaited|10_0(ControllerActionInvoker invoker, Task lastTask, State next, Scope scope, Object state, Boolean isCompleted)
   at Microsoft.AspNetCore.Mvc.Infrastructure.ControllerActionInvoker.Rethrow(ActionExecutedContextSealed context)
   at Microsoft.AspNetCore.Mvc.Infrastructure.ControllerActionInvoker.Next(State& next, Scope& scope, Object& state, Boolean& isCompleted)
   at Microsoft.AspNetCore.Mvc.Infrastructure.ControllerActionInvoker.<InvokeInnerFilterAsync>g__Awaited|13_0(ControllerActionInvoker invoker, Task lastTask, State next, Scope scope, Object state, Boolean isCompleted)
   at Microsoft.AspNetCore.Mvc.Infrastructure.ResourceInvoker.<InvokeFilterPipelineAsync>g__Awaited|20_0(ResourceInvoker invoker, Task lastTask, State next, Scope scope, Object state, Boolean isCompleted)
   at Microsoft.AspNetCore.Mvc.Infrastructure.ResourceInvoker.<InvokeAsync>g__Logged|17_1(ResourceInvoker invoker)
   at Microsoft.AspNetCore.Mvc.Infrastructure.ResourceInvoker.<InvokeAsync>g__Logged|17_1(ResourceInvoker invoker)
   at Microsoft.AspNetCore.Authorization.AuthorizationMiddleware.Invoke(HttpContext context)
   at Microsoft.AspNetCore.Authentication.AuthenticationMiddleware.Invoke(HttpContext context)
   at Swashbuckle.AspNetCore.SwaggerUI.SwaggerUIMiddleware.Invoke(HttpContext httpContext)
   at Swashbuckle.AspNetCore.Swagger.SwaggerMiddleware.Invoke(HttpContext httpContext, ISwaggerProvider swaggerProvider)
   at Microsoft.AspNetCore.RateLimiting.RateLimitingMiddleware.InvokeInternal(HttpContext context, EnableRateLimitingAttribute enableRateLimitingAttribute)
   at Serilog.AspNetCore.RequestLoggingMiddleware.Invoke(HttpContext httpContext)
   at BookingSystem.Middleware.ErrorHandlerMiddleware.InvokeAsync(HttpContext context)
2026-06-04 06:19:41 [ERR] HTTP POST /api/auth/admin/login responded 500 in 152.3158 ms
System.ArgumentOutOfRangeException: IDX10720: Unable to create KeyedHashAlgorithm for algorithm 'HS256', the key size must be greater than: '256' bits, key has '160' bits. (Parameter 'keyBytes')
   at Microsoft.IdentityModel.Tokens.CryptoProviderFactory.ValidateKeySize(Byte[] keyBytes, String algorithm, Int32 expectedNumberOfBytes)
   at Microsoft.IdentityModel.Tokens.CryptoProviderFactory.CreateKeyedHashAlgorithm(Byte[] keyBytes, String algorithm)
   at Microsoft.IdentityModel.Tokens.SymmetricSignatureProvider.CreateKeyedHashAlgorithm()
   at Microsoft.IdentityModel.Tokens.DisposableObjectPool`1.CreateInstance()
   at Microsoft.IdentityModel.Tokens.DisposableObjectPool`1.Allocate()
   at Microsoft.IdentityModel.Tokens.SymmetricSignatureProvider.GetKeyedHashAlgorithm(Byte[] keyBytes, String algorithm)
   at Microsoft.IdentityModel.Tokens.SymmetricSignatureProvider.Sign(Byte[] input)
   at Microsoft.IdentityModel.JsonWebTokens.JwtTokenUtilities.CreateEncodedSignature(String input, SigningCredentials signingCredentials)
   at System.IdentityModel.Tokens.Jwt.JwtSecurityTokenHandler.WriteToken(SecurityToken token)
   at BookingSystem.Services.Implementations.AuthService.GenerateAccessToken(String userId, String identifier, UserRole role)
   at BookingSystem.Services.Implementations.AuthService.BuildAuthResponseAsync(Guid userId, String identifier, UserRole role, CancellationToken ct)
   at BookingSystem.Services.Implementations.AuthService.AdminLoginAsync(AdminLoginRequest request, CancellationToken ct)
   at BookingSystem.Controllers.AuthController.AdminLogin(AdminLoginRequest request, CancellationToken ct)
   at Microsoft.AspNetCore.Mvc.Infrastructure.ActionMethodExecutor.TaskOfIActionResultExecutor.Execute(ActionContext actionContext, IActionResultTypeMapper mapper, ObjectMethodExecutor executor, Object controller, Object[] arguments)
   at Microsoft.AspNetCore.Mvc.Infrastructure.ControllerActionInvoker.<InvokeActionMethodAsync>g__Logged|12_1(ControllerActionInvoker invoker)
   at Microsoft.AspNetCore.Mvc.Infrastructure.ControllerActionInvoker.<InvokeNextActionFilterAsync>g__Awaited|10_0(ControllerActionInvoker invoker, Task lastTask, State next, Scope scope, Object state, Boolean isCompleted)
   at Microsoft.AspNetCore.Mvc.Infrastructure.ControllerActionInvoker.Rethrow(ActionExecutedContextSealed context)
   at Microsoft.AspNetCore.Mvc.Infrastructure.ControllerActionInvoker.Next(State& next, Scope& scope, Object& state, Boolean& isCompleted)
   at Microsoft.AspNetCore.Mvc.Infrastructure.ControllerActionInvoker.<InvokeInnerFilterAsync>g__Awaited|13_0(ControllerActionInvoker invoker, Task lastTask, State next, Scope scope, Object state, Boolean isCompleted)
   at Microsoft.AspNetCore.Mvc.Infrastructure.ResourceInvoker.<InvokeFilterPipelineAsync>g__Awaited|20_0(ResourceInvoker invoker, Task lastTask, State next, Scope scope, Object state, Boolean isCompleted)
   at Microsoft.AspNetCore.Mvc.Infrastructure.ResourceInvoker.<InvokeAsync>g__Logged|17_1(ResourceInvoker invoker)
   at Microsoft.AspNetCore.Mvc.Infrastructure.ResourceInvoker.<InvokeAsync>g__Logged|17_1(ResourceInvoker invoker)
   at Microsoft.AspNetCore.Authorization.AuthorizationMiddleware.Invoke(HttpContext context)
   at Microsoft.AspNetCore.Authentication.AuthenticationMiddleware.Invoke(HttpContext context)
   at Swashbuckle.AspNetCore.SwaggerUI.SwaggerUIMiddleware.Invoke(HttpContext httpContext)
   at Swashbuckle.AspNetCore.Swagger.SwaggerMiddleware.Invoke(HttpContext httpContext, ISwaggerProvider swaggerProvider)
   at Microsoft.AspNetCore.RateLimiting.RateLimitingMiddleware.InvokeInternal(HttpContext context, EnableRateLimitingAttribute enableRateLimitingAttribute)
   at Serilog.AspNetCore.RequestLoggingMiddleware.Invoke(HttpContext httpContext)
2026-06-04 06:19:41 [ERR] Unhandled exception: IDX10720: Unable to create KeyedHashAlgorithm for algorithm 'HS256', the key size must be greater than: '256' bits, key has '160' bits. (Parameter 'keyBytes')
System.ArgumentOutOfRangeException: IDX10720: Unable to create KeyedHashAlgorithm for algorithm 'HS256', the key size must be greater than: '256' bits, key has '160' bits. (Parameter 'keyBytes')
   at Microsoft.IdentityModel.Tokens.CryptoProviderFactory.ValidateKeySize(Byte[] keyBytes, String algorithm, Int32 expectedNumberOfBytes)
   at Microsoft.IdentityModel.Tokens.CryptoProviderFactory.CreateKeyedHashAlgorithm(Byte[] keyBytes, String algorithm)
   at Microsoft.IdentityModel.Tokens.SymmetricSignatureProvider.CreateKeyedHashAlgorithm()
   at Microsoft.IdentityModel.Tokens.DisposableObjectPool`1.CreateInstance()
   at Microsoft.IdentityModel.Tokens.DisposableObjectPool`1.Allocate()
   at Microsoft.IdentityModel.Tokens.SymmetricSignatureProvider.GetKeyedHashAlgorithm(Byte[] keyBytes, String algorithm)
   at Microsoft.IdentityModel.Tokens.SymmetricSignatureProvider.Sign(Byte[] input)
   at Microsoft.IdentityModel.JsonWebTokens.JwtTokenUtilities.CreateEncodedSignature(String input, SigningCredentials signingCredentials)
   at System.IdentityModel.Tokens.Jwt.JwtSecurityTokenHandler.WriteToken(SecurityToken token)
   at BookingSystem.Services.Implementations.AuthService.GenerateAccessToken(String userId, String identifier, UserRole role)
   at BookingSystem.Services.Implementations.AuthService.BuildAuthResponseAsync(Guid userId, String identifier, UserRole role, CancellationToken ct)
   at BookingSystem.Services.Implementations.AuthService.AdminLoginAsync(AdminLoginRequest request, CancellationToken ct)
   at BookingSystem.Controllers.AuthController.AdminLogin(AdminLoginRequest request, CancellationToken ct)
   at Microsoft.AspNetCore.Mvc.Infrastructure.ActionMethodExecutor.TaskOfIActionResultExecutor.Execute(ActionContext actionContext, IActionResultTypeMapper mapper, ObjectMethodExecutor executor, Object controller, Object[] arguments)
   at Microsoft.AspNetCore.Mvc.Infrastructure.ControllerActionInvoker.<InvokeActionMethodAsync>g__Logged|12_1(ControllerActionInvoker invoker)
   at Microsoft.AspNetCore.Mvc.Infrastructure.ControllerActionInvoker.<InvokeNextActionFilterAsync>g__Awaited|10_0(ControllerActionInvoker invoker, Task lastTask, State next, Scope scope, Object state, Boolean isCompleted)
   at Microsoft.AspNetCore.Mvc.Infrastructure.ControllerActionInvoker.Rethrow(ActionExecutedContextSealed context)
   at Microsoft.AspNetCore.Mvc.Infrastructure.ControllerActionInvoker.Next(State& next, Scope& scope, Object& state, Boolean& isCompleted)
   at Microsoft.AspNetCore.Mvc.Infrastructure.ControllerActionInvoker.<InvokeInnerFilterAsync>g__Awaited|13_0(ControllerActionInvoker invoker, Task lastTask, State next, Scope scope, Object state, Boolean isCompleted)
   at Microsoft.AspNetCore.Mvc.Infrastructure.ResourceInvoker.<InvokeFilterPipelineAsync>g__Awaited|20_0(ResourceInvoker invoker, Task lastTask, State next, Scope scope, Object state, Boolean isCompleted)
   at Microsoft.AspNetCore.Mvc.Infrastructure.ResourceInvoker.<InvokeAsync>g__Logged|17_1(ResourceInvoker invoker)
   at Microsoft.AspNetCore.Mvc.Infrastructure.ResourceInvoker.<InvokeAsync>g__Logged|17_1(ResourceInvoker invoker)
   at Microsoft.AspNetCore.Authorization.AuthorizationMiddleware.Invoke(HttpContext context)
   at Microsoft.AspNetCore.Authentication.AuthenticationMiddleware.Invoke(HttpContext context)
   at Swashbuckle.AspNetCore.SwaggerUI.SwaggerUIMiddleware.Invoke(HttpContext httpContext)
   at Swashbuckle.AspNetCore.Swagger.SwaggerMiddleware.Invoke(HttpContext httpContext, ISwaggerProvider swaggerProvider)
   at Microsoft.AspNetCore.RateLimiting.RateLimitingMiddleware.InvokeInternal(HttpContext context, EnableRateLimitingAttribute enableRateLimitingAttribute)
   at Serilog.AspNetCore.RequestLoggingMiddleware.Invoke(HttpContext httpContext)
   at BookingSystem.Middleware.ErrorHandlerMiddleware.InvokeAsync(HttpContext context)
2026-06-04 06:20:11 [ERR] HTTP POST /api/auth/admin/login responded 500 in 9.5733 ms
System.UnauthorizedAccessException: Admin not found.
   at BookingSystem.Services.Implementations.AuthService.AdminLoginAsync(AdminLoginRequest request, CancellationToken ct)
   at BookingSystem.Controllers.AuthController.AdminLogin(AdminLoginRequest request, CancellationToken ct)
   at Microsoft.AspNetCore.Mvc.Infrastructure.ActionMethodExecutor.TaskOfIActionResultExecutor.Execute(ActionContext actionContext, IActionResultTypeMapper mapper, ObjectMethodExecutor executor, Object controller, Object[] arguments)
   at Microsoft.AspNetCore.Mvc.Infrastructure.ControllerActionInvoker.<InvokeActionMethodAsync>g__Logged|12_1(ControllerActionInvoker invoker)
   at Microsoft.AspNetCore.Mvc.Infrastructure.ControllerActionInvoker.<InvokeNextActionFilterAsync>g__Awaited|10_0(ControllerActionInvoker invoker, Task lastTask, State next, Scope scope, Object state, Boolean isCompleted)
   at Microsoft.AspNetCore.Mvc.Infrastructure.ControllerActionInvoker.Rethrow(ActionExecutedContextSealed context)
   at Microsoft.AspNetCore.Mvc.Infrastructure.ControllerActionInvoker.Next(State& next, Scope& scope, Object& state, Boolean& isCompleted)
   at Microsoft.AspNetCore.Mvc.Infrastructure.ControllerActionInvoker.<InvokeInnerFilterAsync>g__Awaited|13_0(ControllerActionInvoker invoker, Task lastTask, State next, Scope scope, Object state, Boolean isCompleted)
   at Microsoft.AspNetCore.Mvc.Infrastructure.ResourceInvoker.<InvokeFilterPipelineAsync>g__Awaited|20_0(ResourceInvoker invoker, Task lastTask, State next, Scope scope, Object state, Boolean isCompleted)
   at Microsoft.AspNetCore.Mvc.Infrastructure.ResourceInvoker.<InvokeAsync>g__Logged|17_1(ResourceInvoker invoker)
   at Microsoft.AspNetCore.Mvc.Infrastructure.ResourceInvoker.<InvokeAsync>g__Logged|17_1(ResourceInvoker invoker)
   at Microsoft.AspNetCore.Authorization.AuthorizationMiddleware.Invoke(HttpContext context)
   at Microsoft.AspNetCore.Authentication.AuthenticationMiddleware.Invoke(HttpContext context)
   at Swashbuckle.AspNetCore.SwaggerUI.SwaggerUIMiddleware.Invoke(HttpContext httpContext)
   at Swashbuckle.AspNetCore.Swagger.SwaggerMiddleware.Invoke(HttpContext httpContext, ISwaggerProvider swaggerProvider)
   at Microsoft.AspNetCore.RateLimiting.RateLimitingMiddleware.InvokeInternal(HttpContext context, EnableRateLimitingAttribute enableRateLimitingAttribute)
   at Serilog.AspNetCore.RequestLoggingMiddleware.Invoke(HttpContext httpContext)
2026-06-04 06:20:11 [ERR] Unhandled exception: Admin not found.
System.UnauthorizedAccessException: Admin not found.
   at BookingSystem.Services.Implementations.AuthService.AdminLoginAsync(AdminLoginRequest request, CancellationToken ct)
   at BookingSystem.Controllers.AuthController.AdminLogin(AdminLoginRequest request, CancellationToken ct)
   at Microsoft.AspNetCore.Mvc.Infrastructure.ActionMethodExecutor.TaskOfIActionResultExecutor.Execute(ActionContext actionContext, IActionResultTypeMapper mapper, ObjectMethodExecutor executor, Object controller, Object[] arguments)
   at Microsoft.AspNetCore.Mvc.Infrastructure.ControllerActionInvoker.<InvokeActionMethodAsync>g__Logged|12_1(ControllerActionInvoker invoker)
   at Microsoft.AspNetCore.Mvc.Infrastructure.ControllerActionInvoker.<InvokeNextActionFilterAsync>g__Awaited|10_0(ControllerActionInvoker invoker, Task lastTask, State next, Scope scope, Object state, Boolean isCompleted)
   at Microsoft.AspNetCore.Mvc.Infrastructure.ControllerActionInvoker.Rethrow(ActionExecutedContextSealed context)
   at Microsoft.AspNetCore.Mvc.Infrastructure.ControllerActionInvoker.Next(State& next, Scope& scope, Object& state, Boolean& isCompleted)
   at Microsoft.AspNetCore.Mvc.Infrastructure.ControllerActionInvoker.<InvokeInnerFilterAsync>g__Awaited|13_0(ControllerActionInvoker invoker, Task lastTask, State next, Scope scope, Object state, Boolean isCompleted)
   at Microsoft.AspNetCore.Mvc.Infrastructure.ResourceInvoker.<InvokeFilterPipelineAsync>g__Awaited|20_0(ResourceInvoker invoker, Task lastTask, State next, Scope scope, Object state, Boolean isCompleted)
   at Microsoft.AspNetCore.Mvc.Infrastructure.ResourceInvoker.<InvokeAsync>g__Logged|17_1(ResourceInvoker invoker)
   at Microsoft.AspNetCore.Mvc.Infrastructure.ResourceInvoker.<InvokeAsync>g__Logged|17_1(ResourceInvoker invoker)
   at Microsoft.AspNetCore.Authorization.AuthorizationMiddleware.Invoke(HttpContext context)
   at Microsoft.AspNetCore.Authentication.AuthenticationMiddleware.Invoke(HttpContext context)
   at Swashbuckle.AspNetCore.SwaggerUI.SwaggerUIMiddleware.Invoke(HttpContext httpContext)
   at Swashbuckle.AspNetCore.Swagger.SwaggerMiddleware.Invoke(HttpContext httpContext, ISwaggerProvider swaggerProvider)
   at Microsoft.AspNetCore.RateLimiting.RateLimitingMiddleware.InvokeInternal(HttpContext context, EnableRateLimitingAttribute enableRateLimitingAttribute)
   at Serilog.AspNetCore.RequestLoggingMiddleware.Invoke(HttpContext httpContext)
   at BookingSystem.Middleware.ErrorHandlerMiddleware.InvokeAsync(HttpContext context)
2026-06-04 06:24:58 [ERR] HTTP POST /api/auth/admin/login responded 500 in 137.8931 ms
System.ArgumentOutOfRangeException: IDX10720: Unable to create KeyedHashAlgorithm for algorithm 'HS256', the key size must be greater than: '256' bits, key has '160' bits. (Parameter 'keyBytes')
   at Microsoft.IdentityModel.Tokens.CryptoProviderFactory.ValidateKeySize(Byte[] keyBytes, String algorithm, Int32 expectedNumberOfBytes)
   at Microsoft.IdentityModel.Tokens.CryptoProviderFactory.CreateKeyedHashAlgorithm(Byte[] keyBytes, String algorithm)
   at Microsoft.IdentityModel.Tokens.SymmetricSignatureProvider.CreateKeyedHashAlgorithm()
   at Microsoft.IdentityModel.Tokens.DisposableObjectPool`1.Allocate()
   at Microsoft.IdentityModel.Tokens.SymmetricSignatureProvider.Sign(Byte[] input)
   at Microsoft.IdentityModel.JsonWebTokens.JwtTokenUtilities.CreateEncodedSignature(String input, SigningCredentials signingCredentials)
   at System.IdentityModel.Tokens.Jwt.JwtSecurityTokenHandler.WriteToken(SecurityToken token)
   at BookingSystem.Services.Implementations.AuthService.GenerateAccessToken(String userId, String identifier, UserRole role)
   at BookingSystem.Services.Implementations.AuthService.BuildAuthResponseAsync(Guid userId, String identifier, UserRole role, CancellationToken ct)
   at BookingSystem.Services.Implementations.AuthService.AdminLoginAsync(AdminLoginRequest request, CancellationToken ct)
   at BookingSystem.Controllers.AuthController.AdminLogin(AdminLoginRequest request, CancellationToken ct)
   at Microsoft.AspNetCore.Mvc.Infrastructure.ActionMethodExecutor.TaskOfIActionResultExecutor.Execute(ActionContext actionContext, IActionResultTypeMapper mapper, ObjectMethodExecutor executor, Object controller, Object[] arguments)
   at Microsoft.AspNetCore.Mvc.Infrastructure.ControllerActionInvoker.<InvokeActionMethodAsync>g__Logged|12_1(ControllerActionInvoker invoker)
   at Microsoft.AspNetCore.Mvc.Infrastructure.ControllerActionInvoker.<InvokeNextActionFilterAsync>g__Awaited|10_0(ControllerActionInvoker invoker, Task lastTask, State next, Scope scope, Object state, Boolean isCompleted)
   at Microsoft.AspNetCore.Mvc.Infrastructure.ControllerActionInvoker.Rethrow(ActionExecutedContextSealed context)
   at Microsoft.AspNetCore.Mvc.Infrastructure.ControllerActionInvoker.Next(State& next, Scope& scope, Object& state, Boolean& isCompleted)
   at Microsoft.AspNetCore.Mvc.Infrastructure.ControllerActionInvoker.<InvokeInnerFilterAsync>g__Awaited|13_0(ControllerActionInvoker invoker, Task lastTask, State next, Scope scope, Object state, Boolean isCompleted)
   at Microsoft.AspNetCore.Mvc.Infrastructure.ResourceInvoker.<InvokeFilterPipelineAsync>g__Awaited|20_0(ResourceInvoker invoker, Task lastTask, State next, Scope scope, Object state, Boolean isCompleted)
   at Microsoft.AspNetCore.Mvc.Infrastructure.ResourceInvoker.<InvokeAsync>g__Logged|17_1(ResourceInvoker invoker)
   at Microsoft.AspNetCore.Mvc.Infrastructure.ResourceInvoker.<InvokeAsync>g__Logged|17_1(ResourceInvoker invoker)
   at Microsoft.AspNetCore.Authorization.AuthorizationMiddleware.Invoke(HttpContext context)
   at Microsoft.AspNetCore.Authentication.AuthenticationMiddleware.Invoke(HttpContext context)
   at Swashbuckle.AspNetCore.SwaggerUI.SwaggerUIMiddleware.Invoke(HttpContext httpContext)
   at Swashbuckle.AspNetCore.Swagger.SwaggerMiddleware.Invoke(HttpContext httpContext, ISwaggerProvider swaggerProvider)
   at Microsoft.AspNetCore.RateLimiting.RateLimitingMiddleware.InvokeInternal(HttpContext context, EnableRateLimitingAttribute enableRateLimitingAttribute)
   at Serilog.AspNetCore.RequestLoggingMiddleware.Invoke(HttpContext httpContext)
2026-06-04 06:24:58 [ERR] Unhandled exception: IDX10720: Unable to create KeyedHashAlgorithm for algorithm 'HS256', the key size must be greater than: '256' bits, key has '160' bits. (Parameter 'keyBytes')
System.ArgumentOutOfRangeException: IDX10720: Unable to create KeyedHashAlgorithm for algorithm 'HS256', the key size must be greater than: '256' bits, key has '160' bits. (Parameter 'keyBytes')
   at Microsoft.IdentityModel.Tokens.CryptoProviderFactory.ValidateKeySize(Byte[] keyBytes, String algorithm, Int32 expectedNumberOfBytes)
   at Microsoft.IdentityModel.Tokens.CryptoProviderFactory.CreateKeyedHashAlgorithm(Byte[] keyBytes, String algorithm)
   at Microsoft.IdentityModel.Tokens.SymmetricSignatureProvider.CreateKeyedHashAlgorithm()
   at Microsoft.IdentityModel.Tokens.DisposableObjectPool`1.Allocate()
   at Microsoft.IdentityModel.Tokens.SymmetricSignatureProvider.Sign(Byte[] input)
   at Microsoft.IdentityModel.JsonWebTokens.JwtTokenUtilities.CreateEncodedSignature(String input, SigningCredentials signingCredentials)
   at System.IdentityModel.Tokens.Jwt.JwtSecurityTokenHandler.WriteToken(SecurityToken token)
   at BookingSystem.Services.Implementations.AuthService.GenerateAccessToken(String userId, String identifier, UserRole role)
   at BookingSystem.Services.Implementations.AuthService.BuildAuthResponseAsync(Guid userId, String identifier, UserRole role, CancellationToken ct)
   at BookingSystem.Services.Implementations.AuthService.AdminLoginAsync(AdminLoginRequest request, CancellationToken ct)
   at BookingSystem.Controllers.AuthController.AdminLogin(AdminLoginRequest request, CancellationToken ct)
   at Microsoft.AspNetCore.Mvc.Infrastructure.ActionMethodExecutor.TaskOfIActionResultExecutor.Execute(ActionContext actionContext, IActionResultTypeMapper mapper, ObjectMethodExecutor executor, Object controller, Object[] arguments)
   at Microsoft.AspNetCore.Mvc.Infrastructure.ControllerActionInvoker.<InvokeActionMethodAsync>g__Logged|12_1(ControllerActionInvoker invoker)
   at Microsoft.AspNetCore.Mvc.Infrastructure.ControllerActionInvoker.<InvokeNextActionFilterAsync>g__Awaited|10_0(ControllerActionInvoker invoker, Task lastTask, State next, Scope scope, Object state, Boolean isCompleted)
   at Microsoft.AspNetCore.Mvc.Infrastructure.ControllerActionInvoker.Rethrow(ActionExecutedContextSealed context)
   at Microsoft.AspNetCore.Mvc.Infrastructure.ControllerActionInvoker.Next(State& next, Scope& scope, Object& state, Boolean& isCompleted)
   at Microsoft.AspNetCore.Mvc.Infrastructure.ControllerActionInvoker.<InvokeInnerFilterAsync>g__Awaited|13_0(ControllerActionInvoker invoker, Task lastTask, State next, Scope scope, Object state, Boolean isCompleted)
   at Microsoft.AspNetCore.Mvc.Infrastructure.ResourceInvoker.<InvokeFilterPipelineAsync>g__Awaited|20_0(ResourceInvoker invoker, Task lastTask, State next, Scope scope, Object state, Boolean isCompleted)
   at Microsoft.AspNetCore.Mvc.Infrastructure.ResourceInvoker.<InvokeAsync>g__Logged|17_1(ResourceInvoker invoker)
   at Microsoft.AspNetCore.Mvc.Infrastructure.ResourceInvoker.<InvokeAsync>g__Logged|17_1(ResourceInvoker invoker)
   at Microsoft.AspNetCore.Authorization.AuthorizationMiddleware.Invoke(HttpContext context)
   at Microsoft.AspNetCore.Authentication.AuthenticationMiddleware.Invoke(HttpContext context)
   at Swashbuckle.AspNetCore.SwaggerUI.SwaggerUIMiddleware.Invoke(HttpContext httpContext)
   at Swashbuckle.AspNetCore.Swagger.SwaggerMiddleware.Invoke(HttpContext httpContext, ISwaggerProvider swaggerProvider)
   at Microsoft.AspNetCore.RateLimiting.RateLimitingMiddleware.InvokeInternal(HttpContext context, EnableRateLimitingAttribute enableRateLimitingAttribute)
   at Serilog.AspNetCore.RequestLoggingMiddleware.Invoke(HttpContext httpContext)
   at BookingSystem.Middleware.ErrorHandlerMiddleware.InvokeAsync(HttpContext context)
2026-06-04 06:32:18 [INF] HTTP POST /api/auth/admin/login responded 200 in 177.1999 ms
2026-06-04 06:32:23 [INF] HTTP GET /api/admin/appointments responded 401 in 1.4630 ms
2026-06-04 06:32:23 [INF] HTTP GET /api/admin/doctors responded 401 in 1.5004 ms
2026-06-04 06:32:23 [INF] HTTP GET /api/doctor/appointments responded 401 in 1.8499 ms
2026-06-04 06:32:23 [INF] HTTP POST /api/auth/refresh responded 200 in 39.9783 ms
2026-06-04 06:32:23 [INF] HTTP GET /api/doctor/appointments responded 401 in 0.2981 ms
2026-06-04 06:32:23 [INF] HTTP GET /api/admin/appointments responded 401 in 0.1548 ms
2026-06-04 06:32:23 [INF] HTTP GET /api/admin/doctors responded 401 in 0.2153 ms
2026-06-04 06:32:24 [INF] HTTP POST /api/auth/refresh responded 200 in 22.1070 ms
2026-06-04 06:32:24 [INF] HTTP GET /api/doctor/appointments responded 401 in 0.2643 ms
2026-06-04 06:32:24 [INF] HTTP GET /api/admin/appointments responded 401 in 0.1100 ms
2026-06-04 06:32:24 [INF] HTTP GET /api/admin/doctors responded 401 in 0.1909 ms
2026-06-04 06:32:24 [INF] HTTP POST /api/auth/refresh responded 200 in 12.1603 ms
2026-06-04 06:32:24 [INF] HTTP GET /api/admin/appointments responded 401 in 0.2961 ms
2026-06-04 06:32:24 [INF] HTTP GET /api/admin/doctors responded 401 in 0.2533 ms
2026-06-04 06:32:24 [INF] HTTP GET /api/doctor/appointments responded 401 in 0.4248 ms
2026-06-04 06:32:24 [INF] HTTP POST /api/auth/refresh responded 200 in 21.4087 ms
2026-06-04 06:32:24 [INF] HTTP GET /api/doctor/appointments responded 401 in 0.3457 ms
2026-06-04 06:32:24 [INF] HTTP GET /api/admin/appointments responded 401 in 0.2719 ms
2026-06-04 06:32:24 [INF] HTTP GET /api/admin/doctors responded 401 in 0.1546 ms
2026-06-04 06:32:24 [INF] HTTP POST /api/auth/refresh responded 429 in 2.0565 ms
2026-06-04 06:32:44 [INF] HTTP POST /api/auth/admin/login responded 429 in 0.5450 ms
2026-06-04 06:33:04 [INF] HTTP POST /api/auth/admin/login responded 200 in 147.3246 ms
2026-06-04 06:33:04 [INF] HTTP GET /api/doctor/appointments responded 401 in 0.3025 ms
2026-06-04 06:33:04 [INF] HTTP GET /api/admin/appointments responded 401 in 0.1290 ms
2026-06-04 06:33:04 [INF] HTTP GET /api/admin/doctors responded 401 in 0.1424 ms
2026-06-04 06:33:04 [INF] HTTP POST /api/auth/refresh responded 200 in 9.5076 ms
2026-06-04 06:33:05 [INF] HTTP GET /api/doctor/appointments responded 401 in 0.3051 ms
2026-06-04 06:33:05 [INF] HTTP GET /api/admin/appointments responded 401 in 0.1088 ms
2026-06-04 06:33:05 [INF] HTTP GET /api/admin/doctors responded 401 in 0.2340 ms
2026-06-04 06:33:05 [INF] HTTP POST /api/auth/refresh responded 200 in 20.7017 ms
2026-06-04 06:33:05 [INF] HTTP GET /api/doctor/appointments responded 401 in 0.2980 ms
2026-06-04 06:33:05 [INF] HTTP GET /api/admin/appointments responded 401 in 0.2153 ms
2026-06-04 06:33:05 [INF] HTTP GET /api/admin/doctors responded 401 in 0.1839 ms
2026-06-04 06:33:05 [INF] HTTP POST /api/auth/refresh responded 200 in 18.1135 ms
2026-06-04 06:33:05 [INF] HTTP GET /api/doctor/appointments responded 401 in 0.2585 ms
2026-06-04 06:33:05 [INF] HTTP GET /api/admin/appointments responded 401 in 0.2148 ms
2026-06-04 06:33:05 [INF] HTTP GET /api/admin/doctors responded 401 in 0.1715 ms
2026-06-04 06:33:05 [INF] HTTP POST /api/auth/refresh responded 200 in 15.2855 ms
2026-06-04 06:33:05 [INF] HTTP GET /api/doctor/appointments responded 401 in 0.2963 ms
2026-06-04 06:33:05 [INF] HTTP GET /api/admin/appointments responded 401 in 0.1184 ms
2026-06-04 06:33:05 [INF] HTTP GET /api/admin/doctors responded 401 in 0.2265 ms
2026-06-04 06:33:05 [INF] HTTP POST /api/auth/refresh responded 429 in 0.0616 ms
2026-06-04 06:37:12 [INF] HTTP POST /api/auth/patient/login responded 200 in 157.8557 ms
2026-06-04 06:37:12 [INF] HTTP GET /api/notifications responded 401 in 0.9906 ms
2026-06-04 06:37:12 [INF] HTTP GET /api/patient/appointments responded 401 in 0.2911 ms
2026-06-04 06:37:12 [INF] HTTP GET /api/patient/profile responded 401 in 0.1908 ms
2026-06-04 06:37:12 [INF] HTTP POST /api/auth/refresh responded 200 in 13.4553 ms
2026-06-04 06:37:12 [INF] HTTP GET /api/notifications responded 401 in 0.3859 ms
2026-06-04 06:37:12 [INF] HTTP GET /api/patient/profile responded 401 in 0.2318 ms
2026-06-04 06:37:12 [INF] HTTP GET /api/patient/appointments responded 401 in 0.4491 ms
2026-06-04 06:37:12 [INF] HTTP POST /api/auth/refresh responded 200 in 18.7163 ms
2026-06-04 06:37:12 [INF] HTTP GET /api/notifications responded 401 in 0.3027 ms
2026-06-04 06:37:12 [INF] HTTP GET /api/patient/appointments responded 401 in 0.1400 ms
2026-06-04 06:37:12 [INF] HTTP GET /api/patient/profile responded 401 in 0.1684 ms
2026-06-04 06:37:12 [INF] HTTP POST /api/auth/refresh responded 200 in 17.9111 ms
2026-06-04 06:37:12 [INF] HTTP GET /api/notifications responded 401 in 0.2215 ms
2026-06-04 06:37:12 [INF] HTTP GET /api/patient/appointments responded 401 in 0.1138 ms
2026-06-04 06:37:12 [INF] HTTP GET /api/patient/profile responded 401 in 0.1170 ms
2026-06-04 06:37:13 [INF] HTTP POST /api/auth/refresh responded 200 in 22.9103 ms
2026-06-04 06:37:13 [INF] HTTP GET /api/notifications responded 401 in 0.3762 ms
2026-06-04 06:37:13 [INF] HTTP GET /api/patient/appointments responded 401 in 0.1167 ms
2026-06-04 06:37:13 [INF] HTTP GET /api/patient/profile responded 401 in 0.1035 ms
2026-06-04 06:37:13 [INF] HTTP POST /api/auth/refresh responded 429 in 0.0893 ms
2026-06-04 06:37:36 [INF] HTTP POST /api/auth/patient/login responded 429 in 0.3774 ms
2026-06-04 06:37:48 [INF] HTTP POST /api/auth/patient/login responded 200 in 144.4879 ms
2026-06-04 06:37:48 [INF] HTTP GET /api/notifications responded 401 in 0.1713 ms
2026-06-04 06:37:48 [INF] HTTP GET /api/patient/appointments responded 401 in 0.1795 ms
2026-06-04 06:37:48 [INF] HTTP GET /api/patient/profile responded 401 in 0.2521 ms
2026-06-04 06:37:48 [INF] HTTP POST /api/auth/refresh responded 200 in 10.4225 ms
2026-06-04 06:37:49 [INF] HTTP GET /api/notifications responded 401 in 0.2551 ms
2026-06-04 06:37:49 [INF] HTTP GET /api/patient/appointments responded 401 in 0.1587 ms
2026-06-04 06:37:49 [INF] HTTP GET /api/patient/profile responded 401 in 0.3228 ms
2026-06-04 06:37:49 [INF] HTTP POST /api/auth/refresh responded 200 in 17.1215 ms
2026-06-04 06:37:49 [INF] HTTP GET /api/notifications responded 401 in 0.2600 ms
2026-06-04 06:37:49 [INF] HTTP GET /api/patient/appointments responded 401 in 0.1458 ms
2026-06-04 06:37:49 [INF] HTTP GET /api/patient/profile responded 401 in 0.1232 ms
2026-06-04 06:37:49 [INF] HTTP POST /api/auth/refresh responded 200 in 24.3282 ms
2026-06-04 06:37:50 [INF] HTTP GET /api/notifications responded 401 in 0.4113 ms
2026-06-04 06:37:50 [INF] HTTP GET /api/patient/appointments responded 401 in 0.1644 ms
2026-06-04 06:37:50 [INF] HTTP GET /api/patient/profile responded 401 in 0.1018 ms
2026-06-04 06:37:50 [INF] HTTP POST /api/auth/refresh responded 200 in 12.4900 ms
2026-06-04 06:37:50 [INF] HTTP GET /api/notifications responded 401 in 0.2418 ms
2026-06-04 06:37:50 [INF] HTTP GET /api/patient/appointments responded 401 in 0.0947 ms
2026-06-04 06:37:50 [INF] HTTP GET /api/patient/profile responded 401 in 0.1820 ms
2026-06-04 06:37:50 [INF] HTTP POST /api/auth/refresh responded 429 in 0.0715 ms
2026-06-04 06:46:23 [ERR] HTTP POST /api/auth/patient/login responded 500 in 152.3707 ms
System.UnauthorizedAccessException: Invalid password.
   at BookingSystem.Services.Implementations.AuthService.PatientLoginAsync(DefaultLoginRequest request, CancellationToken ct)
   at BookingSystem.Controllers.AuthController.PatientLogin(DefaultLoginRequest request, CancellationToken ct)
   at Microsoft.AspNetCore.Mvc.Infrastructure.ActionMethodExecutor.TaskOfIActionResultExecutor.Execute(ActionContext actionContext, IActionResultTypeMapper mapper, ObjectMethodExecutor executor, Object controller, Object[] arguments)
   at Microsoft.AspNetCore.Mvc.Infrastructure.ControllerActionInvoker.<InvokeActionMethodAsync>g__Logged|12_1(ControllerActionInvoker invoker)
   at Microsoft.AspNetCore.Mvc.Infrastructure.ControllerActionInvoker.<InvokeNextActionFilterAsync>g__Awaited|10_0(ControllerActionInvoker invoker, Task lastTask, State next, Scope scope, Object state, Boolean isCompleted)
   at Microsoft.AspNetCore.Mvc.Infrastructure.ControllerActionInvoker.Rethrow(ActionExecutedContextSealed context)
   at Microsoft.AspNetCore.Mvc.Infrastructure.ControllerActionInvoker.Next(State& next, Scope& scope, Object& state, Boolean& isCompleted)
   at Microsoft.AspNetCore.Mvc.Infrastructure.ControllerActionInvoker.<InvokeInnerFilterAsync>g__Awaited|13_0(ControllerActionInvoker invoker, Task lastTask, State next, Scope scope, Object state, Boolean isCompleted)
   at Microsoft.AspNetCore.Mvc.Infrastructure.ResourceInvoker.<InvokeFilterPipelineAsync>g__Awaited|20_0(ResourceInvoker invoker, Task lastTask, State next, Scope scope, Object state, Boolean isCompleted)
   at Microsoft.AspNetCore.Mvc.Infrastructure.ResourceInvoker.<InvokeAsync>g__Logged|17_1(ResourceInvoker invoker)
   at Microsoft.AspNetCore.Mvc.Infrastructure.ResourceInvoker.<InvokeAsync>g__Logged|17_1(ResourceInvoker invoker)
   at Microsoft.AspNetCore.Authorization.AuthorizationMiddleware.Invoke(HttpContext context)
   at Microsoft.AspNetCore.Authentication.AuthenticationMiddleware.Invoke(HttpContext context)
   at Swashbuckle.AspNetCore.SwaggerUI.SwaggerUIMiddleware.Invoke(HttpContext httpContext)
   at Swashbuckle.AspNetCore.Swagger.SwaggerMiddleware.Invoke(HttpContext httpContext, ISwaggerProvider swaggerProvider)
   at Microsoft.AspNetCore.RateLimiting.RateLimitingMiddleware.InvokeInternal(HttpContext context, EnableRateLimitingAttribute enableRateLimitingAttribute)
   at Serilog.AspNetCore.RequestLoggingMiddleware.Invoke(HttpContext httpContext)
2026-06-04 06:46:23 [ERR] Unhandled exception: Invalid password.
System.UnauthorizedAccessException: Invalid password.
   at BookingSystem.Services.Implementations.AuthService.PatientLoginAsync(DefaultLoginRequest request, CancellationToken ct)
   at BookingSystem.Controllers.AuthController.PatientLogin(DefaultLoginRequest request, CancellationToken ct)
   at Microsoft.AspNetCore.Mvc.Infrastructure.ActionMethodExecutor.TaskOfIActionResultExecutor.Execute(ActionContext actionContext, IActionResultTypeMapper mapper, ObjectMethodExecutor executor, Object controller, Object[] arguments)
   at Microsoft.AspNetCore.Mvc.Infrastructure.ControllerActionInvoker.<InvokeActionMethodAsync>g__Logged|12_1(ControllerActionInvoker invoker)
   at Microsoft.AspNetCore.Mvc.Infrastructure.ControllerActionInvoker.<InvokeNextActionFilterAsync>g__Awaited|10_0(ControllerActionInvoker invoker, Task lastTask, State next, Scope scope, Object state, Boolean isCompleted)
   at Microsoft.AspNetCore.Mvc.Infrastructure.ControllerActionInvoker.Rethrow(ActionExecutedContextSealed context)
   at Microsoft.AspNetCore.Mvc.Infrastructure.ControllerActionInvoker.Next(State& next, Scope& scope, Object& state, Boolean& isCompleted)
   at Microsoft.AspNetCore.Mvc.Infrastructure.ControllerActionInvoker.<InvokeInnerFilterAsync>g__Awaited|13_0(ControllerActionInvoker invoker, Task lastTask, State next, Scope scope, Object state, Boolean isCompleted)
   at Microsoft.AspNetCore.Mvc.Infrastructure.ResourceInvoker.<InvokeFilterPipelineAsync>g__Awaited|20_0(ResourceInvoker invoker, Task lastTask, State next, Scope scope, Object state, Boolean isCompleted)
   at Microsoft.AspNetCore.Mvc.Infrastructure.ResourceInvoker.<InvokeAsync>g__Logged|17_1(ResourceInvoker invoker)
   at Microsoft.AspNetCore.Mvc.Infrastructure.ResourceInvoker.<InvokeAsync>g__Logged|17_1(ResourceInvoker invoker)
   at Microsoft.AspNetCore.Authorization.AuthorizationMiddleware.Invoke(HttpContext context)
   at Microsoft.AspNetCore.Authentication.AuthenticationMiddleware.Invoke(HttpContext context)
   at Swashbuckle.AspNetCore.SwaggerUI.SwaggerUIMiddleware.Invoke(HttpContext httpContext)
   at Swashbuckle.AspNetCore.Swagger.SwaggerMiddleware.Invoke(HttpContext httpContext, ISwaggerProvider swaggerProvider)
   at Microsoft.AspNetCore.RateLimiting.RateLimitingMiddleware.InvokeInternal(HttpContext context, EnableRateLimitingAttribute enableRateLimitingAttribute)
   at Serilog.AspNetCore.RequestLoggingMiddleware.Invoke(HttpContext httpContext)
   at BookingSystem.Middleware.ErrorHandlerMiddleware.InvokeAsync(HttpContext context)
2026-06-04 06:46:25 [INF] HTTP POST /api/auth/patient/login responded 200 in 137.8634 ms
2026-06-04 06:46:26 [INF] HTTP GET /api/notifications responded 401 in 0.5754 ms
2026-06-04 06:46:26 [INF] HTTP GET /api/patient/appointments responded 401 in 0.2140 ms
2026-06-04 06:46:26 [INF] HTTP GET /api/patient/profile responded 401 in 0.1513 ms
2026-06-04 06:46:26 [INF] HTTP POST /api/auth/refresh responded 200 in 16.4992 ms
2026-06-04 06:46:27 [INF] HTTP GET /api/notifications responded 401 in 0.4322 ms
2026-06-04 06:46:27 [INF] HTTP GET /api/patient/appointments responded 401 in 0.1425 ms
2026-06-04 06:46:27 [INF] HTTP GET /api/patient/profile responded 401 in 0.1778 ms
2026-06-04 06:46:27 [INF] HTTP POST /api/auth/refresh responded 200 in 22.0537 ms
2026-06-04 06:46:27 [INF] HTTP GET /api/notifications responded 401 in 0.2232 ms
2026-06-04 06:46:27 [INF] HTTP GET /api/patient/appointments responded 401 in 0.2248 ms
2026-06-04 06:46:27 [INF] HTTP GET /api/patient/profile responded 401 in 0.1486 ms
2026-06-04 06:46:27 [INF] HTTP POST /api/auth/refresh responded 200 in 18.3693 ms
2026-06-04 06:46:27 [INF] HTTP GET /api/notifications responded 401 in 0.2215 ms
2026-06-04 06:46:27 [INF] HTTP GET /api/patient/appointments responded 401 in 0.1067 ms
2026-06-04 06:46:27 [INF] HTTP GET /api/patient/profile responded 401 in 0.1673 ms
2026-06-04 06:46:27 [INF] HTTP POST /api/auth/refresh responded 200 in 20.1715 ms
2026-06-04 06:46:27 [INF] HTTP GET /api/notifications responded 401 in 0.2436 ms
2026-06-04 06:46:27 [INF] HTTP GET /api/patient/appointments responded 401 in 0.1212 ms
2026-06-04 06:46:27 [INF] HTTP GET /api/patient/profile responded 429 in 0.0935 ms
2026-06-04 06:46:27 [INF] HTTP POST /api/auth/refresh responded 429 in 0.0299 ms
2026-06-04 06:46:27 [INF] HTTP GET /api/patient/profile responded 429 in 0.0190 ms
2026-06-04 06:46:36 [INF] HTTP POST /api/auth/admin/login responded 429 in 0.0486 ms
2026-06-04 06:47:29 [ERR] HTTP POST /api/auth/admin/login responded 500 in 131.2341 ms
System.UnauthorizedAccessException: Invalid password.
   at BookingSystem.Services.Implementations.AuthService.AdminLoginAsync(AdminLoginRequest request, CancellationToken ct)
   at BookingSystem.Controllers.AuthController.AdminLogin(AdminLoginRequest request, CancellationToken ct)
   at Microsoft.AspNetCore.Mvc.Infrastructure.ActionMethodExecutor.TaskOfIActionResultExecutor.Execute(ActionContext actionContext, IActionResultTypeMapper mapper, ObjectMethodExecutor executor, Object controller, Object[] arguments)
   at Microsoft.AspNetCore.Mvc.Infrastructure.ControllerActionInvoker.<InvokeActionMethodAsync>g__Logged|12_1(ControllerActionInvoker invoker)
   at Microsoft.AspNetCore.Mvc.Infrastructure.ControllerActionInvoker.<InvokeNextActionFilterAsync>g__Awaited|10_0(ControllerActionInvoker invoker, Task lastTask, State next, Scope scope, Object state, Boolean isCompleted)
   at Microsoft.AspNetCore.Mvc.Infrastructure.ControllerActionInvoker.Rethrow(ActionExecutedContextSealed context)
   at Microsoft.AspNetCore.Mvc.Infrastructure.ControllerActionInvoker.Next(State& next, Scope& scope, Object& state, Boolean& isCompleted)
   at Microsoft.AspNetCore.Mvc.Infrastructure.ControllerActionInvoker.<InvokeInnerFilterAsync>g__Awaited|13_0(ControllerActionInvoker invoker, Task lastTask, State next, Scope scope, Object state, Boolean isCompleted)
   at Microsoft.AspNetCore.Mvc.Infrastructure.ResourceInvoker.<InvokeFilterPipelineAsync>g__Awaited|20_0(ResourceInvoker invoker, Task lastTask, State next, Scope scope, Object state, Boolean isCompleted)
   at Microsoft.AspNetCore.Mvc.Infrastructure.ResourceInvoker.<InvokeAsync>g__Logged|17_1(ResourceInvoker invoker)
   at Microsoft.AspNetCore.Mvc.Infrastructure.ResourceInvoker.<InvokeAsync>g__Logged|17_1(ResourceInvoker invoker)
   at Microsoft.AspNetCore.Authorization.AuthorizationMiddleware.Invoke(HttpContext context)
   at Microsoft.AspNetCore.Authentication.AuthenticationMiddleware.Invoke(HttpContext context)
   at Swashbuckle.AspNetCore.SwaggerUI.SwaggerUIMiddleware.Invoke(HttpContext httpContext)
   at Swashbuckle.AspNetCore.Swagger.SwaggerMiddleware.Invoke(HttpContext httpContext, ISwaggerProvider swaggerProvider)
   at Microsoft.AspNetCore.RateLimiting.RateLimitingMiddleware.InvokeInternal(HttpContext context, EnableRateLimitingAttribute enableRateLimitingAttribute)
   at Serilog.AspNetCore.RequestLoggingMiddleware.Invoke(HttpContext httpContext)
2026-06-04 06:47:29 [ERR] Unhandled exception: Invalid password.
System.UnauthorizedAccessException: Invalid password.
   at BookingSystem.Services.Implementations.AuthService.AdminLoginAsync(AdminLoginRequest request, CancellationToken ct)
   at BookingSystem.Controllers.AuthController.AdminLogin(AdminLoginRequest request, CancellationToken ct)
   at Microsoft.AspNetCore.Mvc.Infrastructure.ActionMethodExecutor.TaskOfIActionResultExecutor.Execute(ActionContext actionContext, IActionResultTypeMapper mapper, ObjectMethodExecutor executor, Object controller, Object[] arguments)
   at Microsoft.AspNetCore.Mvc.Infrastructure.ControllerActionInvoker.<InvokeActionMethodAsync>g__Logged|12_1(ControllerActionInvoker invoker)
   at Microsoft.AspNetCore.Mvc.Infrastructure.ControllerActionInvoker.<InvokeNextActionFilterAsync>g__Awaited|10_0(ControllerActionInvoker invoker, Task lastTask, State next, Scope scope, Object state, Boolean isCompleted)
   at Microsoft.AspNetCore.Mvc.Infrastructure.ControllerActionInvoker.Rethrow(ActionExecutedContextSealed context)
   at Microsoft.AspNetCore.Mvc.Infrastructure.ControllerActionInvoker.Next(State& next, Scope& scope, Object& state, Boolean& isCompleted)
   at Microsoft.AspNetCore.Mvc.Infrastructure.ControllerActionInvoker.<InvokeInnerFilterAsync>g__Awaited|13_0(ControllerActionInvoker invoker, Task lastTask, State next, Scope scope, Object state, Boolean isCompleted)
   at Microsoft.AspNetCore.Mvc.Infrastructure.ResourceInvoker.<InvokeFilterPipelineAsync>g__Awaited|20_0(ResourceInvoker invoker, Task lastTask, State next, Scope scope, Object state, Boolean isCompleted)
   at Microsoft.AspNetCore.Mvc.Infrastructure.ResourceInvoker.<InvokeAsync>g__Logged|17_1(ResourceInvoker invoker)
   at Microsoft.AspNetCore.Mvc.Infrastructure.ResourceInvoker.<InvokeAsync>g__Logged|17_1(ResourceInvoker invoker)
   at Microsoft.AspNetCore.Authorization.AuthorizationMiddleware.Invoke(HttpContext context)
   at Microsoft.AspNetCore.Authentication.AuthenticationMiddleware.Invoke(HttpContext context)
   at Swashbuckle.AspNetCore.SwaggerUI.SwaggerUIMiddleware.Invoke(HttpContext httpContext)
   at Swashbuckle.AspNetCore.Swagger.SwaggerMiddleware.Invoke(HttpContext httpContext, ISwaggerProvider swaggerProvider)
   at Microsoft.AspNetCore.RateLimiting.RateLimitingMiddleware.InvokeInternal(HttpContext context, EnableRateLimitingAttribute enableRateLimitingAttribute)
   at Serilog.AspNetCore.RequestLoggingMiddleware.Invoke(HttpContext httpContext)
   at BookingSystem.Middleware.ErrorHandlerMiddleware.InvokeAsync(HttpContext context)
2026-06-04 06:47:47 [INF] HTTP GET /api/admin/doctors responded 401 in 0.2323 ms
2026-06-04 06:47:47 [INF] HTTP GET /api/admin/appointments responded 401 in 0.2447 ms
2026-06-04 06:47:47 [ERR] HTTP POST /api/auth/refresh responded 500 in 5.5912 ms
System.UnauthorizedAccessException: Invalid refresh token.
   at BookingSystem.Services.Implementations.AuthService.RefreshAsync(String refreshToken, CancellationToken ct)
   at BookingSystem.Controllers.AuthController.Refresh(RefreshTokenRequest request, CancellationToken ct)
   at Microsoft.AspNetCore.Mvc.Infrastructure.ActionMethodExecutor.TaskOfIActionResultExecutor.Execute(ActionContext actionContext, IActionResultTypeMapper mapper, ObjectMethodExecutor executor, Object controller, Object[] arguments)
   at Microsoft.AspNetCore.Mvc.Infrastructure.ControllerActionInvoker.<InvokeActionMethodAsync>g__Logged|12_1(ControllerActionInvoker invoker)
   at Microsoft.AspNetCore.Mvc.Infrastructure.ControllerActionInvoker.<InvokeNextActionFilterAsync>g__Awaited|10_0(ControllerActionInvoker invoker, Task lastTask, State next, Scope scope, Object state, Boolean isCompleted)
   at Microsoft.AspNetCore.Mvc.Infrastructure.ControllerActionInvoker.Rethrow(ActionExecutedContextSealed context)
   at Microsoft.AspNetCore.Mvc.Infrastructure.ControllerActionInvoker.Next(State& next, Scope& scope, Object& state, Boolean& isCompleted)
   at Microsoft.AspNetCore.Mvc.Infrastructure.ControllerActionInvoker.<InvokeInnerFilterAsync>g__Awaited|13_0(ControllerActionInvoker invoker, Task lastTask, State next, Scope scope, Object state, Boolean isCompleted)
   at Microsoft.AspNetCore.Mvc.Infrastructure.ResourceInvoker.<InvokeFilterPipelineAsync>g__Awaited|20_0(ResourceInvoker invoker, Task lastTask, State next, Scope scope, Object state, Boolean isCompleted)
   at Microsoft.AspNetCore.Mvc.Infrastructure.ResourceInvoker.<InvokeAsync>g__Logged|17_1(ResourceInvoker invoker)
   at Microsoft.AspNetCore.Mvc.Infrastructure.ResourceInvoker.<InvokeAsync>g__Logged|17_1(ResourceInvoker invoker)
   at Microsoft.AspNetCore.Authorization.AuthorizationMiddleware.Invoke(HttpContext context)
   at Microsoft.AspNetCore.Authentication.AuthenticationMiddleware.Invoke(HttpContext context)
   at Swashbuckle.AspNetCore.SwaggerUI.SwaggerUIMiddleware.Invoke(HttpContext httpContext)
   at Swashbuckle.AspNetCore.Swagger.SwaggerMiddleware.Invoke(HttpContext httpContext, ISwaggerProvider swaggerProvider)
   at Microsoft.AspNetCore.RateLimiting.RateLimitingMiddleware.InvokeInternal(HttpContext context, EnableRateLimitingAttribute enableRateLimitingAttribute)
   at Serilog.AspNetCore.RequestLoggingMiddleware.Invoke(HttpContext httpContext)
2026-06-04 06:47:47 [ERR] Unhandled exception: Invalid refresh token.
System.UnauthorizedAccessException: Invalid refresh token.
   at BookingSystem.Services.Implementations.AuthService.RefreshAsync(String refreshToken, CancellationToken ct)
   at BookingSystem.Controllers.AuthController.Refresh(RefreshTokenRequest request, CancellationToken ct)
   at Microsoft.AspNetCore.Mvc.Infrastructure.ActionMethodExecutor.TaskOfIActionResultExecutor.Execute(ActionContext actionContext, IActionResultTypeMapper mapper, ObjectMethodExecutor executor, Object controller, Object[] arguments)
   at Microsoft.AspNetCore.Mvc.Infrastructure.ControllerActionInvoker.<InvokeActionMethodAsync>g__Logged|12_1(ControllerActionInvoker invoker)
   at Microsoft.AspNetCore.Mvc.Infrastructure.ControllerActionInvoker.<InvokeNextActionFilterAsync>g__Awaited|10_0(ControllerActionInvoker invoker, Task lastTask, State next, Scope scope, Object state, Boolean isCompleted)
   at Microsoft.AspNetCore.Mvc.Infrastructure.ControllerActionInvoker.Rethrow(ActionExecutedContextSealed context)
   at Microsoft.AspNetCore.Mvc.Infrastructure.ControllerActionInvoker.Next(State& next, Scope& scope, Object& state, Boolean& isCompleted)
   at Microsoft.AspNetCore.Mvc.Infrastructure.ControllerActionInvoker.<InvokeInnerFilterAsync>g__Awaited|13_0(ControllerActionInvoker invoker, Task lastTask, State next, Scope scope, Object state, Boolean isCompleted)
   at Microsoft.AspNetCore.Mvc.Infrastructure.ResourceInvoker.<InvokeFilterPipelineAsync>g__Awaited|20_0(ResourceInvoker invoker, Task lastTask, State next, Scope scope, Object state, Boolean isCompleted)
   at Microsoft.AspNetCore.Mvc.Infrastructure.ResourceInvoker.<InvokeAsync>g__Logged|17_1(ResourceInvoker invoker)
   at Microsoft.AspNetCore.Mvc.Infrastructure.ResourceInvoker.<InvokeAsync>g__Logged|17_1(ResourceInvoker invoker)
   at Microsoft.AspNetCore.Authorization.AuthorizationMiddleware.Invoke(HttpContext context)
   at Microsoft.AspNetCore.Authentication.AuthenticationMiddleware.Invoke(HttpContext context)
   at Swashbuckle.AspNetCore.SwaggerUI.SwaggerUIMiddleware.Invoke(HttpContext httpContext)
   at Swashbuckle.AspNetCore.Swagger.SwaggerMiddleware.Invoke(HttpContext httpContext, ISwaggerProvider swaggerProvider)
   at Microsoft.AspNetCore.RateLimiting.RateLimitingMiddleware.InvokeInternal(HttpContext context, EnableRateLimitingAttribute enableRateLimitingAttribute)
   at Serilog.AspNetCore.RequestLoggingMiddleware.Invoke(HttpContext httpContext)
   at BookingSystem.Middleware.ErrorHandlerMiddleware.InvokeAsync(HttpContext context)
2026-06-04 06:52:06 [INF] HTTP POST /api/auth/patient/login responded 200 in 186.8378 ms
2026-06-04 06:52:07 [INF] HTTP GET /api/notifications responded 401 in 0.8394 ms
2026-06-04 06:52:07 [INF] HTTP GET /api/patient/appointments responded 401 in 0.1634 ms
2026-06-04 06:52:07 [INF] HTTP GET /api/patient/profile responded 401 in 0.1595 ms
2026-06-04 06:52:07 [INF] HTTP POST /api/auth/refresh responded 200 in 11.6538 ms
2026-06-04 06:52:07 [INF] HTTP GET /api/notifications responded 401 in 0.6803 ms
2026-06-04 06:52:07 [INF] HTTP GET /api/patient/appointments responded 401 in 1.1853 ms
2026-06-04 06:52:07 [INF] HTTP GET /api/patient/profile responded 401 in 0.1540 ms
2026-06-04 06:52:07 [INF] HTTP POST /api/auth/refresh responded 200 in 19.7155 ms
2026-06-04 06:52:08 [INF] HTTP GET /api/notifications responded 401 in 0.4474 ms
2026-06-04 06:52:08 [INF] HTTP GET /api/patient/appointments responded 401 in 0.7808 ms
2026-06-04 06:52:08 [INF] HTTP GET /api/patient/profile responded 401 in 1.6594 ms
2026-06-04 06:52:08 [INF] HTTP POST /api/auth/refresh responded 200 in 17.1455 ms
2026-06-04 06:52:08 [INF] HTTP GET /api/notifications responded 401 in 0.7640 ms
2026-06-04 06:52:08 [INF] HTTP GET /api/patient/appointments responded 401 in 0.3505 ms
2026-06-04 06:52:08 [INF] HTTP GET /api/patient/profile responded 401 in 0.2894 ms
2026-06-04 06:52:08 [INF] HTTP POST /api/auth/refresh responded 200 in 15.1940 ms
2026-06-04 06:52:08 [INF] HTTP GET /api/notifications responded 401 in 0.2475 ms
2026-06-04 06:52:08 [INF] HTTP GET /api/patient/appointments responded 401 in 0.2367 ms
2026-06-04 06:52:08 [INF] HTTP GET /api/patient/profile responded 401 in 0.1519 ms
2026-06-04 06:52:08 [INF] HTTP POST /api/auth/refresh responded 429 in 0.1089 ms
2026-06-04 07:07:49 [INF] Application is shutting down...
2026-06-04 07:07:51 [INF] Now listening on: http://localhost:5000
2026-06-04 07:07:51 [INF] Application started. Press Ctrl+C to shut down.
2026-06-04 07:07:51 [INF] Hosting environment: Development
2026-06-04 07:07:51 [INF] Content root path: /Users/brian/RiderProjects/BookingSystem/BookingSystem
2026-06-04 07:08:52 [ERR] An error occurred using the connection to database '_' on server 'localhost,_'.
2026-06-04 07:08:52 [ERR] An exception occurred while iterating over the results of a query for context type 'BookingSystem.Data.BookingContext'.
Microsoft.Data.SqlClient.SqlException (0x80131904): A network-related or instance-specific error occurred while establishing a connection to SQL Server. The server was not found or was not accessible. Verify that the instance name is correct and that SQL Server is configured to allow remote connections. (provider: TCP Provider, error: 25 - Connection string is not valid)
   at Microsoft.Data.SqlClient.SqlInternalConnection.OnError(SqlException exception, Boolean breakConnection, Action`1 wrapCloseInAction)
   at Microsoft.Data.SqlClient.TdsParser.ThrowExceptionAndWarning(TdsParserStateObject stateObj, Boolean callerHasConnectionLock, Boolean asyncClose)
   at Microsoft.Data.SqlClient.TdsParser.Connect(ServerInfo serverInfo, SqlInternalConnectionTds connHandler, Boolean ignoreSniOpenTimeout, Int64 timerExpire, SqlConnectionString connectionOptions, Boolean withFailover)
   at Microsoft.Data.SqlClient.SqlInternalConnectionTds.AttemptOneLogin(ServerInfo serverInfo, String newPassword, SecureString newSecurePassword, Boolean ignoreSniOpenTimeout, TimeoutTimer timeout, Boolean withFailover)
   at Microsoft.Data.SqlClient.SqlInternalConnectionTds.LoginNoFailover(ServerInfo serverInfo, String newPassword, SecureString newSecurePassword, Boolean redirectedUserInstance, SqlConnectionString connectionOptions, SqlCredential credential, TimeoutTimer timeout)
   at Microsoft.Data.SqlClient.SqlInternalConnectionTds.OpenLoginEnlist(TimeoutTimer timeout, SqlConnectionString connectionOptions, SqlCredential credential, String newPassword, SecureString newSecurePassword, Boolean redirectedUserInstance)
   at Microsoft.Data.SqlClient.SqlInternalConnectionTds..ctor(DbConnectionPoolIdentity identity, SqlConnectionString connectionOptions, SqlCredential credential, Object providerInfo, String newPassword, SecureString newSecurePassword, Boolean redirectedUserInstance, SqlConnectionString userConnectionOptions, SessionData reconnectSessionData, Boolean applyTransientFaultHandling, String accessToken, DbConnectionPool pool)
   at Microsoft.Data.SqlClient.SqlConnectionFactory.CreateConnection(DbConnectionOptions options, DbConnectionPoolKey poolKey, Object poolGroupProviderInfo, DbConnectionPool pool, DbConnection owningConnection, DbConnectionOptions userOptions)
   at Microsoft.Data.ProviderBase.DbConnectionFactory.CreatePooledConnection(DbConnectionPool pool, DbConnection owningObject, DbConnectionOptions options, DbConnectionPoolKey poolKey, DbConnectionOptions userOptions)
   at Microsoft.Data.ProviderBase.DbConnectionPool.CreateObject(DbConnection owningObject, DbConnectionOptions userOptions, DbConnectionInternal oldConnection)
   at Microsoft.Data.ProviderBase.DbConnectionPool.UserCreateRequest(DbConnection owningObject, DbConnectionOptions userOptions, DbConnectionInternal oldConnection)
   at Microsoft.Data.ProviderBase.DbConnectionPool.TryGetConnection(DbConnection owningObject, UInt32 waitForMultipleObjectsTimeout, Boolean allowCreate, Boolean onlyOneCheckConnection, DbConnectionOptions userOptions, DbConnectionInternal& connection)
   at Microsoft.Data.ProviderBase.DbConnectionPool.WaitForPendingOpen()
--- End of stack trace from previous location ---
   at Microsoft.EntityFrameworkCore.Storage.RelationalConnection.OpenInternalAsync(Boolean errorsExpected, CancellationToken cancellationToken)
   at Microsoft.EntityFrameworkCore.Storage.RelationalConnection.OpenInternalAsync(Boolean errorsExpected, CancellationToken cancellationToken)
   at Microsoft.EntityFrameworkCore.Storage.RelationalConnection.OpenAsync(CancellationToken cancellationToken, Boolean errorsExpected)
   at Microsoft.EntityFrameworkCore.Storage.RelationalCommand.ExecuteReaderAsync(RelationalCommandParameterObject parameterObject, CancellationToken cancellationToken)
   at Microsoft.EntityFrameworkCore.Query.Internal.SingleQueryingEnumerable`1.AsyncEnumerator.InitializeReaderAsync(AsyncEnumerator enumerator, CancellationToken cancellationToken)
   at Microsoft.EntityFrameworkCore.Storage.ExecutionStrategy.<>c__DisplayClass30_0`2.<<ExecuteAsync>b__0>d.MoveNext()
--- End of stack trace from previous location ---
   at Microsoft.EntityFrameworkCore.Storage.ExecutionStrategy.ExecuteImplementationAsync[TState,TResult](Func`4 operation, Func`4 verifySucceeded, TState state, CancellationToken cancellationToken)
   at Microsoft.EntityFrameworkCore.Storage.ExecutionStrategy.ExecuteImplementationAsync[TState,TResult](Func`4 operation, Func`4 verifySucceeded, TState state, CancellationToken cancellationToken)
   at Microsoft.EntityFrameworkCore.Storage.ExecutionStrategy.ExecuteAsync[TState,TResult](TState state, Func`4 operation, Func`4 verifySucceeded, CancellationToken cancellationToken)
   at Microsoft.EntityFrameworkCore.Query.Internal.SingleQueryingEnumerable`1.AsyncEnumerator.MoveNextAsync()
ClientConnectionId:00000000-0000-0000-0000-000000000000
Microsoft.Data.SqlClient.SqlException (0x80131904): A network-related or instance-specific error occurred while establishing a connection to SQL Server. The server was not found or was not accessible. Verify that the instance name is correct and that SQL Server is configured to allow remote connections. (provider: TCP Provider, error: 25 - Connection string is not valid)
   at Microsoft.Data.SqlClient.SqlInternalConnection.OnError(SqlException exception, Boolean breakConnection, Action`1 wrapCloseInAction)
   at Microsoft.Data.SqlClient.TdsParser.ThrowExceptionAndWarning(TdsParserStateObject stateObj, Boolean callerHasConnectionLock, Boolean asyncClose)
   at Microsoft.Data.SqlClient.TdsParser.Connect(ServerInfo serverInfo, SqlInternalConnectionTds connHandler, Boolean ignoreSniOpenTimeout, Int64 timerExpire, SqlConnectionString connectionOptions, Boolean withFailover)
   at Microsoft.Data.SqlClient.SqlInternalConnectionTds.AttemptOneLogin(ServerInfo serverInfo, String newPassword, SecureString newSecurePassword, Boolean ignoreSniOpenTimeout, TimeoutTimer timeout, Boolean withFailover)
   at Microsoft.Data.SqlClient.SqlInternalConnectionTds.LoginNoFailover(ServerInfo serverInfo, String newPassword, SecureString newSecurePassword, Boolean redirectedUserInstance, SqlConnectionString connectionOptions, SqlCredential credential, TimeoutTimer timeout)
   at Microsoft.Data.SqlClient.SqlInternalConnectionTds.OpenLoginEnlist(TimeoutTimer timeout, SqlConnectionString connectionOptions, SqlCredential credential, String newPassword, SecureString newSecurePassword, Boolean redirectedUserInstance)
   at Microsoft.Data.SqlClient.SqlInternalConnectionTds..ctor(DbConnectionPoolIdentity identity, SqlConnectionString connectionOptions, SqlCredential credential, Object providerInfo, String newPassword, SecureString newSecurePassword, Boolean redirectedUserInstance, SqlConnectionString userConnectionOptions, SessionData reconnectSessionData, Boolean applyTransientFaultHandling, String accessToken, DbConnectionPool pool)
   at Microsoft.Data.SqlClient.SqlConnectionFactory.CreateConnection(DbConnectionOptions options, DbConnectionPoolKey poolKey, Object poolGroupProviderInfo, DbConnectionPool pool, DbConnection owningConnection, DbConnectionOptions userOptions)
   at Microsoft.Data.ProviderBase.DbConnectionFactory.CreatePooledConnection(DbConnectionPool pool, DbConnection owningObject, DbConnectionOptions options, DbConnectionPoolKey poolKey, DbConnectionOptions userOptions)
   at Microsoft.Data.ProviderBase.DbConnectionPool.CreateObject(DbConnection owningObject, DbConnectionOptions userOptions, DbConnectionInternal oldConnection)
   at Microsoft.Data.ProviderBase.DbConnectionPool.UserCreateRequest(DbConnection owningObject, DbConnectionOptions userOptions, DbConnectionInternal oldConnection)
   at Microsoft.Data.ProviderBase.DbConnectionPool.TryGetConnection(DbConnection owningObject, UInt32 waitForMultipleObjectsTimeout, Boolean allowCreate, Boolean onlyOneCheckConnection, DbConnectionOptions userOptions, DbConnectionInternal& connection)
   at Microsoft.Data.ProviderBase.DbConnectionPool.WaitForPendingOpen()
--- End of stack trace from previous location ---
   at Microsoft.EntityFrameworkCore.Storage.RelationalConnection.OpenInternalAsync(Boolean errorsExpected, CancellationToken cancellationToken)
   at Microsoft.EntityFrameworkCore.Storage.RelationalConnection.OpenInternalAsync(Boolean errorsExpected, CancellationToken cancellationToken)
   at Microsoft.EntityFrameworkCore.Storage.RelationalConnection.OpenAsync(CancellationToken cancellationToken, Boolean errorsExpected)
   at Microsoft.EntityFrameworkCore.Storage.RelationalCommand.ExecuteReaderAsync(RelationalCommandParameterObject parameterObject, CancellationToken cancellationToken)
   at Microsoft.EntityFrameworkCore.Query.Internal.SingleQueryingEnumerable`1.AsyncEnumerator.InitializeReaderAsync(AsyncEnumerator enumerator, CancellationToken cancellationToken)
   at Microsoft.EntityFrameworkCore.Storage.ExecutionStrategy.<>c__DisplayClass30_0`2.<<ExecuteAsync>b__0>d.MoveNext()
--- End of stack trace from previous location ---
   at Microsoft.EntityFrameworkCore.Storage.ExecutionStrategy.ExecuteImplementationAsync[TState,TResult](Func`4 operation, Func`4 verifySucceeded, TState state, CancellationToken cancellationToken)
   at Microsoft.EntityFrameworkCore.Storage.ExecutionStrategy.ExecuteImplementationAsync[TState,TResult](Func`4 operation, Func`4 verifySucceeded, TState state, CancellationToken cancellationToken)
   at Microsoft.EntityFrameworkCore.Storage.ExecutionStrategy.ExecuteAsync[TState,TResult](TState state, Func`4 operation, Func`4 verifySucceeded, CancellationToken cancellationToken)
   at Microsoft.EntityFrameworkCore.Query.Internal.SingleQueryingEnumerable`1.AsyncEnumerator.MoveNextAsync()
ClientConnectionId:00000000-0000-0000-0000-000000000000
2026-06-04 07:08:52 [ERR] HTTP POST /api/auth/patient/login responded 500 in 15364.6974 ms
Microsoft.Data.SqlClient.SqlException (0x80131904): A network-related or instance-specific error occurred while establishing a connection to SQL Server. The server was not found or was not accessible. Verify that the instance name is correct and that SQL Server is configured to allow remote connections. (provider: TCP Provider, error: 25 - Connection string is not valid)
   at Microsoft.Data.SqlClient.SqlInternalConnection.OnError(SqlException exception, Boolean breakConnection, Action`1 wrapCloseInAction)
   at Microsoft.Data.SqlClient.TdsParser.ThrowExceptionAndWarning(TdsParserStateObject stateObj, Boolean callerHasConnectionLock, Boolean asyncClose)
   at Microsoft.Data.SqlClient.TdsParser.Connect(ServerInfo serverInfo, SqlInternalConnectionTds connHandler, Boolean ignoreSniOpenTimeout, Int64 timerExpire, SqlConnectionString connectionOptions, Boolean withFailover)
   at Microsoft.Data.SqlClient.SqlInternalConnectionTds.AttemptOneLogin(ServerInfo serverInfo, String newPassword, SecureString newSecurePassword, Boolean ignoreSniOpenTimeout, TimeoutTimer timeout, Boolean withFailover)
   at Microsoft.Data.SqlClient.SqlInternalConnectionTds.LoginNoFailover(ServerInfo serverInfo, String newPassword, SecureString newSecurePassword, Boolean redirectedUserInstance, SqlConnectionString connectionOptions, SqlCredential credential, TimeoutTimer timeout)
   at Microsoft.Data.SqlClient.SqlInternalConnectionTds.OpenLoginEnlist(TimeoutTimer timeout, SqlConnectionString connectionOptions, SqlCredential credential, String newPassword, SecureString newSecurePassword, Boolean redirectedUserInstance)
   at Microsoft.Data.SqlClient.SqlInternalConnectionTds..ctor(DbConnectionPoolIdentity identity, SqlConnectionString connectionOptions, SqlCredential credential, Object providerInfo, String newPassword, SecureString newSecurePassword, Boolean redirectedUserInstance, SqlConnectionString userConnectionOptions, SessionData reconnectSessionData, Boolean applyTransientFaultHandling, String accessToken, DbConnectionPool pool)
   at Microsoft.Data.SqlClient.SqlConnectionFactory.CreateConnection(DbConnectionOptions options, DbConnectionPoolKey poolKey, Object poolGroupProviderInfo, DbConnectionPool pool, DbConnection owningConnection, DbConnectionOptions userOptions)
   at Microsoft.Data.ProviderBase.DbConnectionFactory.CreatePooledConnection(DbConnectionPool pool, DbConnection owningObject, DbConnectionOptions options, DbConnectionPoolKey poolKey, DbConnectionOptions userOptions)
   at Microsoft.Data.ProviderBase.DbConnectionPool.CreateObject(DbConnection owningObject, DbConnectionOptions userOptions, DbConnectionInternal oldConnection)
   at Microsoft.Data.ProviderBase.DbConnectionPool.UserCreateRequest(DbConnection owningObject, DbConnectionOptions userOptions, DbConnectionInternal oldConnection)
   at Microsoft.Data.ProviderBase.DbConnectionPool.TryGetConnection(DbConnection owningObject, UInt32 waitForMultipleObjectsTimeout, Boolean allowCreate, Boolean onlyOneCheckConnection, DbConnectionOptions userOptions, DbConnectionInternal& connection)
   at Microsoft.Data.ProviderBase.DbConnectionPool.WaitForPendingOpen()
--- End of stack trace from previous location ---
   at Microsoft.EntityFrameworkCore.Storage.RelationalConnection.OpenInternalAsync(Boolean errorsExpected, CancellationToken cancellationToken)
   at Microsoft.EntityFrameworkCore.Storage.RelationalConnection.OpenInternalAsync(Boolean errorsExpected, CancellationToken cancellationToken)
   at Microsoft.EntityFrameworkCore.Storage.RelationalConnection.OpenAsync(CancellationToken cancellationToken, Boolean errorsExpected)
   at Microsoft.EntityFrameworkCore.Storage.RelationalCommand.ExecuteReaderAsync(RelationalCommandParameterObject parameterObject, CancellationToken cancellationToken)
   at Microsoft.EntityFrameworkCore.Query.Internal.SingleQueryingEnumerable`1.AsyncEnumerator.InitializeReaderAsync(AsyncEnumerator enumerator, CancellationToken cancellationToken)
   at Microsoft.EntityFrameworkCore.Storage.ExecutionStrategy.<>c__DisplayClass30_0`2.<<ExecuteAsync>b__0>d.MoveNext()
--- End of stack trace from previous location ---
   at Microsoft.EntityFrameworkCore.Storage.ExecutionStrategy.ExecuteImplementationAsync[TState,TResult](Func`4 operation, Func`4 verifySucceeded, TState state, CancellationToken cancellationToken)
   at Microsoft.EntityFrameworkCore.Storage.ExecutionStrategy.ExecuteImplementationAsync[TState,TResult](Func`4 operation, Func`4 verifySucceeded, TState state, CancellationToken cancellationToken)
   at Microsoft.EntityFrameworkCore.Storage.ExecutionStrategy.ExecuteAsync[TState,TResult](TState state, Func`4 operation, Func`4 verifySucceeded, CancellationToken cancellationToken)
   at Microsoft.EntityFrameworkCore.Query.Internal.SingleQueryingEnumerable`1.AsyncEnumerator.MoveNextAsync()
   at Microsoft.EntityFrameworkCore.Query.ShapedQueryCompilingExpressionVisitor.SingleOrDefaultAsync[TSource](IAsyncEnumerable`1 asyncEnumerable, CancellationToken cancellationToken)
   at Microsoft.EntityFrameworkCore.Query.ShapedQueryCompilingExpressionVisitor.SingleOrDefaultAsync[TSource](IAsyncEnumerable`1 asyncEnumerable, CancellationToken cancellationToken)
   at BookingSystem.Repositories.Implementations.PatientRepository.GetByEmailAsync(String email, CancellationToken ct) in /Users/brian/RiderProjects/BookingSystem/BookingSystem/Repositories/Implementations/PatientRepository.cs:line 13
   at BookingSystem.Services.Implementations.AuthService.PatientLoginAsync(DefaultLoginRequest request, CancellationToken ct) in /Users/brian/RiderProjects/BookingSystem/BookingSystem/Services/Implementations/AuthService.cs:line 26
   at BookingSystem.Controllers.AuthController.PatientLogin(DefaultLoginRequest request, CancellationToken ct) in /Users/brian/RiderProjects/BookingSystem/BookingSystem/Controllers/AuthController.cs:line 20
   at Microsoft.AspNetCore.Mvc.Infrastructure.ActionMethodExecutor.TaskOfIActionResultExecutor.Execute(ActionContext actionContext, IActionResultTypeMapper mapper, ObjectMethodExecutor executor, Object controller, Object[] arguments)
   at Microsoft.AspNetCore.Mvc.Infrastructure.ControllerActionInvoker.<InvokeActionMethodAsync>g__Logged|12_1(ControllerActionInvoker invoker)
   at Microsoft.AspNetCore.Mvc.Infrastructure.ControllerActionInvoker.<InvokeNextActionFilterAsync>g__Awaited|10_0(ControllerActionInvoker invoker, Task lastTask, State next, Scope scope, Object state, Boolean isCompleted)
   at Microsoft.AspNetCore.Mvc.Infrastructure.ControllerActionInvoker.Rethrow(ActionExecutedContextSealed context)
   at Microsoft.AspNetCore.Mvc.Infrastructure.ControllerActionInvoker.Next(State& next, Scope& scope, Object& state, Boolean& isCompleted)
   at Microsoft.AspNetCore.Mvc.Infrastructure.ControllerActionInvoker.<InvokeInnerFilterAsync>g__Awaited|13_0(ControllerActionInvoker invoker, Task lastTask, State next, Scope scope, Object state, Boolean isCompleted)
   at Microsoft.AspNetCore.Mvc.Infrastructure.ResourceInvoker.<InvokeFilterPipelineAsync>g__Awaited|20_0(ResourceInvoker invoker, Task lastTask, State next, Scope scope, Object state, Boolean isCompleted)
   at Microsoft.AspNetCore.Mvc.Infrastructure.ResourceInvoker.<InvokeAsync>g__Logged|17_1(ResourceInvoker invoker)
   at Microsoft.AspNetCore.Mvc.Infrastructure.ResourceInvoker.<InvokeAsync>g__Logged|17_1(ResourceInvoker invoker)
   at Microsoft.AspNetCore.Authorization.AuthorizationMiddleware.Invoke(HttpContext context)
   at Microsoft.AspNetCore.Authentication.AuthenticationMiddleware.Invoke(HttpContext context)
   at Swashbuckle.AspNetCore.SwaggerUI.SwaggerUIMiddleware.Invoke(HttpContext httpContext)
   at Swashbuckle.AspNetCore.Swagger.SwaggerMiddleware.Invoke(HttpContext httpContext, ISwaggerProvider swaggerProvider)
   at Microsoft.AspNetCore.RateLimiting.RateLimitingMiddleware.InvokeInternal(HttpContext context, EnableRateLimitingAttribute enableRateLimitingAttribute)
   at Serilog.AspNetCore.RequestLoggingMiddleware.Invoke(HttpContext httpContext)
ClientConnectionId:00000000-0000-0000-0000-000000000000
2026-06-04 07:08:52 [ERR] Unhandled exception: A network-related or instance-specific error occurred while establishing a connection to SQL Server. The server was not found or was not accessible. Verify that the instance name is correct and that SQL Server is configured to allow remote connections. (provider: TCP Provider, error: 25 - Connection string is not valid)
Microsoft.Data.SqlClient.SqlException (0x80131904): A network-related or instance-specific error occurred while establishing a connection to SQL Server. The server was not found or was not accessible. Verify that the instance name is correct and that SQL Server is configured to allow remote connections. (provider: TCP Provider, error: 25 - Connection string is not valid)
   at Microsoft.Data.SqlClient.SqlInternalConnection.OnError(SqlException exception, Boolean breakConnection, Action`1 wrapCloseInAction)
   at Microsoft.Data.SqlClient.TdsParser.ThrowExceptionAndWarning(TdsParserStateObject stateObj, Boolean callerHasConnectionLock, Boolean asyncClose)
   at Microsoft.Data.SqlClient.TdsParser.Connect(ServerInfo serverInfo, SqlInternalConnectionTds connHandler, Boolean ignoreSniOpenTimeout, Int64 timerExpire, SqlConnectionString connectionOptions, Boolean withFailover)
   at Microsoft.Data.SqlClient.SqlInternalConnectionTds.AttemptOneLogin(ServerInfo serverInfo, String newPassword, SecureString newSecurePassword, Boolean ignoreSniOpenTimeout, TimeoutTimer timeout, Boolean withFailover)
   at Microsoft.Data.SqlClient.SqlInternalConnectionTds.LoginNoFailover(ServerInfo serverInfo, String newPassword, SecureString newSecurePassword, Boolean redirectedUserInstance, SqlConnectionString connectionOptions, SqlCredential credential, TimeoutTimer timeout)
   at Microsoft.Data.SqlClient.SqlInternalConnectionTds.OpenLoginEnlist(TimeoutTimer timeout, SqlConnectionString connectionOptions, SqlCredential credential, String newPassword, SecureString newSecurePassword, Boolean redirectedUserInstance)
   at Microsoft.Data.SqlClient.SqlInternalConnectionTds..ctor(DbConnectionPoolIdentity identity, SqlConnectionString connectionOptions, SqlCredential credential, Object providerInfo, String newPassword, SecureString newSecurePassword, Boolean redirectedUserInstance, SqlConnectionString userConnectionOptions, SessionData reconnectSessionData, Boolean applyTransientFaultHandling, String accessToken, DbConnectionPool pool)
   at Microsoft.Data.SqlClient.SqlConnectionFactory.CreateConnection(DbConnectionOptions options, DbConnectionPoolKey poolKey, Object poolGroupProviderInfo, DbConnectionPool pool, DbConnection owningConnection, DbConnectionOptions userOptions)
   at Microsoft.Data.ProviderBase.DbConnectionFactory.CreatePooledConnection(DbConnectionPool pool, DbConnection owningObject, DbConnectionOptions options, DbConnectionPoolKey poolKey, DbConnectionOptions userOptions)
   at Microsoft.Data.ProviderBase.DbConnectionPool.CreateObject(DbConnection owningObject, DbConnectionOptions userOptions, DbConnectionInternal oldConnection)
   at Microsoft.Data.ProviderBase.DbConnectionPool.UserCreateRequest(DbConnection owningObject, DbConnectionOptions userOptions, DbConnectionInternal oldConnection)
   at Microsoft.Data.ProviderBase.DbConnectionPool.TryGetConnection(DbConnection owningObject, UInt32 waitForMultipleObjectsTimeout, Boolean allowCreate, Boolean onlyOneCheckConnection, DbConnectionOptions userOptions, DbConnectionInternal& connection)
   at Microsoft.Data.ProviderBase.DbConnectionPool.WaitForPendingOpen()
--- End of stack trace from previous location ---
   at Microsoft.EntityFrameworkCore.Storage.RelationalConnection.OpenInternalAsync(Boolean errorsExpected, CancellationToken cancellationToken)
   at Microsoft.EntityFrameworkCore.Storage.RelationalConnection.OpenInternalAsync(Boolean errorsExpected, CancellationToken cancellationToken)
   at Microsoft.EntityFrameworkCore.Storage.RelationalConnection.OpenAsync(CancellationToken cancellationToken, Boolean errorsExpected)
   at Microsoft.EntityFrameworkCore.Storage.RelationalCommand.ExecuteReaderAsync(RelationalCommandParameterObject parameterObject, CancellationToken cancellationToken)
   at Microsoft.EntityFrameworkCore.Query.Internal.SingleQueryingEnumerable`1.AsyncEnumerator.InitializeReaderAsync(AsyncEnumerator enumerator, CancellationToken cancellationToken)
   at Microsoft.EntityFrameworkCore.Storage.ExecutionStrategy.<>c__DisplayClass30_0`2.<<ExecuteAsync>b__0>d.MoveNext()
--- End of stack trace from previous location ---
   at Microsoft.EntityFrameworkCore.Storage.ExecutionStrategy.ExecuteImplementationAsync[TState,TResult](Func`4 operation, Func`4 verifySucceeded, TState state, CancellationToken cancellationToken)
   at Microsoft.EntityFrameworkCore.Storage.ExecutionStrategy.ExecuteImplementationAsync[TState,TResult](Func`4 operation, Func`4 verifySucceeded, TState state, CancellationToken cancellationToken)
   at Microsoft.EntityFrameworkCore.Storage.ExecutionStrategy.ExecuteAsync[TState,TResult](TState state, Func`4 operation, Func`4 verifySucceeded, CancellationToken cancellationToken)
   at Microsoft.EntityFrameworkCore.Query.Internal.SingleQueryingEnumerable`1.AsyncEnumerator.MoveNextAsync()
   at Microsoft.EntityFrameworkCore.Query.ShapedQueryCompilingExpressionVisitor.SingleOrDefaultAsync[TSource](IAsyncEnumerable`1 asyncEnumerable, CancellationToken cancellationToken)
   at Microsoft.EntityFrameworkCore.Query.ShapedQueryCompilingExpressionVisitor.SingleOrDefaultAsync[TSource](IAsyncEnumerable`1 asyncEnumerable, CancellationToken cancellationToken)
   at BookingSystem.Repositories.Implementations.PatientRepository.GetByEmailAsync(String email, CancellationToken ct) in /Users/brian/RiderProjects/BookingSystem/BookingSystem/Repositories/Implementations/PatientRepository.cs:line 13
   at BookingSystem.Services.Implementations.AuthService.PatientLoginAsync(DefaultLoginRequest request, CancellationToken ct) in /Users/brian/RiderProjects/BookingSystem/BookingSystem/Services/Implementations/AuthService.cs:line 26
   at BookingSystem.Controllers.AuthController.PatientLogin(DefaultLoginRequest request, CancellationToken ct) in /Users/brian/RiderProjects/BookingSystem/BookingSystem/Controllers/AuthController.cs:line 20
   at Microsoft.AspNetCore.Mvc.Infrastructure.ActionMethodExecutor.TaskOfIActionResultExecutor.Execute(ActionContext actionContext, IActionResultTypeMapper mapper, ObjectMethodExecutor executor, Object controller, Object[] arguments)
   at Microsoft.AspNetCore.Mvc.Infrastructure.ControllerActionInvoker.<InvokeActionMethodAsync>g__Logged|12_1(ControllerActionInvoker invoker)
   at Microsoft.AspNetCore.Mvc.Infrastructure.ControllerActionInvoker.<InvokeNextActionFilterAsync>g__Awaited|10_0(ControllerActionInvoker invoker, Task lastTask, State next, Scope scope, Object state, Boolean isCompleted)
   at Microsoft.AspNetCore.Mvc.Infrastructure.ControllerActionInvoker.Rethrow(ActionExecutedContextSealed context)
   at Microsoft.AspNetCore.Mvc.Infrastructure.ControllerActionInvoker.Next(State& next, Scope& scope, Object& state, Boolean& isCompleted)
   at Microsoft.AspNetCore.Mvc.Infrastructure.ControllerActionInvoker.<InvokeInnerFilterAsync>g__Awaited|13_0(ControllerActionInvoker invoker, Task lastTask, State next, Scope scope, Object state, Boolean isCompleted)
   at Microsoft.AspNetCore.Mvc.Infrastructure.ResourceInvoker.<InvokeFilterPipelineAsync>g__Awaited|20_0(ResourceInvoker invoker, Task lastTask, State next, Scope scope, Object state, Boolean isCompleted)
   at Microsoft.AspNetCore.Mvc.Infrastructure.ResourceInvoker.<InvokeAsync>g__Logged|17_1(ResourceInvoker invoker)
   at Microsoft.AspNetCore.Mvc.Infrastructure.ResourceInvoker.<InvokeAsync>g__Logged|17_1(ResourceInvoker invoker)
   at Microsoft.AspNetCore.Authorization.AuthorizationMiddleware.Invoke(HttpContext context)
   at Microsoft.AspNetCore.Authentication.AuthenticationMiddleware.Invoke(HttpContext context)
   at Swashbuckle.AspNetCore.SwaggerUI.SwaggerUIMiddleware.Invoke(HttpContext httpContext)
   at Swashbuckle.AspNetCore.Swagger.SwaggerMiddleware.Invoke(HttpContext httpContext, ISwaggerProvider swaggerProvider)
   at Microsoft.AspNetCore.RateLimiting.RateLimitingMiddleware.InvokeInternal(HttpContext context, EnableRateLimitingAttribute enableRateLimitingAttribute)
   at Serilog.AspNetCore.RequestLoggingMiddleware.Invoke(HttpContext httpContext)
   at BookingSystem.Middleware.ErrorHandlerMiddleware.InvokeAsync(HttpContext context) in /Users/brian/RiderProjects/BookingSystem/BookingSystem/Middleware/ErrorHandlerMiddleware.cs:line 20
ClientConnectionId:00000000-0000-0000-0000-000000000000
2026-06-04 07:09:43 [INF] Application is shutting down...
2026-06-04 07:09:44 [INF] Now listening on: http://localhost:5000
2026-06-04 07:09:44 [INF] Application started. Press Ctrl+C to shut down.
2026-06-04 07:09:44 [INF] Hosting environment: Development
2026-06-04 07:09:44 [INF] Content root path: /Users/brian/RiderProjects/BookingSystem/BookingSystem
2026-06-04 07:09:51 [INF] Application is shutting down...
2026-06-04 07:09:53 [INF] Now listening on: http://localhost:5000
2026-06-04 07:09:53 [INF] Application started. Press Ctrl+C to shut down.
2026-06-04 07:09:53 [INF] Hosting environment: Development
2026-06-04 07:09:53 [INF] Content root path: /Users/brian/RiderProjects/BookingSystem/BookingSystem
2026-06-04 07:10:09 [ERR] An error occurred using the connection to database 'BookDb' on server 'localhost,1433'.
2026-06-04 07:10:09 [ERR] An error occurred using the connection to database 'BookDb' on server 'localhost,1433'.
2026-06-04 07:10:10 [ERR] An error occurred using the connection to database 'BookDb' on server 'localhost,1433'.
2026-06-04 07:10:13 [ERR] An error occurred using the connection to database 'BookDb' on server 'localhost,1433'.
2026-06-04 07:10:21 [ERR] An error occurred using the connection to database 'BookDb' on server 'localhost,1433'.
2026-06-04 07:10:31 [ERR] An error occurred using the connection to database 'BookDb' on server 'localhost,1433'.
2026-06-04 07:10:31 [ERR] An exception occurred while iterating over the results of a query for context type 'BookingSystem.Data.BookingContext'.
Microsoft.EntityFrameworkCore.Storage.RetryLimitExceededException: The maximum number of retries (5) was exceeded while executing database operations with 'SqlServerRetryingExecutionStrategy'. See the inner exception for the most recent failure.
 ---> Microsoft.Data.SqlClient.SqlException (0x80131904): Cannot open database "BookDb" requested by the login. The login failed.
Login failed for user 'sa'.
   at Microsoft.Data.SqlClient.SqlInternalConnection.OnError(SqlException exception, Boolean breakConnection, Action`1 wrapCloseInAction)
   at Microsoft.Data.SqlClient.TdsParser.ThrowExceptionAndWarning(TdsParserStateObject stateObj, Boolean callerHasConnectionLock, Boolean asyncClose)
   at Microsoft.Data.SqlClient.TdsParser.TryRun(RunBehavior runBehavior, SqlCommand cmdHandler, SqlDataReader dataStream, BulkCopySimpleResultSet bulkCopyHandler, TdsParserStateObject stateObj, Boolean& dataReady)
   at Microsoft.Data.SqlClient.TdsParser.Run(RunBehavior runBehavior, SqlCommand cmdHandler, SqlDataReader dataStream, BulkCopySimpleResultSet bulkCopyHandler, TdsParserStateObject stateObj)
   at Microsoft.Data.SqlClient.SqlInternalConnectionTds.CompleteLogin(Boolean enlistOK)
   at Microsoft.Data.SqlClient.SqlInternalConnectionTds.AttemptOneLogin(ServerInfo serverInfo, String newPassword, SecureString newSecurePassword, Boolean ignoreSniOpenTimeout, TimeoutTimer timeout, Boolean withFailover)
   at Microsoft.Data.SqlClient.SqlInternalConnectionTds.LoginNoFailover(ServerInfo serverInfo, String newPassword, SecureString newSecurePassword, Boolean redirectedUserInstance, SqlConnectionString connectionOptions, SqlCredential credential, TimeoutTimer timeout)
   at Microsoft.Data.SqlClient.SqlInternalConnectionTds.OpenLoginEnlist(TimeoutTimer timeout, SqlConnectionString connectionOptions, SqlCredential credential, String newPassword, SecureString newSecurePassword, Boolean redirectedUserInstance)
   at Microsoft.Data.SqlClient.SqlInternalConnectionTds..ctor(DbConnectionPoolIdentity identity, SqlConnectionString connectionOptions, SqlCredential credential, Object providerInfo, String newPassword, SecureString newSecurePassword, Boolean redirectedUserInstance, SqlConnectionString userConnectionOptions, SessionData reconnectSessionData, Boolean applyTransientFaultHandling, String accessToken, DbConnectionPool pool)
   at Microsoft.Data.SqlClient.SqlConnectionFactory.CreateConnection(DbConnectionOptions options, DbConnectionPoolKey poolKey, Object poolGroupProviderInfo, DbConnectionPool pool, DbConnection owningConnection, DbConnectionOptions userOptions)
   at Microsoft.Data.ProviderBase.DbConnectionFactory.CreatePooledConnection(DbConnectionPool pool, DbConnection owningObject, DbConnectionOptions options, DbConnectionPoolKey poolKey, DbConnectionOptions userOptions)
   at Microsoft.Data.ProviderBase.DbConnectionPool.CreateObject(DbConnection owningObject, DbConnectionOptions userOptions, DbConnectionInternal oldConnection)
   at Microsoft.Data.ProviderBase.DbConnectionPool.UserCreateRequest(DbConnection owningObject, DbConnectionOptions userOptions, DbConnectionInternal oldConnection)
   at Microsoft.Data.ProviderBase.DbConnectionPool.TryGetConnection(DbConnection owningObject, UInt32 waitForMultipleObjectsTimeout, Boolean allowCreate, Boolean onlyOneCheckConnection, DbConnectionOptions userOptions, DbConnectionInternal& connection)
   at Microsoft.Data.ProviderBase.DbConnectionPool.WaitForPendingOpen()
--- End of stack trace from previous location ---
   at Microsoft.EntityFrameworkCore.Storage.RelationalConnection.OpenInternalAsync(Boolean errorsExpected, CancellationToken cancellationToken)
   at Microsoft.EntityFrameworkCore.Storage.RelationalConnection.OpenInternalAsync(Boolean errorsExpected, CancellationToken cancellationToken)
   at Microsoft.EntityFrameworkCore.Storage.RelationalConnection.OpenAsync(CancellationToken cancellationToken, Boolean errorsExpected)
   at Microsoft.EntityFrameworkCore.Storage.RelationalCommand.ExecuteReaderAsync(RelationalCommandParameterObject parameterObject, CancellationToken cancellationToken)
   at Microsoft.EntityFrameworkCore.Query.Internal.SingleQueryingEnumerable`1.AsyncEnumerator.InitializeReaderAsync(AsyncEnumerator enumerator, CancellationToken cancellationToken)
   at Microsoft.EntityFrameworkCore.Storage.ExecutionStrategy.<>c__DisplayClass30_0`2.<<ExecuteAsync>b__0>d.MoveNext()
--- End of stack trace from previous location ---
   at Microsoft.EntityFrameworkCore.Storage.ExecutionStrategy.ExecuteImplementationAsync[TState,TResult](Func`4 operation, Func`4 verifySucceeded, TState state, CancellationToken cancellationToken)
ClientConnectionId:9554beb9-f7cf-4858-8960-d00ddd9f1e48
Error Number:4060,State:1,Class:11
   --- End of inner exception stack trace ---
   at Microsoft.EntityFrameworkCore.Storage.ExecutionStrategy.ExecuteImplementationAsync[TState,TResult](Func`4 operation, Func`4 verifySucceeded, TState state, CancellationToken cancellationToken)
   at Microsoft.EntityFrameworkCore.Storage.ExecutionStrategy.ExecuteAsync[TState,TResult](TState state, Func`4 operation, Func`4 verifySucceeded, CancellationToken cancellationToken)
   at Microsoft.EntityFrameworkCore.Query.Internal.SingleQueryingEnumerable`1.AsyncEnumerator.MoveNextAsync()
Microsoft.EntityFrameworkCore.Storage.RetryLimitExceededException: The maximum number of retries (5) was exceeded while executing database operations with 'SqlServerRetryingExecutionStrategy'. See the inner exception for the most recent failure.
 ---> Microsoft.Data.SqlClient.SqlException (0x80131904): Cannot open database "BookDb" requested by the login. The login failed.
Login failed for user 'sa'.
   at Microsoft.Data.SqlClient.SqlInternalConnection.OnError(SqlException exception, Boolean breakConnection, Action`1 wrapCloseInAction)
   at Microsoft.Data.SqlClient.TdsParser.ThrowExceptionAndWarning(TdsParserStateObject stateObj, Boolean callerHasConnectionLock, Boolean asyncClose)
   at Microsoft.Data.SqlClient.TdsParser.TryRun(RunBehavior runBehavior, SqlCommand cmdHandler, SqlDataReader dataStream, BulkCopySimpleResultSet bulkCopyHandler, TdsParserStateObject stateObj, Boolean& dataReady)
   at Microsoft.Data.SqlClient.TdsParser.Run(RunBehavior runBehavior, SqlCommand cmdHandler, SqlDataReader dataStream, BulkCopySimpleResultSet bulkCopyHandler, TdsParserStateObject stateObj)
   at Microsoft.Data.SqlClient.SqlInternalConnectionTds.CompleteLogin(Boolean enlistOK)
   at Microsoft.Data.SqlClient.SqlInternalConnectionTds.AttemptOneLogin(ServerInfo serverInfo, String newPassword, SecureString newSecurePassword, Boolean ignoreSniOpenTimeout, TimeoutTimer timeout, Boolean withFailover)
   at Microsoft.Data.SqlClient.SqlInternalConnectionTds.LoginNoFailover(ServerInfo serverInfo, String newPassword, SecureString newSecurePassword, Boolean redirectedUserInstance, SqlConnectionString connectionOptions, SqlCredential credential, TimeoutTimer timeout)
   at Microsoft.Data.SqlClient.SqlInternalConnectionTds.OpenLoginEnlist(TimeoutTimer timeout, SqlConnectionString connectionOptions, SqlCredential credential, String newPassword, SecureString newSecurePassword, Boolean redirectedUserInstance)
   at Microsoft.Data.SqlClient.SqlInternalConnectionTds..ctor(DbConnectionPoolIdentity identity, SqlConnectionString connectionOptions, SqlCredential credential, Object providerInfo, String newPassword, SecureString newSecurePassword, Boolean redirectedUserInstance, SqlConnectionString userConnectionOptions, SessionData reconnectSessionData, Boolean applyTransientFaultHandling, String accessToken, DbConnectionPool pool)
   at Microsoft.Data.SqlClient.SqlConnectionFactory.CreateConnection(DbConnectionOptions options, DbConnectionPoolKey poolKey, Object poolGroupProviderInfo, DbConnectionPool pool, DbConnection owningConnection, DbConnectionOptions userOptions)
   at Microsoft.Data.ProviderBase.DbConnectionFactory.CreatePooledConnection(DbConnectionPool pool, DbConnection owningObject, DbConnectionOptions options, DbConnectionPoolKey poolKey, DbConnectionOptions userOptions)
   at Microsoft.Data.ProviderBase.DbConnectionPool.CreateObject(DbConnection owningObject, DbConnectionOptions userOptions, DbConnectionInternal oldConnection)
   at Microsoft.Data.ProviderBase.DbConnectionPool.UserCreateRequest(DbConnection owningObject, DbConnectionOptions userOptions, DbConnectionInternal oldConnection)
   at Microsoft.Data.ProviderBase.DbConnectionPool.TryGetConnection(DbConnection owningObject, UInt32 waitForMultipleObjectsTimeout, Boolean allowCreate, Boolean onlyOneCheckConnection, DbConnectionOptions userOptions, DbConnectionInternal& connection)
   at Microsoft.Data.ProviderBase.DbConnectionPool.WaitForPendingOpen()
--- End of stack trace from previous location ---
   at Microsoft.EntityFrameworkCore.Storage.RelationalConnection.OpenInternalAsync(Boolean errorsExpected, CancellationToken cancellationToken)
   at Microsoft.EntityFrameworkCore.Storage.RelationalConnection.OpenInternalAsync(Boolean errorsExpected, CancellationToken cancellationToken)
   at Microsoft.EntityFrameworkCore.Storage.RelationalConnection.OpenAsync(CancellationToken cancellationToken, Boolean errorsExpected)
   at Microsoft.EntityFrameworkCore.Storage.RelationalCommand.ExecuteReaderAsync(RelationalCommandParameterObject parameterObject, CancellationToken cancellationToken)
   at Microsoft.EntityFrameworkCore.Query.Internal.SingleQueryingEnumerable`1.AsyncEnumerator.InitializeReaderAsync(AsyncEnumerator enumerator, CancellationToken cancellationToken)
   at Microsoft.EntityFrameworkCore.Storage.ExecutionStrategy.<>c__DisplayClass30_0`2.<<ExecuteAsync>b__0>d.MoveNext()
--- End of stack trace from previous location ---
   at Microsoft.EntityFrameworkCore.Storage.ExecutionStrategy.ExecuteImplementationAsync[TState,TResult](Func`4 operation, Func`4 verifySucceeded, TState state, CancellationToken cancellationToken)
ClientConnectionId:9554beb9-f7cf-4858-8960-d00ddd9f1e48
Error Number:4060,State:1,Class:11
   --- End of inner exception stack trace ---
   at Microsoft.EntityFrameworkCore.Storage.ExecutionStrategy.ExecuteImplementationAsync[TState,TResult](Func`4 operation, Func`4 verifySucceeded, TState state, CancellationToken cancellationToken)
   at Microsoft.EntityFrameworkCore.Storage.ExecutionStrategy.ExecuteAsync[TState,TResult](TState state, Func`4 operation, Func`4 verifySucceeded, CancellationToken cancellationToken)
   at Microsoft.EntityFrameworkCore.Query.Internal.SingleQueryingEnumerable`1.AsyncEnumerator.MoveNextAsync()
2026-06-04 07:10:31 [ERR] HTTP POST /api/auth/patient/login responded 500 in 22712.0367 ms
Microsoft.EntityFrameworkCore.Storage.RetryLimitExceededException: The maximum number of retries (5) was exceeded while executing database operations with 'SqlServerRetryingExecutionStrategy'. See the inner exception for the most recent failure.
 ---> Microsoft.Data.SqlClient.SqlException (0x80131904): Cannot open database "BookDb" requested by the login. The login failed.
Login failed for user 'sa'.
   at Microsoft.Data.SqlClient.SqlInternalConnection.OnError(SqlException exception, Boolean breakConnection, Action`1 wrapCloseInAction)
   at Microsoft.Data.SqlClient.TdsParser.ThrowExceptionAndWarning(TdsParserStateObject stateObj, Boolean callerHasConnectionLock, Boolean asyncClose)
   at Microsoft.Data.SqlClient.TdsParser.TryRun(RunBehavior runBehavior, SqlCommand cmdHandler, SqlDataReader dataStream, BulkCopySimpleResultSet bulkCopyHandler, TdsParserStateObject stateObj, Boolean& dataReady)
   at Microsoft.Data.SqlClient.TdsParser.Run(RunBehavior runBehavior, SqlCommand cmdHandler, SqlDataReader dataStream, BulkCopySimpleResultSet bulkCopyHandler, TdsParserStateObject stateObj)
   at Microsoft.Data.SqlClient.SqlInternalConnectionTds.CompleteLogin(Boolean enlistOK)
   at Microsoft.Data.SqlClient.SqlInternalConnectionTds.AttemptOneLogin(ServerInfo serverInfo, String newPassword, SecureString newSecurePassword, Boolean ignoreSniOpenTimeout, TimeoutTimer timeout, Boolean withFailover)
   at Microsoft.Data.SqlClient.SqlInternalConnectionTds.LoginNoFailover(ServerInfo serverInfo, String newPassword, SecureString newSecurePassword, Boolean redirectedUserInstance, SqlConnectionString connectionOptions, SqlCredential credential, TimeoutTimer timeout)
   at Microsoft.Data.SqlClient.SqlInternalConnectionTds.OpenLoginEnlist(TimeoutTimer timeout, SqlConnectionString connectionOptions, SqlCredential credential, String newPassword, SecureString newSecurePassword, Boolean redirectedUserInstance)
   at Microsoft.Data.SqlClient.SqlInternalConnectionTds..ctor(DbConnectionPoolIdentity identity, SqlConnectionString connectionOptions, SqlCredential credential, Object providerInfo, String newPassword, SecureString newSecurePassword, Boolean redirectedUserInstance, SqlConnectionString userConnectionOptions, SessionData reconnectSessionData, Boolean applyTransientFaultHandling, String accessToken, DbConnectionPool pool)
   at Microsoft.Data.SqlClient.SqlConnectionFactory.CreateConnection(DbConnectionOptions options, DbConnectionPoolKey poolKey, Object poolGroupProviderInfo, DbConnectionPool pool, DbConnection owningConnection, DbConnectionOptions userOptions)
   at Microsoft.Data.ProviderBase.DbConnectionFactory.CreatePooledConnection(DbConnectionPool pool, DbConnection owningObject, DbConnectionOptions options, DbConnectionPoolKey poolKey, DbConnectionOptions userOptions)
   at Microsoft.Data.ProviderBase.DbConnectionPool.CreateObject(DbConnection owningObject, DbConnectionOptions userOptions, DbConnectionInternal oldConnection)
   at Microsoft.Data.ProviderBase.DbConnectionPool.UserCreateRequest(DbConnection owningObject, DbConnectionOptions userOptions, DbConnectionInternal oldConnection)
   at Microsoft.Data.ProviderBase.DbConnectionPool.TryGetConnection(DbConnection owningObject, UInt32 waitForMultipleObjectsTimeout, Boolean allowCreate, Boolean onlyOneCheckConnection, DbConnectionOptions userOptions, DbConnectionInternal& connection)
   at Microsoft.Data.ProviderBase.DbConnectionPool.WaitForPendingOpen()
--- End of stack trace from previous location ---
   at Microsoft.EntityFrameworkCore.Storage.RelationalConnection.OpenInternalAsync(Boolean errorsExpected, CancellationToken cancellationToken)
   at Microsoft.EntityFrameworkCore.Storage.RelationalConnection.OpenInternalAsync(Boolean errorsExpected, CancellationToken cancellationToken)
   at Microsoft.EntityFrameworkCore.Storage.RelationalConnection.OpenAsync(CancellationToken cancellationToken, Boolean errorsExpected)
   at Microsoft.EntityFrameworkCore.Storage.RelationalCommand.ExecuteReaderAsync(RelationalCommandParameterObject parameterObject, CancellationToken cancellationToken)
   at Microsoft.EntityFrameworkCore.Query.Internal.SingleQueryingEnumerable`1.AsyncEnumerator.InitializeReaderAsync(AsyncEnumerator enumerator, CancellationToken cancellationToken)
   at Microsoft.EntityFrameworkCore.Storage.ExecutionStrategy.<>c__DisplayClass30_0`2.<<ExecuteAsync>b__0>d.MoveNext()
--- End of stack trace from previous location ---
   at Microsoft.EntityFrameworkCore.Storage.ExecutionStrategy.ExecuteImplementationAsync[TState,TResult](Func`4 operation, Func`4 verifySucceeded, TState state, CancellationToken cancellationToken)
ClientConnectionId:9554beb9-f7cf-4858-8960-d00ddd9f1e48
Error Number:4060,State:1,Class:11
   --- End of inner exception stack trace ---
   at Microsoft.EntityFrameworkCore.Storage.ExecutionStrategy.ExecuteImplementationAsync[TState,TResult](Func`4 operation, Func`4 verifySucceeded, TState state, CancellationToken cancellationToken)
   at Microsoft.EntityFrameworkCore.Storage.ExecutionStrategy.ExecuteAsync[TState,TResult](TState state, Func`4 operation, Func`4 verifySucceeded, CancellationToken cancellationToken)
   at Microsoft.EntityFrameworkCore.Query.Internal.SingleQueryingEnumerable`1.AsyncEnumerator.MoveNextAsync()
   at Microsoft.EntityFrameworkCore.Query.ShapedQueryCompilingExpressionVisitor.SingleOrDefaultAsync[TSource](IAsyncEnumerable`1 asyncEnumerable, CancellationToken cancellationToken)
   at Microsoft.EntityFrameworkCore.Query.ShapedQueryCompilingExpressionVisitor.SingleOrDefaultAsync[TSource](IAsyncEnumerable`1 asyncEnumerable, CancellationToken cancellationToken)
   at BookingSystem.Repositories.Implementations.PatientRepository.GetByEmailAsync(String email, CancellationToken ct) in /Users/brian/RiderProjects/BookingSystem/BookingSystem/Repositories/Implementations/PatientRepository.cs:line 13
   at BookingSystem.Services.Implementations.AuthService.PatientLoginAsync(DefaultLoginRequest request, CancellationToken ct) in /Users/brian/RiderProjects/BookingSystem/BookingSystem/Services/Implementations/AuthService.cs:line 26
   at BookingSystem.Controllers.AuthController.PatientLogin(DefaultLoginRequest request, CancellationToken ct) in /Users/brian/RiderProjects/BookingSystem/BookingSystem/Controllers/AuthController.cs:line 20
   at Microsoft.AspNetCore.Mvc.Infrastructure.ActionMethodExecutor.TaskOfIActionResultExecutor.Execute(ActionContext actionContext, IActionResultTypeMapper mapper, ObjectMethodExecutor executor, Object controller, Object[] arguments)
   at Microsoft.AspNetCore.Mvc.Infrastructure.ControllerActionInvoker.<InvokeActionMethodAsync>g__Logged|12_1(ControllerActionInvoker invoker)
   at Microsoft.AspNetCore.Mvc.Infrastructure.ControllerActionInvoker.<InvokeNextActionFilterAsync>g__Awaited|10_0(ControllerActionInvoker invoker, Task lastTask, State next, Scope scope, Object state, Boolean isCompleted)
   at Microsoft.AspNetCore.Mvc.Infrastructure.ControllerActionInvoker.Rethrow(ActionExecutedContextSealed context)
   at Microsoft.AspNetCore.Mvc.Infrastructure.ControllerActionInvoker.Next(State& next, Scope& scope, Object& state, Boolean& isCompleted)
   at Microsoft.AspNetCore.Mvc.Infrastructure.ControllerActionInvoker.<InvokeInnerFilterAsync>g__Awaited|13_0(ControllerActionInvoker invoker, Task lastTask, State next, Scope scope, Object state, Boolean isCompleted)
   at Microsoft.AspNetCore.Mvc.Infrastructure.ResourceInvoker.<InvokeFilterPipelineAsync>g__Awaited|20_0(ResourceInvoker invoker, Task lastTask, State next, Scope scope, Object state, Boolean isCompleted)
   at Microsoft.AspNetCore.Mvc.Infrastructure.ResourceInvoker.<InvokeAsync>g__Logged|17_1(ResourceInvoker invoker)
   at Microsoft.AspNetCore.Mvc.Infrastructure.ResourceInvoker.<InvokeAsync>g__Logged|17_1(ResourceInvoker invoker)
   at Microsoft.AspNetCore.Authorization.AuthorizationMiddleware.Invoke(HttpContext context)
   at Microsoft.AspNetCore.Authentication.AuthenticationMiddleware.Invoke(HttpContext context)
   at Swashbuckle.AspNetCore.SwaggerUI.SwaggerUIMiddleware.Invoke(HttpContext httpContext)
   at Swashbuckle.AspNetCore.Swagger.SwaggerMiddleware.Invoke(HttpContext httpContext, ISwaggerProvider swaggerProvider)
   at Microsoft.AspNetCore.RateLimiting.RateLimitingMiddleware.InvokeInternal(HttpContext context, EnableRateLimitingAttribute enableRateLimitingAttribute)
   at Serilog.AspNetCore.RequestLoggingMiddleware.Invoke(HttpContext httpContext)
2026-06-04 07:10:31 [ERR] Unhandled exception: The maximum number of retries (5) was exceeded while executing database operations with 'SqlServerRetryingExecutionStrategy'. See the inner exception for the most recent failure.
Microsoft.EntityFrameworkCore.Storage.RetryLimitExceededException: The maximum number of retries (5) was exceeded while executing database operations with 'SqlServerRetryingExecutionStrategy'. See the inner exception for the most recent failure.
 ---> Microsoft.Data.SqlClient.SqlException (0x80131904): Cannot open database "BookDb" requested by the login. The login failed.
Login failed for user 'sa'.
   at Microsoft.Data.SqlClient.SqlInternalConnection.OnError(SqlException exception, Boolean breakConnection, Action`1 wrapCloseInAction)
   at Microsoft.Data.SqlClient.TdsParser.ThrowExceptionAndWarning(TdsParserStateObject stateObj, Boolean callerHasConnectionLock, Boolean asyncClose)
   at Microsoft.Data.SqlClient.TdsParser.TryRun(RunBehavior runBehavior, SqlCommand cmdHandler, SqlDataReader dataStream, BulkCopySimpleResultSet bulkCopyHandler, TdsParserStateObject stateObj, Boolean& dataReady)
   at Microsoft.Data.SqlClient.TdsParser.Run(RunBehavior runBehavior, SqlCommand cmdHandler, SqlDataReader dataStream, BulkCopySimpleResultSet bulkCopyHandler, TdsParserStateObject stateObj)
   at Microsoft.Data.SqlClient.SqlInternalConnectionTds.CompleteLogin(Boolean enlistOK)
   at Microsoft.Data.SqlClient.SqlInternalConnectionTds.AttemptOneLogin(ServerInfo serverInfo, String newPassword, SecureString newSecurePassword, Boolean ignoreSniOpenTimeout, TimeoutTimer timeout, Boolean withFailover)
   at Microsoft.Data.SqlClient.SqlInternalConnectionTds.LoginNoFailover(ServerInfo serverInfo, String newPassword, SecureString newSecurePassword, Boolean redirectedUserInstance, SqlConnectionString connectionOptions, SqlCredential credential, TimeoutTimer timeout)
   at Microsoft.Data.SqlClient.SqlInternalConnectionTds.OpenLoginEnlist(TimeoutTimer timeout, SqlConnectionString connectionOptions, SqlCredential credential, String newPassword, SecureString newSecurePassword, Boolean redirectedUserInstance)
   at Microsoft.Data.SqlClient.SqlInternalConnectionTds..ctor(DbConnectionPoolIdentity identity, SqlConnectionString connectionOptions, SqlCredential credential, Object providerInfo, String newPassword, SecureString newSecurePassword, Boolean redirectedUserInstance, SqlConnectionString userConnectionOptions, SessionData reconnectSessionData, Boolean applyTransientFaultHandling, String accessToken, DbConnectionPool pool)
   at Microsoft.Data.SqlClient.SqlConnectionFactory.CreateConnection(DbConnectionOptions options, DbConnectionPoolKey poolKey, Object poolGroupProviderInfo, DbConnectionPool pool, DbConnection owningConnection, DbConnectionOptions userOptions)
   at Microsoft.Data.ProviderBase.DbConnectionFactory.CreatePooledConnection(DbConnectionPool pool, DbConnection owningObject, DbConnectionOptions options, DbConnectionPoolKey poolKey, DbConnectionOptions userOptions)
   at Microsoft.Data.ProviderBase.DbConnectionPool.CreateObject(DbConnection owningObject, DbConnectionOptions userOptions, DbConnectionInternal oldConnection)
   at Microsoft.Data.ProviderBase.DbConnectionPool.UserCreateRequest(DbConnection owningObject, DbConnectionOptions userOptions, DbConnectionInternal oldConnection)
   at Microsoft.Data.ProviderBase.DbConnectionPool.TryGetConnection(DbConnection owningObject, UInt32 waitForMultipleObjectsTimeout, Boolean allowCreate, Boolean onlyOneCheckConnection, DbConnectionOptions userOptions, DbConnectionInternal& connection)
   at Microsoft.Data.ProviderBase.DbConnectionPool.WaitForPendingOpen()
--- End of stack trace from previous location ---
   at Microsoft.EntityFrameworkCore.Storage.RelationalConnection.OpenInternalAsync(Boolean errorsExpected, CancellationToken cancellationToken)
   at Microsoft.EntityFrameworkCore.Storage.RelationalConnection.OpenInternalAsync(Boolean errorsExpected, CancellationToken cancellationToken)
   at Microsoft.EntityFrameworkCore.Storage.RelationalConnection.OpenAsync(CancellationToken cancellationToken, Boolean errorsExpected)
   at Microsoft.EntityFrameworkCore.Storage.RelationalCommand.ExecuteReaderAsync(RelationalCommandParameterObject parameterObject, CancellationToken cancellationToken)
   at Microsoft.EntityFrameworkCore.Query.Internal.SingleQueryingEnumerable`1.AsyncEnumerator.InitializeReaderAsync(AsyncEnumerator enumerator, CancellationToken cancellationToken)
   at Microsoft.EntityFrameworkCore.Storage.ExecutionStrategy.<>c__DisplayClass30_0`2.<<ExecuteAsync>b__0>d.MoveNext()
--- End of stack trace from previous location ---
   at Microsoft.EntityFrameworkCore.Storage.ExecutionStrategy.ExecuteImplementationAsync[TState,TResult](Func`4 operation, Func`4 verifySucceeded, TState state, CancellationToken cancellationToken)
ClientConnectionId:9554beb9-f7cf-4858-8960-d00ddd9f1e48
Error Number:4060,State:1,Class:11
   --- End of inner exception stack trace ---
   at Microsoft.EntityFrameworkCore.Storage.ExecutionStrategy.ExecuteImplementationAsync[TState,TResult](Func`4 operation, Func`4 verifySucceeded, TState state, CancellationToken cancellationToken)
   at Microsoft.EntityFrameworkCore.Storage.ExecutionStrategy.ExecuteAsync[TState,TResult](TState state, Func`4 operation, Func`4 verifySucceeded, CancellationToken cancellationToken)
   at Microsoft.EntityFrameworkCore.Query.Internal.SingleQueryingEnumerable`1.AsyncEnumerator.MoveNextAsync()
   at Microsoft.EntityFrameworkCore.Query.ShapedQueryCompilingExpressionVisitor.SingleOrDefaultAsync[TSource](IAsyncEnumerable`1 asyncEnumerable, CancellationToken cancellationToken)
   at Microsoft.EntityFrameworkCore.Query.ShapedQueryCompilingExpressionVisitor.SingleOrDefaultAsync[TSource](IAsyncEnumerable`1 asyncEnumerable, CancellationToken cancellationToken)
   at BookingSystem.Repositories.Implementations.PatientRepository.GetByEmailAsync(String email, CancellationToken ct) in /Users/brian/RiderProjects/BookingSystem/BookingSystem/Repositories/Implementations/PatientRepository.cs:line 13
   at BookingSystem.Services.Implementations.AuthService.PatientLoginAsync(DefaultLoginRequest request, CancellationToken ct) in /Users/brian/RiderProjects/BookingSystem/BookingSystem/Services/Implementations/AuthService.cs:line 26
   at BookingSystem.Controllers.AuthController.PatientLogin(DefaultLoginRequest request, CancellationToken ct) in /Users/brian/RiderProjects/BookingSystem/BookingSystem/Controllers/AuthController.cs:line 20
   at Microsoft.AspNetCore.Mvc.Infrastructure.ActionMethodExecutor.TaskOfIActionResultExecutor.Execute(ActionContext actionContext, IActionResultTypeMapper mapper, ObjectMethodExecutor executor, Object controller, Object[] arguments)
   at Microsoft.AspNetCore.Mvc.Infrastructure.ControllerActionInvoker.<InvokeActionMethodAsync>g__Logged|12_1(ControllerActionInvoker invoker)
   at Microsoft.AspNetCore.Mvc.Infrastructure.ControllerActionInvoker.<InvokeNextActionFilterAsync>g__Awaited|10_0(ControllerActionInvoker invoker, Task lastTask, State next, Scope scope, Object state, Boolean isCompleted)
   at Microsoft.AspNetCore.Mvc.Infrastructure.ControllerActionInvoker.Rethrow(ActionExecutedContextSealed context)
   at Microsoft.AspNetCore.Mvc.Infrastructure.ControllerActionInvoker.Next(State& next, Scope& scope, Object& state, Boolean& isCompleted)
   at Microsoft.AspNetCore.Mvc.Infrastructure.ControllerActionInvoker.<InvokeInnerFilterAsync>g__Awaited|13_0(ControllerActionInvoker invoker, Task lastTask, State next, Scope scope, Object state, Boolean isCompleted)
   at Microsoft.AspNetCore.Mvc.Infrastructure.ResourceInvoker.<InvokeFilterPipelineAsync>g__Awaited|20_0(ResourceInvoker invoker, Task lastTask, State next, Scope scope, Object state, Boolean isCompleted)
   at Microsoft.AspNetCore.Mvc.Infrastructure.ResourceInvoker.<InvokeAsync>g__Logged|17_1(ResourceInvoker invoker)
   at Microsoft.AspNetCore.Mvc.Infrastructure.ResourceInvoker.<InvokeAsync>g__Logged|17_1(ResourceInvoker invoker)
   at Microsoft.AspNetCore.Authorization.AuthorizationMiddleware.Invoke(HttpContext context)
   at Microsoft.AspNetCore.Authentication.AuthenticationMiddleware.Invoke(HttpContext context)
   at Swashbuckle.AspNetCore.SwaggerUI.SwaggerUIMiddleware.Invoke(HttpContext httpContext)
   at Swashbuckle.AspNetCore.Swagger.SwaggerMiddleware.Invoke(HttpContext httpContext, ISwaggerProvider swaggerProvider)
   at Microsoft.AspNetCore.RateLimiting.RateLimitingMiddleware.InvokeInternal(HttpContext context, EnableRateLimitingAttribute enableRateLimitingAttribute)
   at Serilog.AspNetCore.RequestLoggingMiddleware.Invoke(HttpContext httpContext)
   at BookingSystem.Middleware.ErrorHandlerMiddleware.InvokeAsync(HttpContext context) in /Users/brian/RiderProjects/BookingSystem/BookingSystem/Middleware/ErrorHandlerMiddleware.cs:line 20
2026-06-04 07:11:34 [INF] Application is shutting down...
2026-06-04 07:11:35 [INF] Now listening on: http://localhost:5000
2026-06-04 07:11:36 [INF] Application started. Press Ctrl+C to shut down.
2026-06-04 07:11:36 [INF] Hosting environment: Development
2026-06-04 07:11:36 [INF] Content root path: /Users/brian/RiderProjects/BookingSystem/BookingSystem
2026-06-04 07:21:54 [ERR] HTTP POST /api/auth/patient/login responded 500 in 1091.0946 ms
System.UnauthorizedAccessException: Invalid password.
   at BookingSystem.Services.Implementations.AuthService.PatientLoginAsync(DefaultLoginRequest request, CancellationToken ct) in /Users/brian/RiderProjects/BookingSystem/BookingSystem/Services/Implementations/AuthService.cs:line 33
   at BookingSystem.Controllers.AuthController.PatientLogin(DefaultLoginRequest request, CancellationToken ct) in /Users/brian/RiderProjects/BookingSystem/BookingSystem/Controllers/AuthController.cs:line 20
   at Microsoft.AspNetCore.Mvc.Infrastructure.ActionMethodExecutor.TaskOfIActionResultExecutor.Execute(ActionContext actionContext, IActionResultTypeMapper mapper, ObjectMethodExecutor executor, Object controller, Object[] arguments)
   at Microsoft.AspNetCore.Mvc.Infrastructure.ControllerActionInvoker.<InvokeActionMethodAsync>g__Logged|12_1(ControllerActionInvoker invoker)
   at Microsoft.AspNetCore.Mvc.Infrastructure.ControllerActionInvoker.<InvokeNextActionFilterAsync>g__Awaited|10_0(ControllerActionInvoker invoker, Task lastTask, State next, Scope scope, Object state, Boolean isCompleted)
   at Microsoft.AspNetCore.Mvc.Infrastructure.ControllerActionInvoker.Rethrow(ActionExecutedContextSealed context)
   at Microsoft.AspNetCore.Mvc.Infrastructure.ControllerActionInvoker.Next(State& next, Scope& scope, Object& state, Boolean& isCompleted)
   at Microsoft.AspNetCore.Mvc.Infrastructure.ControllerActionInvoker.<InvokeInnerFilterAsync>g__Awaited|13_0(ControllerActionInvoker invoker, Task lastTask, State next, Scope scope, Object state, Boolean isCompleted)
   at Microsoft.AspNetCore.Mvc.Infrastructure.ResourceInvoker.<InvokeFilterPipelineAsync>g__Awaited|20_0(ResourceInvoker invoker, Task lastTask, State next, Scope scope, Object state, Boolean isCompleted)
   at Microsoft.AspNetCore.Mvc.Infrastructure.ResourceInvoker.<InvokeAsync>g__Logged|17_1(ResourceInvoker invoker)
   at Microsoft.AspNetCore.Mvc.Infrastructure.ResourceInvoker.<InvokeAsync>g__Logged|17_1(ResourceInvoker invoker)
   at Microsoft.AspNetCore.Authorization.AuthorizationMiddleware.Invoke(HttpContext context)
   at Microsoft.AspNetCore.Authentication.AuthenticationMiddleware.Invoke(HttpContext context)
   at Swashbuckle.AspNetCore.SwaggerUI.SwaggerUIMiddleware.Invoke(HttpContext httpContext)
   at Swashbuckle.AspNetCore.Swagger.SwaggerMiddleware.Invoke(HttpContext httpContext, ISwaggerProvider swaggerProvider)
   at Microsoft.AspNetCore.RateLimiting.RateLimitingMiddleware.InvokeInternal(HttpContext context, EnableRateLimitingAttribute enableRateLimitingAttribute)
   at Serilog.AspNetCore.RequestLoggingMiddleware.Invoke(HttpContext httpContext)
2026-06-04 07:21:54 [ERR] Unhandled exception: Invalid password.
System.UnauthorizedAccessException: Invalid password.
   at BookingSystem.Services.Implementations.AuthService.PatientLoginAsync(DefaultLoginRequest request, CancellationToken ct) in /Users/brian/RiderProjects/BookingSystem/BookingSystem/Services/Implementations/AuthService.cs:line 33
   at BookingSystem.Controllers.AuthController.PatientLogin(DefaultLoginRequest request, CancellationToken ct) in /Users/brian/RiderProjects/BookingSystem/BookingSystem/Controllers/AuthController.cs:line 20
   at Microsoft.AspNetCore.Mvc.Infrastructure.ActionMethodExecutor.TaskOfIActionResultExecutor.Execute(ActionContext actionContext, IActionResultTypeMapper mapper, ObjectMethodExecutor executor, Object controller, Object[] arguments)
   at Microsoft.AspNetCore.Mvc.Infrastructure.ControllerActionInvoker.<InvokeActionMethodAsync>g__Logged|12_1(ControllerActionInvoker invoker)
   at Microsoft.AspNetCore.Mvc.Infrastructure.ControllerActionInvoker.<InvokeNextActionFilterAsync>g__Awaited|10_0(ControllerActionInvoker invoker, Task lastTask, State next, Scope scope, Object state, Boolean isCompleted)
   at Microsoft.AspNetCore.Mvc.Infrastructure.ControllerActionInvoker.Rethrow(ActionExecutedContextSealed context)
   at Microsoft.AspNetCore.Mvc.Infrastructure.ControllerActionInvoker.Next(State& next, Scope& scope, Object& state, Boolean& isCompleted)
   at Microsoft.AspNetCore.Mvc.Infrastructure.ControllerActionInvoker.<InvokeInnerFilterAsync>g__Awaited|13_0(ControllerActionInvoker invoker, Task lastTask, State next, Scope scope, Object state, Boolean isCompleted)
   at Microsoft.AspNetCore.Mvc.Infrastructure.ResourceInvoker.<InvokeFilterPipelineAsync>g__Awaited|20_0(ResourceInvoker invoker, Task lastTask, State next, Scope scope, Object state, Boolean isCompleted)
   at Microsoft.AspNetCore.Mvc.Infrastructure.ResourceInvoker.<InvokeAsync>g__Logged|17_1(ResourceInvoker invoker)
   at Microsoft.AspNetCore.Mvc.Infrastructure.ResourceInvoker.<InvokeAsync>g__Logged|17_1(ResourceInvoker invoker)
   at Microsoft.AspNetCore.Authorization.AuthorizationMiddleware.Invoke(HttpContext context)
   at Microsoft.AspNetCore.Authentication.AuthenticationMiddleware.Invoke(HttpContext context)
   at Swashbuckle.AspNetCore.SwaggerUI.SwaggerUIMiddleware.Invoke(HttpContext httpContext)
   at Swashbuckle.AspNetCore.Swagger.SwaggerMiddleware.Invoke(HttpContext httpContext, ISwaggerProvider swaggerProvider)
   at Microsoft.AspNetCore.RateLimiting.RateLimitingMiddleware.InvokeInternal(HttpContext context, EnableRateLimitingAttribute enableRateLimitingAttribute)
   at Serilog.AspNetCore.RequestLoggingMiddleware.Invoke(HttpContext httpContext)
   at BookingSystem.Middleware.ErrorHandlerMiddleware.InvokeAsync(HttpContext context) in /Users/brian/RiderProjects/BookingSystem/BookingSystem/Middleware/ErrorHandlerMiddleware.cs:line 20
2026-06-04 07:22:00 [INF] HTTP POST /api/auth/patient/login responded 200 in 366.5662 ms
2026-06-04 07:22:01 [INF] HTTP GET /api/patient/profile responded 200 in 62.7021 ms
2026-06-04 07:22:01 [INF] HTTP GET /api/notifications responded 200 in 79.3683 ms
2026-06-04 07:22:01 [INF] HTTP GET /api/patient/appointments responded 200 in 152.1613 ms
2026-06-04 07:22:03 [INF] HTTP GET /api/patient/appointments/4bac433e-f36b-1410-8cf3-005878cb5c2f responded 200 in 90.6161 ms
2026-06-04 07:22:03 [INF] HTTP GET /api/patient/doctors/bfab433e-f36b-1410-8cf3-005878cb5c2f/schedules responded 200 in 16.4498 ms
2026-06-04 07:22:16 [INF] HTTP GET /api/patient/profile responded 200 in 6.6004 ms
2026-06-04 07:22:16 [INF] HTTP GET /api/notifications responded 200 in 9.6884 ms
2026-06-04 07:22:20 [INF] HTTP PUT /api/notifications/read-all responded 200 in 51.8002 ms
2026-06-04 07:22:20 [INF] HTTP GET /api/notifications responded 200 in 4.9840 ms
2026-06-04 07:22:22 [INF] HTTP DELETE /api/notifications/f9ac433e-f36b-1410-8cf3-005878cb5c2f responded 200 in 63.6687 ms
2026-06-04 07:22:22 [INF] HTTP GET /api/notifications responded 200 in 3.2061 ms
2026-06-04 07:22:24 [INF] HTTP DELETE /api/notifications/read responded 200 in 36.1658 ms
2026-06-04 07:22:24 [INF] HTTP GET /api/notifications responded 200 in 2.9580 ms
2026-06-04 07:22:30 [INF] HTTP GET /api/notifications responded 200 in 7.5355 ms
2026-06-04 07:22:48 [INF] HTTP GET /api/notifications responded 200 in 11.9040 ms
2026-06-04 07:23:01 [INF] HTTP GET /api/notifications responded 200 in 8.5904 ms
2026-06-04 07:23:18 [INF] HTTP GET /api/notifications responded 200 in 19.7429 ms
2026-06-04 07:23:31 [INF] HTTP GET /api/notifications responded 200 in 8.9512 ms
2026-06-04 07:24:08 [INF] Application is shutting down...
